prefecture	name	category	url
北海道	FM.W	札幌市の祭り	https://ja.wikipedia.org/wiki/FM.W
北海道	OTO TO TABI	札幌市の祭り	https://ja.wikipedia.org/wiki/OTO_TO_TABI
北海道	SAPPORO CITY JAZZ	札幌市の祭り	https://ja.wikipedia.org/wiki/SAPPORO_CITY_JAZZ
北海道	YOSAKOIソーラン祭り	札幌市の祭り	https://ja.wikipedia.org/wiki/YOSAKOI%E3%82%BD%E3%83%BC%E3%83%A9%E3%83%B3%E7%A5%AD%E3%82%8A
北海道	いか踊り	北海道の祭り	https://ja.wikipedia.org/wiki/%E3%81%84%E3%81%8B%E8%B8%8A%E3%82%8A
北海道	いわみざわ公園花火大会	北海道の花火大会	https://ja.wikipedia.org/wiki/%E3%81%84%E3%82%8F%E3%81%BF%E3%81%96%E3%82%8F%E5%85%AC%E5%9C%92%E8%8A%B1%E7%81%AB%E5%A4%A7%E4%BC%9A
北海道	いわみざわ彩花まつり	北海道の祭り	https://ja.wikipedia.org/wiki/%E3%81%84%E3%82%8F%E3%81%BF%E3%81%96%E3%82%8F%E5%BD%A9%E8%8A%B1%E3%81%BE%E3%81%A4%E3%82%8A
北海道	おたる潮まつり	北海道の祭り	https://ja.wikipedia.org/wiki/%E3%81%8A%E3%81%9F%E3%82%8B%E6%BD%AE%E3%81%BE%E3%81%A4%E3%82%8A
北海道	きたむら田舎フェスティバル	北海道の祭り	https://ja.wikipedia.org/wiki/%E3%81%8D%E3%81%9F%E3%82%80%E3%82%89%E7%94%B0%E8%88%8E%E3%83%95%E3%82%A7%E3%82%B9%E3%83%86%E3%82%A3%E3%83%90%E3%83%AB
北海道	きのこの里フェスティバル	北海道の祭り	https://ja.wikipedia.org/wiki/%E3%81%8D%E3%81%AE%E3%81%93%E3%81%AE%E9%87%8C%E3%83%95%E3%82%A7%E3%82%B9%E3%83%86%E3%82%A3%E3%83%90%E3%83%AB
北海道	くしろチューリップ&花フェア	北海道の祭り	https://ja.wikipedia.org/wiki/%E3%81%8F%E3%81%97%E3%82%8D%E3%83%81%E3%83%A5%E3%83%BC%E3%83%AA%E3%83%83%E3%83%97%26%E8%8A%B1%E3%83%95%E3%82%A7%E3%82%A2
北海道	くしろ市民北海盆踊り	北海道の祭り	https://ja.wikipedia.org/wiki/%E3%81%8F%E3%81%97%E3%82%8D%E5%B8%82%E6%B0%91%E5%8C%97%E6%B5%B7%E7%9B%86%E8%B8%8A%E3%82%8A
北海道	くしろ氷まつり	北海道の祭り	https://ja.wikipedia.org/wiki/%E3%81%8F%E3%81%97%E3%82%8D%E6%B0%B7%E3%81%BE%E3%81%A4%E3%82%8A
北海道	くしろ港まつり	北海道の祭り	https://ja.wikipedia.org/wiki/%E3%81%8F%E3%81%97%E3%82%8D%E6%B8%AF%E3%81%BE%E3%81%A4%E3%82%8A
北海道	くしろ霧フェスティバル	北海道の祭り	https://ja.wikipedia.org/wiki/%E3%81%8F%E3%81%97%E3%82%8D%E9%9C%A7%E3%83%95%E3%82%A7%E3%82%B9%E3%83%86%E3%82%A3%E3%83%90%E3%83%AB
北海道	さっぽろオータムフェスト	札幌市の祭り	https://ja.wikipedia.org/wiki/%E3%81%95%E3%81%A3%E3%81%BD%E3%82%8D%E3%82%AA%E3%83%BC%E3%82%BF%E3%83%A0%E3%83%95%E3%82%A7%E3%82%B9%E3%83%88
北海道	さっぽろタパス	札幌市の祭り	https://ja.wikipedia.org/wiki/%E3%81%95%E3%81%A3%E3%81%BD%E3%82%8D%E3%82%BF%E3%83%91%E3%82%B9
北海道	さっぽろホワイトイルミネーション	札幌市の祭り	https://ja.wikipedia.org/wiki/%E3%81%95%E3%81%A3%E3%81%BD%E3%82%8D%E3%83%9B%E3%83%AF%E3%82%A4%E3%83%88%E3%82%A4%E3%83%AB%E3%83%9F%E3%83%8D%E3%83%BC%E3%82%B7%E3%83%A7%E3%83%B3
北海道	さっぽろライラックまつり	札幌市の祭り	https://ja.wikipedia.org/wiki/%E3%81%95%E3%81%A3%E3%81%BD%E3%82%8D%E3%83%A9%E3%82%A4%E3%83%A9%E3%83%83%E3%82%AF%E3%81%BE%E3%81%A4%E3%82%8A
北海道	さっぽろ夏まつり	札幌市の祭り	https://ja.wikipedia.org/wiki/%E3%81%95%E3%81%A3%E3%81%BD%E3%82%8D%E5%A4%8F%E3%81%BE%E3%81%A4%E3%82%8A
北海道	さっぽろ雪まつり	札幌市の祭り	https://ja.wikipedia.org/wiki/%E3%81%95%E3%81%A3%E3%81%BD%E3%82%8D%E9%9B%AA%E3%81%BE%E3%81%A4%E3%82%8A
北海道	さっぽろ雪まつりK-POP FESTIVAL	札幌市の祭り	https://ja.wikipedia.org/wiki/%E3%81%95%E3%81%A3%E3%81%BD%E3%82%8D%E9%9B%AA%E3%81%BE%E3%81%A4%E3%82%8AK-POP_FESTIVAL
北海道	すすきのアイスワールド	札幌市の祭り	https://ja.wikipedia.org/wiki/%E3%81%99%E3%81%99%E3%81%8D%E3%81%AE%E3%82%A2%E3%82%A4%E3%82%B9%E3%83%AF%E3%83%BC%E3%83%AB%E3%83%89
北海道	とまこまいスケートまつり	北海道の祭り	https://ja.wikipedia.org/wiki/%E3%81%A8%E3%81%BE%E3%81%93%E3%81%BE%E3%81%84%E3%82%B9%E3%82%B1%E3%83%BC%E3%83%88%E3%81%BE%E3%81%A4%E3%82%8A
北海道	なかしべつ冬まつり	北海道の祭り	https://ja.wikipedia.org/wiki/%E3%81%AA%E3%81%8B%E3%81%97%E3%81%B9%E3%81%A4%E5%86%AC%E3%81%BE%E3%81%A4%E3%82%8A
北海道	なかしべつ夏祭り	北海道の祭り	https://ja.wikipedia.org/wiki/%E3%81%AA%E3%81%8B%E3%81%97%E3%81%B9%E3%81%A4%E5%A4%8F%E7%A5%AD%E3%82%8A
北海道	ふるさと百餅祭り	北海道の祭り	https://ja.wikipedia.org/wiki/%E3%81%B5%E3%82%8B%E3%81%95%E3%81%A8%E7%99%BE%E9%A4%85%E7%A5%AD%E3%82%8A
北海道	もんべつ流氷まつり	北海道の祭り	https://ja.wikipedia.org/wiki/%E3%82%82%E3%82%93%E3%81%B9%E3%81%A4%E6%B5%81%E6%B0%B7%E3%81%BE%E3%81%A4%E3%82%8A
北海道	イオマンテ	北海道の祭り	https://ja.wikipedia.org/wiki/%E3%82%A4%E3%82%AA%E3%83%9E%E3%83%B3%E3%83%86
北海道	オロチョンの火祭り	北海道の祭り	https://ja.wikipedia.org/wiki/%E3%82%AA%E3%83%AD%E3%83%81%E3%83%A7%E3%83%B3%E3%81%AE%E7%81%AB%E7%A5%AD%E3%82%8A
北海道	パシフィック・ミュージック・フェスティバル	札幌市の祭り	https://ja.wikipedia.org/wiki/%E3%83%91%E3%82%B7%E3%83%95%E3%82%A3%E3%83%83%E3%82%AF%E3%83%BB%E3%83%9F%E3%83%A5%E3%83%BC%E3%82%B8%E3%83%83%E3%82%AF%E3%83%BB%E3%83%95%E3%82%A7%E3%82%B9%E3%83%86%E3%82%A3%E3%83%90%E3%83%AB
北海道	函館港まつり	北海道の祭り	https://ja.wikipedia.org/wiki/%E5%87%BD%E9%A4%A8%E6%B8%AF%E3%81%BE%E3%81%A4%E3%82%8A
北海道	勝毎花火大会	北海道の花火大会	https://ja.wikipedia.org/wiki/%E5%8B%9D%E6%AF%8E%E8%8A%B1%E7%81%AB%E5%A4%A7%E4%BC%9A
北海道	北の恵み 食べマルシェ	北海道の祭り	https://ja.wikipedia.org/wiki/%E5%8C%97%E3%81%AE%E6%81%B5%E3%81%BF_%E9%A3%9F%E3%81%B9%E3%83%9E%E3%83%AB%E3%82%B7%E3%82%A7
北海道	北海へそ祭り	北海道の祭り	https://ja.wikipedia.org/wiki/%E5%8C%97%E6%B5%B7%E3%81%B8%E3%81%9D%E7%A5%AD%E3%82%8A
北海道	北海ソーラン祭り	北海道の祭り	https://ja.wikipedia.org/wiki/%E5%8C%97%E6%B5%B7%E3%82%BD%E3%83%BC%E3%83%A9%E3%83%B3%E7%A5%AD%E3%82%8A
北海道	北海盆踊り	北海道の祭り	https://ja.wikipedia.org/wiki/%E5%8C%97%E6%B5%B7%E7%9B%86%E8%B8%8A%E3%82%8A
北海道	北海道芸術花火	札幌市の祭り	https://ja.wikipedia.org/wiki/%E5%8C%97%E6%B5%B7%E9%81%93%E8%8A%B8%E8%A1%93%E8%8A%B1%E7%81%AB
北海道	北海道音楽大行進	北海道の祭り	https://ja.wikipedia.org/wiki/%E5%8C%97%E6%B5%B7%E9%81%93%E9%9F%B3%E6%A5%BD%E5%A4%A7%E8%A1%8C%E9%80%B2
北海道	千歳市民夏まつり	北海道の祭り	https://ja.wikipedia.org/wiki/%E5%8D%83%E6%AD%B3%E5%B8%82%E6%B0%91%E5%A4%8F%E3%81%BE%E3%81%A4%E3%82%8A
北海道	千歳市民郷土餅つき大会	北海道の祭り	https://ja.wikipedia.org/wiki/%E5%8D%83%E6%AD%B3%E5%B8%82%E6%B0%91%E9%83%B7%E5%9C%9F%E9%A4%85%E3%81%A4%E3%81%8D%E5%A4%A7%E4%BC%9A
北海道	四番街まつり	札幌市の祭り	https://ja.wikipedia.org/wiki/%E5%9B%9B%E7%95%AA%E8%A1%97%E3%81%BE%E3%81%A4%E3%82%8A
北海道	姥神大神宮渡御祭	北海道の祭り	https://ja.wikipedia.org/wiki/%E5%A7%A5%E7%A5%9E%E5%A4%A7%E7%A5%9E%E5%AE%AE%E6%B8%A1%E5%BE%A1%E7%A5%AD
北海道	小樽しゃこ祭	北海道の祭り	https://ja.wikipedia.org/wiki/%E5%B0%8F%E6%A8%BD%E3%81%97%E3%82%83%E3%81%93%E7%A5%AD
北海道	層雲峡氷瀑まつり	北海道の祭り	https://ja.wikipedia.org/wiki/%E5%B1%A4%E9%9B%B2%E5%B3%A1%E6%B0%B7%E7%80%91%E3%81%BE%E3%81%A4%E3%82%8A
北海道	幌加内町新そば祭り	北海道の祭り	https://ja.wikipedia.org/wiki/%E5%B9%8C%E5%8A%A0%E5%86%85%E7%94%BA%E6%96%B0%E3%81%9D%E3%81%B0%E7%A5%AD%E3%82%8A
北海道	旭川冬まつり	北海道の祭り	https://ja.wikipedia.org/wiki/%E6%97%AD%E5%B7%9D%E5%86%AC%E3%81%BE%E3%81%A4%E3%82%8A
北海道	木古内町寒中みそぎ祭り	北海道の祭り	https://ja.wikipedia.org/wiki/%E6%9C%A8%E5%8F%A4%E5%86%85%E7%94%BA%E5%AF%92%E4%B8%AD%E3%81%BF%E3%81%9D%E3%81%8E%E7%A5%AD%E3%82%8A
北海道	松前城下時代まつり	北海道の祭り	https://ja.wikipedia.org/wiki/%E6%9D%BE%E5%89%8D%E5%9F%8E%E4%B8%8B%E6%99%82%E4%BB%A3%E3%81%BE%E3%81%A4%E3%82%8A
北海道	永山屯田まつり	北海道の祭り	https://ja.wikipedia.org/wiki/%E6%B0%B8%E5%B1%B1%E5%B1%AF%E7%94%B0%E3%81%BE%E3%81%A4%E3%82%8A
北海道	江差かもめ島祭り	北海道の祭り	https://ja.wikipedia.org/wiki/%E6%B1%9F%E5%B7%AE%E3%81%8B%E3%82%82%E3%82%81%E5%B3%B6%E7%A5%AD%E3%82%8A
北海道	沼田町夜高あんどん祭り	北海道の祭り	https://ja.wikipedia.org/wiki/%E6%B2%BC%E7%94%B0%E7%94%BA%E5%A4%9C%E9%AB%98%E3%81%82%E3%82%93%E3%81%A9%E3%82%93%E7%A5%AD%E3%82%8A
北海道	焼尻めん羊まつり	北海道の祭り	https://ja.wikipedia.org/wiki/%E7%84%BC%E5%B0%BB%E3%82%81%E3%82%93%E7%BE%8A%E3%81%BE%E3%81%A4%E3%82%8A
北海道	登別地獄まつり	北海道の祭り	https://ja.wikipedia.org/wiki/%E7%99%BB%E5%88%A5%E5%9C%B0%E7%8D%84%E3%81%BE%E3%81%A4%E3%82%8A
北海道	登別漁港まつり	北海道の祭り	https://ja.wikipedia.org/wiki/%E7%99%BB%E5%88%A5%E6%BC%81%E6%B8%AF%E3%81%BE%E3%81%A4%E3%82%8A
北海道	白老牛肉まつり	北海道の祭り	https://ja.wikipedia.org/wiki/%E7%99%BD%E8%80%81%E7%89%9B%E8%82%89%E3%81%BE%E3%81%A4%E3%82%8A
北海道	芦別健夏山笠	北海道の祭り	https://ja.wikipedia.org/wiki/%E8%8A%A6%E5%88%A5%E5%81%A5%E5%A4%8F%E5%B1%B1%E7%AC%A0
北海道	金刀比羅神社例大祭	北海道の祭り	https://ja.wikipedia.org/wiki/%E9%87%91%E5%88%80%E6%AF%94%E7%BE%85%E7%A5%9E%E7%A4%BE%E4%BE%8B%E5%A4%A7%E7%A5%AD
北海道	釧路大漁どんぱく	北海道の祭り	https://ja.wikipedia.org/wiki/%E9%87%A7%E8%B7%AF%E5%A4%A7%E6%BC%81%E3%81%A9%E3%82%93%E3%81%B1%E3%81%8F
北海道	音と光のファンタジー花火inKAGURA	北海道の花火大会	https://ja.wikipedia.org/wiki/%E9%9F%B3%E3%81%A8%E5%85%89%E3%81%AE%E3%83%95%E3%82%A1%E3%83%B3%E3%82%BF%E3%82%B8%E3%83%BC%E8%8A%B1%E7%81%ABinKAGURA
青森県	ABA番組祭	青森県の祭り	https://ja.wikipedia.org/wiki/ABA%E7%95%AA%E7%B5%84%E7%A5%AD
青森県	AOMORI春フェスティバル	青森県の祭り	https://ja.wikipedia.org/wiki/AOMORI%E6%98%A5%E3%83%95%E3%82%A7%E3%82%B9%E3%83%86%E3%82%A3%E3%83%90%E3%83%AB
青森県	RABまつり	青森県の祭り	https://ja.wikipedia.org/wiki/RAB%E3%81%BE%E3%81%A4%E3%82%8A
青森県	えんぶり	青森県の祭り	https://ja.wikipedia.org/wiki/%E3%81%88%E3%82%93%E3%81%B6%E3%82%8A
青森県	おこもり	青森県の祭り	https://ja.wikipedia.org/wiki/%E3%81%8A%E3%81%93%E3%82%82%E3%82%8A
青森県	ねぶた	青森県の祭り	https://ja.wikipedia.org/wiki/%E3%81%AD%E3%81%B6%E3%81%9F
青森県	五所川原立佞武多	青森県の祭り	https://ja.wikipedia.org/wiki/%E4%BA%94%E6%89%80%E5%B7%9D%E5%8E%9F%E7%AB%8B%E4%BD%9E%E6%AD%A6%E5%A4%9A
青森県	八戸三社大祭	八戸市の行事・祭り	https://ja.wikipedia.org/wiki/%E5%85%AB%E6%88%B8%E4%B8%89%E7%A4%BE%E5%A4%A7%E7%A5%AD
青森県	加賀美流騎馬打毬	八戸市の行事・祭り	https://ja.wikipedia.org/wiki/%E5%8A%A0%E8%B3%80%E7%BE%8E%E6%B5%81%E9%A8%8E%E9%A6%AC%E6%89%93%E6%AF%AC
青森県	南部道楽フェスティバル	八戸市の行事・祭り	https://ja.wikipedia.org/wiki/%E5%8D%97%E9%83%A8%E9%81%93%E6%A5%BD%E3%83%95%E3%82%A7%E3%82%B9%E3%83%86%E3%82%A3%E3%83%90%E3%83%AB
青森県	南郷サマージャズフェスティバル	八戸市の行事・祭り	https://ja.wikipedia.org/wiki/%E5%8D%97%E9%83%B7%E3%82%B5%E3%83%9E%E3%83%BC%E3%82%B8%E3%83%A3%E3%82%BA%E3%83%95%E3%82%A7%E3%82%B9%E3%83%86%E3%82%A3%E3%83%90%E3%83%AB
青森県	大湊ネブタ	青森県の祭り	https://ja.wikipedia.org/wiki/%E5%A4%A7%E6%B9%8A%E3%83%8D%E3%83%96%E3%82%BF
青森県	大畑祭	青森県の祭り	https://ja.wikipedia.org/wiki/%E5%A4%A7%E7%95%91%E7%A5%AD
青森県	川内八幡宮例大祭	青森県の祭り	https://ja.wikipedia.org/wiki/%E5%B7%9D%E5%86%85%E5%85%AB%E5%B9%A1%E5%AE%AE%E4%BE%8B%E5%A4%A7%E7%A5%AD
青森県	平川ねぷた	青森県の祭り	https://ja.wikipedia.org/wiki/%E5%B9%B3%E5%B7%9D%E3%81%AD%E3%81%B7%E3%81%9F
青森県	弘前さくらまつり	青森県の祭り	https://ja.wikipedia.org/wiki/%E5%BC%98%E5%89%8D%E3%81%95%E3%81%8F%E3%82%89%E3%81%BE%E3%81%A4%E3%82%8A
青森県	弘前ねぷた	青森県の祭り	https://ja.wikipedia.org/wiki/%E5%BC%98%E5%89%8D%E3%81%AD%E3%81%B7%E3%81%9F
青森県	弘前城菊と紅葉まつり	青森県の祭り	https://ja.wikipedia.org/wiki/%E5%BC%98%E5%89%8D%E5%9F%8E%E8%8F%8A%E3%81%A8%E7%B4%85%E8%91%89%E3%81%BE%E3%81%A4%E3%82%8A
青森県	弘前城雪燈籠まつり	青森県の祭り	https://ja.wikipedia.org/wiki/%E5%BC%98%E5%89%8D%E5%9F%8E%E9%9B%AA%E7%87%88%E7%B1%A0%E3%81%BE%E3%81%A4%E3%82%8A
青森県	沢田ろうそくまつり	青森県の祭り	https://ja.wikipedia.org/wiki/%E6%B2%A2%E7%94%B0%E3%82%8D%E3%81%86%E3%81%9D%E3%81%8F%E3%81%BE%E3%81%A4%E3%82%8A
青森県	浅虫温泉ねぶた祭り	青森県の祭り	https://ja.wikipedia.org/wiki/%E6%B5%85%E8%99%AB%E6%B8%A9%E6%B3%89%E3%81%AD%E3%81%B6%E3%81%9F%E7%A5%AD%E3%82%8A
青森県	田名部まつり	青森県の祭り	https://ja.wikipedia.org/wiki/%E7%94%B0%E5%90%8D%E9%83%A8%E3%81%BE%E3%81%A4%E3%82%8A
青森県	箭根森八幡宮例大祭	青森県の祭り	https://ja.wikipedia.org/wiki/%E7%AE%AD%E6%A0%B9%E6%A3%AE%E5%85%AB%E5%B9%A1%E5%AE%AE%E4%BE%8B%E5%A4%A7%E7%A5%AD
青森県	脇野沢八幡宮例大祭	青森県の祭り	https://ja.wikipedia.org/wiki/%E8%84%87%E9%87%8E%E6%B2%A2%E5%85%AB%E5%B9%A1%E5%AE%AE%E4%BE%8B%E5%A4%A7%E7%A5%AD
青森県	青森ねぶた	青森県の祭り	https://ja.wikipedia.org/wiki/%E9%9D%92%E6%A3%AE%E3%81%AD%E3%81%B6%E3%81%9F
青森県	青森花火大会	青森県の花火大会	https://ja.wikipedia.org/wiki/%E9%9D%92%E6%A3%AE%E8%8A%B1%E7%81%AB%E5%A4%A7%E4%BC%9A
青森県	黒石ねぷた	青森県の祭り	https://ja.wikipedia.org/wiki/%E9%BB%92%E7%9F%B3%E3%81%AD%E3%81%B7%E3%81%9F
岩手県	みんなの祭り 無礼講	岩手県の祭り	https://ja.wikipedia.org/wiki/%E3%81%BF%E3%82%93%E3%81%AA%E3%81%AE%E7%A5%AD%E3%82%8A_%E7%84%A1%E7%A4%BC%E8%AC%9B
岩手県	チャグチャグ馬コ	岩手県の祭り	https://ja.wikipedia.org/wiki/%E3%83%81%E3%83%A3%E3%82%B0%E3%83%81%E3%83%A3%E3%82%B0%E9%A6%AC%E3%82%B3
岩手県	ナニャドヤラ	岩手県の祭り	https://ja.wikipedia.org/wiki/%E3%83%8A%E3%83%8B%E3%83%A3%E3%83%89%E3%83%A4%E3%83%A9
岩手県	ホロロン	岩手県の祭り	https://ja.wikipedia.org/wiki/%E3%83%9B%E3%83%AD%E3%83%AD%E3%83%B3
岩手県	北上・みちのく芸能まつり	岩手県の祭り	https://ja.wikipedia.org/wiki/%E5%8C%97%E4%B8%8A%E3%83%BB%E3%81%BF%E3%81%A1%E3%81%AE%E3%81%8F%E8%8A%B8%E8%83%BD%E3%81%BE%E3%81%A4%E3%82%8A
岩手県	吉浜のスネカ	岩手県の祭り	https://ja.wikipedia.org/wiki/%E5%90%89%E6%B5%9C%E3%81%AE%E3%82%B9%E3%83%8D%E3%82%AB
岩手県	唐梅館絵巻	岩手県の祭り	https://ja.wikipedia.org/wiki/%E5%94%90%E6%A2%85%E9%A4%A8%E7%B5%B5%E5%B7%BB
岩手県	奥州水沢夏祭り	岩手県の祭り	https://ja.wikipedia.org/wiki/%E5%A5%A5%E5%B7%9E%E6%B0%B4%E6%B2%A2%E5%A4%8F%E7%A5%AD%E3%82%8A
岩手県	山屋の田植踊	岩手県の祭り	https://ja.wikipedia.org/wiki/%E5%B1%B1%E5%B1%8B%E3%81%AE%E7%94%B0%E6%A4%8D%E8%B8%8A
岩手県	岩手雪まつり	岩手県の祭り	https://ja.wikipedia.org/wiki/%E5%B2%A9%E6%89%8B%E9%9B%AA%E3%81%BE%E3%81%A4%E3%82%8A
岩手県	日高火防祭り	岩手県の祭り	https://ja.wikipedia.org/wiki/%E6%97%A5%E9%AB%98%E7%81%AB%E9%98%B2%E7%A5%AD%E3%82%8A
岩手県	早池峰神楽	岩手県の祭り	https://ja.wikipedia.org/wiki/%E6%97%A9%E6%B1%A0%E5%B3%B0%E7%A5%9E%E6%A5%BD
岩手県	江刺甚句まつり	岩手県の祭り	https://ja.wikipedia.org/wiki/%E6%B1%9F%E5%88%BA%E7%94%9A%E5%8F%A5%E3%81%BE%E3%81%A4%E3%82%8A
岩手県	盛岡さんさ踊り	岩手県の祭り	https://ja.wikipedia.org/wiki/%E7%9B%9B%E5%B2%A1%E3%81%95%E3%82%93%E3%81%95%E8%B8%8A%E3%82%8A
岩手県	盛岡山車	岩手県の祭り	https://ja.wikipedia.org/wiki/%E7%9B%9B%E5%B2%A1%E5%B1%B1%E8%BB%8A
岩手県	磐井清水若水送り	岩手県の祭り	https://ja.wikipedia.org/wiki/%E7%A3%90%E4%BA%95%E6%B8%85%E6%B0%B4%E8%8B%A5%E6%B0%B4%E9%80%81%E3%82%8A
岩手県	舟っこ流し	岩手県の祭り	https://ja.wikipedia.org/wiki/%E8%88%9F%E3%81%A3%E3%81%93%E6%B5%81%E3%81%97
岩手県	花巻まつり	岩手県の祭り	https://ja.wikipedia.org/wiki/%E8%8A%B1%E5%B7%BB%E3%81%BE%E3%81%A4%E3%82%8A
岩手県	藤原まつり	岩手県の祭り	https://ja.wikipedia.org/wiki/%E8%97%A4%E5%8E%9F%E3%81%BE%E3%81%A4%E3%82%8A
岩手県	蘇民祭	岩手県の祭り	https://ja.wikipedia.org/wiki/%E8%98%87%E6%B0%91%E7%A5%AD
岩手県	釜石よいさ	岩手県の祭り	https://ja.wikipedia.org/wiki/%E9%87%9C%E7%9F%B3%E3%82%88%E3%81%84%E3%81%95
岩手県	鬼剣舞	岩手県の祭り	https://ja.wikipedia.org/wiki/%E9%AC%BC%E5%89%A3%E8%88%9E
宮城県	ARABAKI ROCK FEST.	宮城県の祭り	https://ja.wikipedia.org/wiki/ARABAKI_ROCK_FEST.
宮城県	KHBまつり	仙台市の祭り	https://ja.wikipedia.org/wiki/KHB%E3%81%BE%E3%81%A4%E3%82%8A
宮城県	TBC夏まつり	仙台市の祭り	https://ja.wikipedia.org/wiki/TBC%E5%A4%8F%E3%81%BE%E3%81%A4%E3%82%8A
宮城県	YOSAKOI&ねぷたinとよさと	宮城県の祭り	https://ja.wikipedia.org/wiki/YOSAKOI%26%E3%81%AD%E3%81%B7%E3%81%9Fin%E3%81%A8%E3%82%88%E3%81%95%E3%81%A8
宮城県	おもしぇがらきてけさin富谷	宮城県の祭り	https://ja.wikipedia.org/wiki/%E3%81%8A%E3%82%82%E3%81%97%E3%81%87%E3%81%8C%E3%82%89%E3%81%8D%E3%81%A6%E3%81%91%E3%81%95in%E5%AF%8C%E8%B0%B7
宮城県	かくだ菜の花まつり	宮城県の祭り	https://ja.wikipedia.org/wiki/%E3%81%8B%E3%81%8F%E3%81%A0%E8%8F%9C%E3%81%AE%E8%8A%B1%E3%81%BE%E3%81%A4%E3%82%8A
宮城県	くりこま山車まつり	宮城県の祭り	https://ja.wikipedia.org/wiki/%E3%81%8F%E3%82%8A%E3%81%93%E3%81%BE%E5%B1%B1%E8%BB%8A%E3%81%BE%E3%81%A4%E3%82%8A
宮城県	すずめ踊り	仙台市の祭り	https://ja.wikipedia.org/wiki/%E3%81%99%E3%81%9A%E3%82%81%E8%B8%8A%E3%82%8A
宮城県	つきだて七夕まつり	宮城県の祭り	https://ja.wikipedia.org/wiki/%E3%81%A4%E3%81%8D%E3%81%A0%E3%81%A6%E4%B8%83%E5%A4%95%E3%81%BE%E3%81%A4%E3%82%8A
宮城県	とっておきの音楽祭	宮城県の祭り	https://ja.wikipedia.org/wiki/%E3%81%A8%E3%81%A3%E3%81%A6%E3%81%8A%E3%81%8D%E3%81%AE%E9%9F%B3%E6%A5%BD%E7%A5%AD
宮城県	どんと祭	宮城県の祭り	https://ja.wikipedia.org/wiki/%E3%81%A9%E3%82%93%E3%81%A8%E7%A5%AD
宮城県	どんと祭における裸参り	仙台市の祭り	https://ja.wikipedia.org/wiki/%E3%81%A9%E3%82%93%E3%81%A8%E7%A5%AD%E3%81%AB%E3%81%8A%E3%81%91%E3%82%8B%E8%A3%B8%E5%8F%82%E3%82%8A
宮城県	なとり夏まつり	宮城県の祭り	https://ja.wikipedia.org/wiki/%E3%81%AA%E3%81%A8%E3%82%8A%E5%A4%8F%E3%81%BE%E3%81%A4%E3%82%8A
宮城県	まほろば夏まつり	宮城県の祭り	https://ja.wikipedia.org/wiki/%E3%81%BE%E3%81%BB%E3%82%8D%E3%81%B0%E5%A4%8F%E3%81%BE%E3%81%A4%E3%82%8A
宮城県	まめからさん祭り	宮城県の祭り	https://ja.wikipedia.org/wiki/%E3%81%BE%E3%82%81%E3%81%8B%E3%82%89%E3%81%95%E3%82%93%E7%A5%AD%E3%82%8A
宮城県	みちのくYOSAKOIまつり	仙台市の祭り	https://ja.wikipedia.org/wiki/%E3%81%BF%E3%81%A1%E3%81%AE%E3%81%8FYOSAKOI%E3%81%BE%E3%81%A4%E3%82%8A
宮城県	みちのくアニソンフェス 〜Eastern Gale	宮城県の祭り	https://ja.wikipedia.org/wiki/%E3%81%BF%E3%81%A1%E3%81%AE%E3%81%8F%E3%82%A2%E3%83%8B%E3%82%BD%E3%83%B3%E3%83%95%E3%82%A7%E3%82%B9_%E3%80%9CEastern_Gale
宮城県	みなみかた花菖蒲まつり	宮城県の祭り	https://ja.wikipedia.org/wiki/%E3%81%BF%E3%81%AA%E3%81%BF%E3%81%8B%E3%81%9F%E8%8A%B1%E8%8F%96%E8%92%B2%E3%81%BE%E3%81%A4%E3%82%8A
宮城県	みんなの祭り 無礼講	宮城県の祭り	https://ja.wikipedia.org/wiki/%E3%81%BF%E3%82%93%E3%81%AA%E3%81%AE%E7%A5%AD%E3%82%8A_%E7%84%A1%E7%A4%BC%E8%AC%9B
宮城県	ドラゴンカヌー大会 (加美町)	宮城県の祭り	https://ja.wikipedia.org/wiki/%E3%83%89%E3%83%A9%E3%82%B4%E3%83%B3%E3%82%AB%E3%83%8C%E3%83%BC%E5%A4%A7%E4%BC%9A_%28%E5%8A%A0%E7%BE%8E%E7%94%BA%29
宮城県	ロックロックこんにちは!	宮城県の祭り	https://ja.wikipedia.org/wiki/%E3%83%AD%E3%83%83%E3%82%AF%E3%83%AD%E3%83%83%E3%82%AF%E3%81%93%E3%82%93%E3%81%AB%E3%81%A1%E3%81%AF%21
宮城県	ロックンロールオリンピック	宮城県の祭り	https://ja.wikipedia.org/wiki/%E3%83%AD%E3%83%83%E3%82%AF%E3%83%B3%E3%83%AD%E3%83%BC%E3%83%AB%E3%82%AA%E3%83%AA%E3%83%B3%E3%83%94%E3%83%83%E3%82%AF
宮城県	仙台・青葉まつり	仙台市の祭り	https://ja.wikipedia.org/wiki/%E4%BB%99%E5%8F%B0%E3%83%BB%E9%9D%92%E8%91%89%E3%81%BE%E3%81%A4%E3%82%8A
宮城県	仙台七夕	仙台市の祭り	https://ja.wikipedia.org/wiki/%E4%BB%99%E5%8F%B0%E4%B8%83%E5%A4%95
宮城県	仙台七夕花火祭	宮城県の花火大会	https://ja.wikipedia.org/wiki/%E4%BB%99%E5%8F%B0%E4%B8%83%E5%A4%95%E8%8A%B1%E7%81%AB%E7%A5%AD
宮城県	仙台放送まつり	仙台市の祭り	https://ja.wikipedia.org/wiki/%E4%BB%99%E5%8F%B0%E6%94%BE%E9%80%81%E3%81%BE%E3%81%A4%E3%82%8A
宮城県	仙台祭	仙台市の祭り	https://ja.wikipedia.org/wiki/%E4%BB%99%E5%8F%B0%E7%A5%AD
宮城県	仙台鍋まつり	仙台市の祭り	https://ja.wikipedia.org/wiki/%E4%BB%99%E5%8F%B0%E9%8D%8B%E3%81%BE%E3%81%A4%E3%82%8A
宮城県	佐沼夏まつり	宮城県の祭り	https://ja.wikipedia.org/wiki/%E4%BD%90%E6%B2%BC%E5%A4%8F%E3%81%BE%E3%81%A4%E3%82%8A
宮城県	加護坊桜まつり	宮城県の祭り	https://ja.wikipedia.org/wiki/%E5%8A%A0%E8%AD%B7%E5%9D%8A%E6%A1%9C%E3%81%BE%E3%81%A4%E3%82%8A
宮城県	古川まつり	宮城県の祭り	https://ja.wikipedia.org/wiki/%E5%8F%A4%E5%B7%9D%E3%81%BE%E3%81%A4%E3%82%8A
宮城県	塩竈みなと祭	宮城県の祭り	https://ja.wikipedia.org/wiki/%E5%A1%A9%E7%AB%88%E3%81%BF%E3%81%AA%E3%81%A8%E7%A5%AD
宮城県	多賀城跡あやめまつり	宮城県の祭り	https://ja.wikipedia.org/wiki/%E5%A4%9A%E8%B3%80%E5%9F%8E%E8%B7%A1%E3%81%82%E3%82%84%E3%82%81%E3%81%BE%E3%81%A4%E3%82%8A
宮城県	天空のゆりガーデン	仙台市の祭り	https://ja.wikipedia.org/wiki/%E5%A4%A9%E7%A9%BA%E3%81%AE%E3%82%86%E3%82%8A%E3%82%AC%E3%83%BC%E3%83%87%E3%83%B3
宮城県	宮城県における花競馬	宮城県の祭り	https://ja.wikipedia.org/wiki/%E5%AE%AE%E5%9F%8E%E7%9C%8C%E3%81%AB%E3%81%8A%E3%81%91%E3%82%8B%E8%8A%B1%E7%AB%B6%E9%A6%AC
宮城県	山王史跡公園あやめ祭り	宮城県の祭り	https://ja.wikipedia.org/wiki/%E5%B1%B1%E7%8E%8B%E5%8F%B2%E8%B7%A1%E5%85%AC%E5%9C%92%E3%81%82%E3%82%84%E3%82%81%E7%A5%AD%E3%82%8A
宮城県	島田飴	宮城県の祭り	https://ja.wikipedia.org/wiki/%E5%B3%B6%E7%94%B0%E9%A3%B4
宮城県	平筒沼ふれあい公園桜まつり	宮城県の祭り	https://ja.wikipedia.org/wiki/%E5%B9%B3%E7%AD%92%E6%B2%BC%E3%81%B5%E3%82%8C%E3%81%82%E3%81%84%E5%85%AC%E5%9C%92%E6%A1%9C%E3%81%BE%E3%81%A4%E3%82%8A
宮城県	日本一はっとフェスティバル	宮城県の祭り	https://ja.wikipedia.org/wiki/%E6%97%A5%E6%9C%AC%E4%B8%80%E3%81%AF%E3%81%A3%E3%81%A8%E3%83%95%E3%82%A7%E3%82%B9%E3%83%86%E3%82%A3%E3%83%90%E3%83%AB
宮城県	東北未来芸術花火	宮城県の花火大会	https://ja.wikipedia.org/wiki/%E6%9D%B1%E5%8C%97%E6%9C%AA%E6%9D%A5%E8%8A%B8%E8%A1%93%E8%8A%B1%E7%81%AB
宮城県	東北輓馬競技大会	宮城県の祭り	https://ja.wikipedia.org/wiki/%E6%9D%B1%E5%8C%97%E8%BC%93%E9%A6%AC%E7%AB%B6%E6%8A%80%E5%A4%A7%E4%BC%9A
宮城県	泉区民ふるさとまつり	仙台市の祭り	https://ja.wikipedia.org/wiki/%E6%B3%89%E5%8C%BA%E6%B0%91%E3%81%B5%E3%82%8B%E3%81%95%E3%81%A8%E3%81%BE%E3%81%A4%E3%82%8A
宮城県	活き生き田園フェスティバル	宮城県の祭り	https://ja.wikipedia.org/wiki/%E6%B4%BB%E3%81%8D%E7%94%9F%E3%81%8D%E7%94%B0%E5%9C%92%E3%83%95%E3%82%A7%E3%82%B9%E3%83%86%E3%82%A3%E3%83%90%E3%83%AB
宮城県	石巻川開き祭り	宮城県の祭り	https://ja.wikipedia.org/wiki/%E7%9F%B3%E5%B7%BB%E5%B7%9D%E9%96%8B%E3%81%8D%E7%A5%AD%E3%82%8A
宮城県	米川の水かぶり	宮城県の祭り	https://ja.wikipedia.org/wiki/%E7%B1%B3%E5%B7%9D%E3%81%AE%E6%B0%B4%E3%81%8B%E3%81%B6%E3%82%8A
宮城県	雄勝法印神楽	宮城県の祭り	https://ja.wikipedia.org/wiki/%E9%9B%84%E5%8B%9D%E6%B3%95%E5%8D%B0%E7%A5%9E%E6%A5%BD
宮城県	雄勝町伊達の黒船太鼓	宮城県の祭り	https://ja.wikipedia.org/wiki/%E9%9B%84%E5%8B%9D%E7%94%BA%E4%BC%8A%E9%81%94%E3%81%AE%E9%BB%92%E8%88%B9%E5%A4%AA%E9%BC%93
宮城県	鬼小十郎まつり	宮城県の祭り	https://ja.wikipedia.org/wiki/%E9%AC%BC%E5%B0%8F%E5%8D%81%E9%83%8E%E3%81%BE%E3%81%A4%E3%82%8A
宮城県	鹿島ばやし	宮城県の祭り	https://ja.wikipedia.org/wiki/%E9%B9%BF%E5%B3%B6%E3%81%B0%E3%82%84%E3%81%97
秋田県	えびすだわら	秋田県の祭り	https://ja.wikipedia.org/wiki/%E3%81%88%E3%81%B3%E3%81%99%E3%81%A0%E3%82%8F%E3%82%89
秋田県	おなごりフェスティバル	秋田県の祭り	https://ja.wikipedia.org/wiki/%E3%81%8A%E3%81%AA%E3%81%94%E3%82%8A%E3%83%95%E3%82%A7%E3%82%B9%E3%83%86%E3%82%A3%E3%83%90%E3%83%AB
秋田県	かまくら	秋田県の祭り	https://ja.wikipedia.org/wiki/%E3%81%8B%E3%81%BE%E3%81%8F%E3%82%89
秋田県	なまはげ	秋田県の祭り	https://ja.wikipedia.org/wiki/%E3%81%AA%E3%81%BE%E3%81%AF%E3%81%92
秋田県	アメッコ市	秋田県の祭り	https://ja.wikipedia.org/wiki/%E3%82%A2%E3%83%A1%E3%83%83%E3%82%B3%E5%B8%82
秋田県	一日市の盆踊	秋田県の祭り	https://ja.wikipedia.org/wiki/%E4%B8%80%E6%97%A5%E5%B8%82%E3%81%AE%E7%9B%86%E8%B8%8A
秋田県	七夕絵どうろうまつり	秋田県の祭り	https://ja.wikipedia.org/wiki/%E4%B8%83%E5%A4%95%E7%B5%B5%E3%81%A9%E3%81%86%E3%82%8D%E3%81%86%E3%81%BE%E3%81%A4%E3%82%8A
秋田県	上桧木内の紙風船上げ	秋田県の祭り	https://ja.wikipedia.org/wiki/%E4%B8%8A%E6%A1%A7%E6%9C%A8%E5%86%85%E3%81%AE%E7%B4%99%E9%A2%A8%E8%88%B9%E4%B8%8A%E3%81%92
秋田県	保呂羽山の霜月神楽	秋田県の祭り	https://ja.wikipedia.org/wiki/%E4%BF%9D%E5%91%82%E7%BE%BD%E5%B1%B1%E3%81%AE%E9%9C%9C%E6%9C%88%E7%A5%9E%E6%A5%BD
秋田県	全国ジャンボうさぎフェスティバル	秋田県の祭り	https://ja.wikipedia.org/wiki/%E5%85%A8%E5%9B%BD%E3%82%B8%E3%83%A3%E3%83%B3%E3%83%9C%E3%81%86%E3%81%95%E3%81%8E%E3%83%95%E3%82%A7%E3%82%B9%E3%83%86%E3%82%A3%E3%83%90%E3%83%AB
秋田県	全国花火競技大会	秋田県の花火大会	https://ja.wikipedia.org/wiki/%E5%85%A8%E5%9B%BD%E8%8A%B1%E7%81%AB%E7%AB%B6%E6%8A%80%E5%A4%A7%E4%BC%9A
秋田県	土崎神明社祭の曳山行事	秋田県の祭り	https://ja.wikipedia.org/wiki/%E5%9C%9F%E5%B4%8E%E7%A5%9E%E6%98%8E%E7%A4%BE%E7%A5%AD%E3%81%AE%E6%9B%B3%E5%B1%B1%E8%A1%8C%E4%BA%8B
秋田県	土崎神明社祭の曳山行事の奉納曳山	秋田県の祭り	https://ja.wikipedia.org/wiki/%E5%9C%9F%E5%B4%8E%E7%A5%9E%E6%98%8E%E7%A4%BE%E7%A5%AD%E3%81%AE%E6%9B%B3%E5%B1%B1%E8%A1%8C%E4%BA%8B%E3%81%AE%E5%A5%89%E7%B4%8D%E6%9B%B3%E5%B1%B1
秋田県	大文字まつり	秋田県の祭り	https://ja.wikipedia.org/wiki/%E5%A4%A7%E6%96%87%E5%AD%97%E3%81%BE%E3%81%A4%E3%82%8A
秋田県	大日堂舞楽	秋田県の祭り	https://ja.wikipedia.org/wiki/%E5%A4%A7%E6%97%A5%E5%A0%82%E8%88%9E%E6%A5%BD
秋田県	松館天満宮三台山獅子大権現舞	秋田県の祭り	https://ja.wikipedia.org/wiki/%E6%9D%BE%E9%A4%A8%E5%A4%A9%E6%BA%80%E5%AE%AE%E4%B8%89%E5%8F%B0%E5%B1%B1%E7%8D%85%E5%AD%90%E5%A4%A7%E6%A8%A9%E7%8F%BE%E8%88%9E
秋田県	梵天まつり (秋田県)	秋田県の祭り	https://ja.wikipedia.org/wiki/%E6%A2%B5%E5%A4%A9%E3%81%BE%E3%81%A4%E3%82%8A_%28%E7%A7%8B%E7%94%B0%E7%9C%8C%29
秋田県	横手の雪まつり	秋田県の祭り	https://ja.wikipedia.org/wiki/%E6%A8%AA%E6%89%8B%E3%81%AE%E9%9B%AA%E3%81%BE%E3%81%A4%E3%82%8A
秋田県	毛馬内の盆踊	秋田県の祭り	https://ja.wikipedia.org/wiki/%E6%AF%9B%E9%A6%AC%E5%86%85%E3%81%AE%E7%9B%86%E8%B8%8A
秋田県	浅舞公園あやめまつり	秋田県の祭り	https://ja.wikipedia.org/wiki/%E6%B5%85%E8%88%9E%E5%85%AC%E5%9C%92%E3%81%82%E3%82%84%E3%82%81%E3%81%BE%E3%81%A4%E3%82%8A
秋田県	火振りかまくら	秋田県の祭り	https://ja.wikipedia.org/wiki/%E7%81%AB%E6%8C%AF%E3%82%8A%E3%81%8B%E3%81%BE%E3%81%8F%E3%82%89
秋田県	犬っこまつり	秋田県の祭り	https://ja.wikipedia.org/wiki/%E7%8A%AC%E3%81%A3%E3%81%93%E3%81%BE%E3%81%A4%E3%82%8A
秋田県	竿燈	秋田県の祭り	https://ja.wikipedia.org/wiki/%E7%AB%BF%E7%87%88
秋田県	綴子大太鼓	秋田県の祭り	https://ja.wikipedia.org/wiki/%E7%B6%B4%E5%AD%90%E5%A4%A7%E5%A4%AA%E9%BC%93
秋田県	能代の花火	秋田県の花火大会	https://ja.wikipedia.org/wiki/%E8%83%BD%E4%BB%A3%E3%81%AE%E8%8A%B1%E7%81%AB
秋田県	能代役七夕	秋田県の祭り	https://ja.wikipedia.org/wiki/%E8%83%BD%E4%BB%A3%E5%BD%B9%E4%B8%83%E5%A4%95
秋田県	花輪ばやし	秋田県の祭り	https://ja.wikipedia.org/wiki/%E8%8A%B1%E8%BC%AA%E3%81%B0%E3%82%84%E3%81%97
秋田県	荒処の沼入り梵天	秋田県の祭り	https://ja.wikipedia.org/wiki/%E8%8D%92%E5%87%A6%E3%81%AE%E6%B2%BC%E5%85%A5%E3%82%8A%E6%A2%B5%E5%A4%A9
秋田県	西馬音内の盆踊	秋田県の祭り	https://ja.wikipedia.org/wiki/%E8%A5%BF%E9%A6%AC%E9%9F%B3%E5%86%85%E3%81%AE%E7%9B%86%E8%B8%8A
秋田県	角館のお祭り	秋田県の祭り	https://ja.wikipedia.org/wiki/%E8%A7%92%E9%A4%A8%E3%81%AE%E3%81%8A%E7%A5%AD%E3%82%8A
秋田県	送り盆まつり	秋田県の祭り	https://ja.wikipedia.org/wiki/%E9%80%81%E3%82%8A%E7%9B%86%E3%81%BE%E3%81%A4%E3%82%8A
秋田県	鹿角の盆踊り	秋田県の祭り	https://ja.wikipedia.org/wiki/%E9%B9%BF%E8%A7%92%E3%81%AE%E7%9B%86%E8%B8%8A%E3%82%8A
山形県	かみのやま温泉全国かかし祭	山形県の祭り	https://ja.wikipedia.org/wiki/%E3%81%8B%E3%81%BF%E3%81%AE%E3%82%84%E3%81%BE%E6%B8%A9%E6%B3%89%E5%85%A8%E5%9B%BD%E3%81%8B%E3%81%8B%E3%81%97%E7%A5%AD
山形県	むらやま徳内まつり	山形県の祭り	https://ja.wikipedia.org/wiki/%E3%82%80%E3%82%89%E3%82%84%E3%81%BE%E5%BE%B3%E5%86%85%E3%81%BE%E3%81%A4%E3%82%8A
山形県	やや祭り	山形県の祭り	https://ja.wikipedia.org/wiki/%E3%82%84%E3%82%84%E7%A5%AD%E3%82%8A
山形県	アマハゲ	山形県の祭り	https://ja.wikipedia.org/wiki/%E3%82%A2%E3%83%9E%E3%83%8F%E3%82%B2
山形県	カセ鳥	山形県の祭り	https://ja.wikipedia.org/wiki/%E3%82%AB%E3%82%BB%E9%B3%A5
山形県	上杉雪灯篭まつり	山形県の祭り	https://ja.wikipedia.org/wiki/%E4%B8%8A%E6%9D%89%E9%9B%AA%E7%81%AF%E7%AF%AD%E3%81%BE%E3%81%A4%E3%82%8A
山形県	南陽菊人形	山形県の祭り	https://ja.wikipedia.org/wiki/%E5%8D%97%E9%99%BD%E8%8F%8A%E4%BA%BA%E5%BD%A2
山形県	塩野毘沙門堂祭礼	山形県の祭り	https://ja.wikipedia.org/wiki/%E5%A1%A9%E9%87%8E%E6%AF%98%E6%B2%99%E9%96%80%E5%A0%82%E7%A5%AD%E7%A4%BC
山形県	大石田まつり最上川花火大会	山形県の花火大会	https://ja.wikipedia.org/wiki/%E5%A4%A7%E7%9F%B3%E7%94%B0%E3%81%BE%E3%81%A4%E3%82%8A%E6%9C%80%E4%B8%8A%E5%B7%9D%E8%8A%B1%E7%81%AB%E5%A4%A7%E4%BC%9A
山形県	山形大花火大会	山形県の花火大会	https://ja.wikipedia.org/wiki/%E5%B1%B1%E5%BD%A2%E5%A4%A7%E8%8A%B1%E7%81%AB%E5%A4%A7%E4%BC%9A
山形県	新庄まつり	山形県の祭り	https://ja.wikipedia.org/wiki/%E6%96%B0%E5%BA%84%E3%81%BE%E3%81%A4%E3%82%8A
山形県	日本一の芋煮会フェスティバル	山形県の祭り	https://ja.wikipedia.org/wiki/%E6%97%A5%E6%9C%AC%E4%B8%80%E3%81%AE%E8%8A%8B%E7%85%AE%E4%BC%9A%E3%83%95%E3%82%A7%E3%82%B9%E3%83%86%E3%82%A3%E3%83%90%E3%83%AB
山形県	水郷大江夏まつり灯ろう流し花火大会	山形県の花火大会	https://ja.wikipedia.org/wiki/%E6%B0%B4%E9%83%B7%E5%A4%A7%E6%B1%9F%E5%A4%8F%E3%81%BE%E3%81%A4%E3%82%8A%E7%81%AF%E3%82%8D%E3%81%86%E6%B5%81%E3%81%97%E8%8A%B1%E7%81%AB%E5%A4%A7%E4%BC%9A
山形県	米沢上杉まつり	山形県の祭り	https://ja.wikipedia.org/wiki/%E7%B1%B3%E6%B2%A2%E4%B8%8A%E6%9D%89%E3%81%BE%E3%81%A4%E3%82%8A
山形県	花笠まつり	山形県の祭り	https://ja.wikipedia.org/wiki/%E8%8A%B1%E7%AC%A0%E3%81%BE%E3%81%A4%E3%82%8A
山形県	薬師祭植木市	山形県の祭り	https://ja.wikipedia.org/wiki/%E8%96%AC%E5%B8%AB%E7%A5%AD%E6%A4%8D%E6%9C%A8%E5%B8%82
山形県	谷地どんが祭り	山形県の祭り	https://ja.wikipedia.org/wiki/%E8%B0%B7%E5%9C%B0%E3%81%A9%E3%82%93%E3%81%8C%E7%A5%AD%E3%82%8A
山形県	谷地ひなまつり	山形県の祭り	https://ja.wikipedia.org/wiki/%E8%B0%B7%E5%9C%B0%E3%81%B2%E3%81%AA%E3%81%BE%E3%81%A4%E3%82%8A
山形県	赤川花火大会	山形県の花火大会	https://ja.wikipedia.org/wiki/%E8%B5%A4%E5%B7%9D%E8%8A%B1%E7%81%AB%E5%A4%A7%E4%BC%9A
山形県	酒田祭	山形県の祭り	https://ja.wikipedia.org/wiki/%E9%85%92%E7%94%B0%E7%A5%AD
山形県	酒田花火ショー	山形県の花火大会	https://ja.wikipedia.org/wiki/%E9%85%92%E7%94%B0%E8%8A%B1%E7%81%AB%E3%82%B7%E3%83%A7%E3%83%BC
福島県	YOSAKOIソーランジュニア東日本大会	福島県の祭り	https://ja.wikipedia.org/wiki/YOSAKOI%E3%82%BD%E3%83%BC%E3%83%A9%E3%83%B3%E3%82%B8%E3%83%A5%E3%83%8B%E3%82%A2%E6%9D%B1%E6%97%A5%E6%9C%AC%E5%A4%A7%E4%BC%9A
福島県	あさか野夏まつり花火大会	福島県の花火大会	https://ja.wikipedia.org/wiki/%E3%81%82%E3%81%95%E3%81%8B%E9%87%8E%E5%A4%8F%E3%81%BE%E3%81%A4%E3%82%8A%E8%8A%B1%E7%81%AB%E5%A4%A7%E4%BC%9A
福島県	いわき七夕まつり	福島県の祭り	https://ja.wikipedia.org/wiki/%E3%81%84%E3%82%8F%E3%81%8D%E4%B8%83%E5%A4%95%E3%81%BE%E3%81%A4%E3%82%8A
福島県	うつくしまyosakoi祭り	福島県の祭り	https://ja.wikipedia.org/wiki/%E3%81%86%E3%81%A4%E3%81%8F%E3%81%97%E3%81%BEyosakoi%E7%A5%AD%E3%82%8A
福島県	ふくしま花火大会	福島県の花火大会	https://ja.wikipedia.org/wiki/%E3%81%B5%E3%81%8F%E3%81%97%E3%81%BE%E8%8A%B1%E7%81%AB%E5%A4%A7%E4%BC%9A
福島県	みんなの祭り 無礼講	福島県の祭り	https://ja.wikipedia.org/wiki/%E3%81%BF%E3%82%93%E3%81%AA%E3%81%AE%E7%A5%AD%E3%82%8A_%E7%84%A1%E7%A4%BC%E8%AC%9B
福島県	サマーフェスタ IN KORIYAMA	福島県の祭り	https://ja.wikipedia.org/wiki/%E3%82%B5%E3%83%9E%E3%83%BC%E3%83%95%E3%82%A7%E3%82%B9%E3%82%BF_IN_KORIYAMA
福島県	七日堂裸まいり	福島県の祭り	https://ja.wikipedia.org/wiki/%E4%B8%83%E6%97%A5%E5%A0%82%E8%A3%B8%E3%81%BE%E3%81%84%E3%82%8A
福島県	二本松提灯祭り	福島県の祭り	https://ja.wikipedia.org/wiki/%E4%BA%8C%E6%9C%AC%E6%9D%BE%E6%8F%90%E7%81%AF%E7%A5%AD%E3%82%8A
福島県	会津まつり	福島県の祭り	https://ja.wikipedia.org/wiki/%E4%BC%9A%E6%B4%A5%E3%81%BE%E3%81%A4%E3%82%8A
福島県	会津田島祇園祭	福島県の祭り	https://ja.wikipedia.org/wiki/%E4%BC%9A%E6%B4%A5%E7%94%B0%E5%B3%B6%E7%A5%87%E5%9C%92%E7%A5%AD
福島県	会津絵ろうそくまつり	福島県の祭り	https://ja.wikipedia.org/wiki/%E4%BC%9A%E6%B4%A5%E7%B5%B5%E3%82%8D%E3%81%86%E3%81%9D%E3%81%8F%E3%81%BE%E3%81%A4%E3%82%8A
福島県	信夫三山暁まいり	福島県の祭り	https://ja.wikipedia.org/wiki/%E4%BF%A1%E5%A4%AB%E4%B8%89%E5%B1%B1%E6%9A%81%E3%81%BE%E3%81%84%E3%82%8A
福島県	北部先囃子	福島県の祭り	https://ja.wikipedia.org/wiki/%E5%8C%97%E9%83%A8%E5%85%88%E5%9B%83%E5%AD%90
福島県	南部先囃子	福島県の祭り	https://ja.wikipedia.org/wiki/%E5%8D%97%E9%83%A8%E5%85%88%E5%9B%83%E5%AD%90
福島県	古喜里講	福島県の祭り	https://ja.wikipedia.org/wiki/%E5%8F%A4%E5%96%9C%E9%87%8C%E8%AC%9B
福島県	塞の神まつり	福島県の祭り	https://ja.wikipedia.org/wiki/%E5%A1%9E%E3%81%AE%E7%A5%9E%E3%81%BE%E3%81%A4%E3%82%8A
福島県	安積国造神社秋季例大祭	福島県の祭り	https://ja.wikipedia.org/wiki/%E5%AE%89%E7%A9%8D%E5%9B%BD%E9%80%A0%E7%A5%9E%E7%A4%BE%E7%A7%8B%E5%AD%A3%E4%BE%8B%E5%A4%A7%E7%A5%AD
福島県	富岡の唐傘行灯花火	福島県の花火大会	https://ja.wikipedia.org/wiki/%E5%AF%8C%E5%B2%A1%E3%81%AE%E5%94%90%E5%82%98%E8%A1%8C%E7%81%AF%E8%8A%B1%E7%81%AB
福島県	小浜の紋付祭り	福島県の祭り	https://ja.wikipedia.org/wiki/%E5%B0%8F%E6%B5%9C%E3%81%AE%E7%B4%8B%E4%BB%98%E7%A5%AD%E3%82%8A
福島県	御宝殿の稚児田楽・風流	福島県の祭り	https://ja.wikipedia.org/wiki/%E5%BE%A1%E5%AE%9D%E6%AE%BF%E3%81%AE%E7%A8%9A%E5%85%90%E7%94%B0%E6%A5%BD%E3%83%BB%E9%A2%A8%E6%B5%81
福島県	木幡の幡祭り	福島県の祭り	https://ja.wikipedia.org/wiki/%E6%9C%A8%E5%B9%A1%E3%81%AE%E5%B9%A1%E7%A5%AD%E3%82%8A
福島県	松明あかし	福島県の祭り	https://ja.wikipedia.org/wiki/%E6%9D%BE%E6%98%8E%E3%81%82%E3%81%8B%E3%81%97
福島県	柳橋歌舞伎	福島県の祭り	https://ja.wikipedia.org/wiki/%E6%9F%B3%E6%A9%8B%E6%AD%8C%E8%88%9E%E4%BC%8E
福島県	津島の田植踊	福島県の祭り	https://ja.wikipedia.org/wiki/%E6%B4%A5%E5%B3%B6%E3%81%AE%E7%94%B0%E6%A4%8D%E8%B8%8A
福島県	海老根長月宵あかり〜秋蛍〜	福島県の祭り	https://ja.wikipedia.org/wiki/%E6%B5%B7%E8%80%81%E6%A0%B9%E9%95%B7%E6%9C%88%E5%AE%B5%E3%81%82%E3%81%8B%E3%82%8A%E3%80%9C%E7%A7%8B%E8%9B%8D%E3%80%9C
福島県	相馬野馬追	福島県の祭り	https://ja.wikipedia.org/wiki/%E7%9B%B8%E9%A6%AC%E9%87%8E%E9%A6%AC%E8%BF%BD
福島県	福島わらじまつり	福島県の祭り	https://ja.wikipedia.org/wiki/%E7%A6%8F%E5%B3%B6%E3%82%8F%E3%82%89%E3%81%98%E3%81%BE%E3%81%A4%E3%82%8A
福島県	萩姫まつり	福島県の祭り	https://ja.wikipedia.org/wiki/%E8%90%A9%E5%A7%AB%E3%81%BE%E3%81%A4%E3%82%8A
福島県	越代のサクラ	福島県の祭り	https://ja.wikipedia.org/wiki/%E8%B6%8A%E4%BB%A3%E3%81%AE%E3%82%B5%E3%82%AF%E3%83%A9
福島県	連山車	福島県の祭り	https://ja.wikipedia.org/wiki/%E9%80%A3%E5%B1%B1%E8%BB%8A
福島県	郡山うねめまつり	福島県の祭り	https://ja.wikipedia.org/wiki/%E9%83%A1%E5%B1%B1%E3%81%86%E3%81%AD%E3%82%81%E3%81%BE%E3%81%A4%E3%82%8A
福島県	都々古別神社の御田植	福島県の祭り	https://ja.wikipedia.org/wiki/%E9%83%BD%E3%80%85%E5%8F%A4%E5%88%A5%E7%A5%9E%E7%A4%BE%E3%81%AE%E5%BE%A1%E7%94%B0%E6%A4%8D
福島県	釈迦堂川花火大会	福島県の花火大会	https://ja.wikipedia.org/wiki/%E9%87%88%E8%BF%A6%E5%A0%82%E5%B7%9D%E8%8A%B1%E7%81%AB%E5%A4%A7%E4%BC%9A
福島県	金刀比羅神社例大祭	福島県の祭り	https://ja.wikipedia.org/wiki/%E9%87%91%E5%88%80%E6%AF%94%E7%BE%85%E7%A5%9E%E7%A4%BE%E4%BE%8B%E5%A4%A7%E7%A5%AD
福島県	針道のあばれ山車	福島県の祭り	https://ja.wikipedia.org/wiki/%E9%87%9D%E9%81%93%E3%81%AE%E3%81%82%E3%81%B0%E3%82%8C%E5%B1%B1%E8%BB%8A
福島県	長沼まつり	福島県の祭り	https://ja.wikipedia.org/wiki/%E9%95%B7%E6%B2%BC%E3%81%BE%E3%81%A4%E3%82%8A
福島県	飯坂けんか祭り	福島県の祭り	https://ja.wikipedia.org/wiki/%E9%A3%AF%E5%9D%82%E3%81%91%E3%82%93%E3%81%8B%E7%A5%AD%E3%82%8A
茨城県	KENPOKU ART 2016 茨城県北芸術祭	茨城県の祭り	https://ja.wikipedia.org/wiki/KENPOKU_ART_2016_%E8%8C%A8%E5%9F%8E%E7%9C%8C%E5%8C%97%E8%8A%B8%E8%A1%93%E7%A5%AD
茨城県	SAKURAフェスティバル	茨城県の祭り	https://ja.wikipedia.org/wiki/SAKURA%E3%83%95%E3%82%A7%E3%82%B9%E3%83%86%E3%82%A3%E3%83%90%E3%83%AB
茨城県	いばらきまつり	茨城県の祭り	https://ja.wikipedia.org/wiki/%E3%81%84%E3%81%B0%E3%82%89%E3%81%8D%E3%81%BE%E3%81%A4%E3%82%8A
茨城県	うしくかっぱ祭り	茨城県の祭り	https://ja.wikipedia.org/wiki/%E3%81%86%E3%81%97%E3%81%8F%E3%81%8B%E3%81%A3%E3%81%B1%E7%A5%AD%E3%82%8A
茨城県	おめこ祭り	茨城県の祭り	https://ja.wikipedia.org/wiki/%E3%81%8A%E3%82%81%E3%81%93%E7%A5%AD%E3%82%8A
茨城県	かつた祭り	茨城県の祭り	https://ja.wikipedia.org/wiki/%E3%81%8B%E3%81%A4%E3%81%9F%E7%A5%AD%E3%82%8A
茨城県	ひぬまあじさいまつり	茨城県の祭り	https://ja.wikipedia.org/wiki/%E3%81%B2%E3%81%AC%E3%81%BE%E3%81%82%E3%81%98%E3%81%95%E3%81%84%E3%81%BE%E3%81%A4%E3%82%8A
茨城県	まつりつくば	茨城県の祭り	https://ja.wikipedia.org/wiki/%E3%81%BE%E3%81%A4%E3%82%8A%E3%81%A4%E3%81%8F%E3%81%B0
茨城県	下館祇園祭	茨城県の祭り	https://ja.wikipedia.org/wiki/%E4%B8%8B%E9%A4%A8%E7%A5%87%E5%9C%92%E7%A5%AD
茨城県	北条祇園祭	茨城県の祭り	https://ja.wikipedia.org/wiki/%E5%8C%97%E6%9D%A1%E7%A5%87%E5%9C%92%E7%A5%AD
茨城県	古河桃まつり	茨城県の祭り	https://ja.wikipedia.org/wiki/%E5%8F%A4%E6%B2%B3%E6%A1%83%E3%81%BE%E3%81%A4%E3%82%8A
茨城県	土浦カレーフェスティバル	茨城県の祭り	https://ja.wikipedia.org/wiki/%E5%9C%9F%E6%B5%A6%E3%82%AB%E3%83%AC%E3%83%BC%E3%83%95%E3%82%A7%E3%82%B9%E3%83%86%E3%82%A3%E3%83%90%E3%83%AB
茨城県	土浦キララまつり	茨城県の祭り	https://ja.wikipedia.org/wiki/%E5%9C%9F%E6%B5%A6%E3%82%AD%E3%83%A9%E3%83%A9%E3%81%BE%E3%81%A4%E3%82%8A
茨城県	土浦全国花火競技大会	茨城県の花火大会	https://ja.wikipedia.org/wiki/%E5%9C%9F%E6%B5%A6%E5%85%A8%E5%9B%BD%E8%8A%B1%E7%81%AB%E7%AB%B6%E6%8A%80%E5%A4%A7%E4%BC%9A
茨城県	夜梅祭	茨城県の祭り	https://ja.wikipedia.org/wiki/%E5%A4%9C%E6%A2%85%E7%A5%AD
茨城県	大洗あんこう祭	茨城県の祭り	https://ja.wikipedia.org/wiki/%E5%A4%A7%E6%B4%97%E3%81%82%E3%82%93%E3%81%93%E3%81%86%E7%A5%AD
茨城県	大洗春祭り 海楽フェスタ	茨城県の祭り	https://ja.wikipedia.org/wiki/%E5%A4%A7%E6%B4%97%E6%98%A5%E7%A5%AD%E3%82%8A_%E6%B5%B7%E6%A5%BD%E3%83%95%E3%82%A7%E3%82%B9%E3%82%BF
茨城県	大飯祭り	茨城県の祭り	https://ja.wikipedia.org/wiki/%E5%A4%A7%E9%A3%AF%E7%A5%AD%E3%82%8A
茨城県	将門まつり	茨城県の祭り	https://ja.wikipedia.org/wiki/%E5%B0%86%E9%96%80%E3%81%BE%E3%81%A4%E3%82%8A
茨城県	小鶴祇園祭	茨城県の祭り	https://ja.wikipedia.org/wiki/%E5%B0%8F%E9%B6%B4%E7%A5%87%E5%9C%92%E7%A5%AD
茨城県	岩瀬駅前夏祭り	茨城県の祭り	https://ja.wikipedia.org/wiki/%E5%B2%A9%E7%80%AC%E9%A7%85%E5%89%8D%E5%A4%8F%E7%A5%AD%E3%82%8A
茨城県	常陸國總社宮大祭	茨城県の祭り	https://ja.wikipedia.org/wiki/%E5%B8%B8%E9%99%B8%E5%9C%8B%E7%B8%BD%E7%A4%BE%E5%AE%AE%E5%A4%A7%E7%A5%AD
茨城県	常陸大津の御船祭	茨城県の祭り	https://ja.wikipedia.org/wiki/%E5%B8%B8%E9%99%B8%E5%A4%A7%E6%B4%A5%E3%81%AE%E5%BE%A1%E8%88%B9%E7%A5%AD
茨城県	年忘れ那珂川花火大会	茨城県の花火大会	https://ja.wikipedia.org/wiki/%E5%B9%B4%E5%BF%98%E3%82%8C%E9%82%A3%E7%8F%82%E5%B7%9D%E8%8A%B1%E7%81%AB%E5%A4%A7%E4%BC%9A
茨城県	悪態祭り (笠間市)	茨城県の祭り	https://ja.wikipedia.org/wiki/%E6%82%AA%E6%85%8B%E7%A5%AD%E3%82%8A_%28%E7%AC%A0%E9%96%93%E5%B8%82%29
茨城県	排禍ばやし	茨城県の祭り	https://ja.wikipedia.org/wiki/%E6%8E%92%E7%A6%8D%E3%81%B0%E3%82%84%E3%81%97
茨城県	新川囃子	茨城県の祭り	https://ja.wikipedia.org/wiki/%E6%96%B0%E5%B7%9D%E5%9B%83%E5%AD%90
茨城県	日立風流物	茨城県の祭り	https://ja.wikipedia.org/wiki/%E6%97%A5%E7%AB%8B%E9%A2%A8%E6%B5%81%E7%89%A9
茨城県	水戸のラーメンまつり	茨城県の祭り	https://ja.wikipedia.org/wiki/%E6%B0%B4%E6%88%B8%E3%81%AE%E3%83%A9%E3%83%BC%E3%83%A1%E3%83%B3%E3%81%BE%E3%81%A4%E3%82%8A
茨城県	水戸の梅まつり	茨城県の祭り	https://ja.wikipedia.org/wiki/%E6%B0%B4%E6%88%B8%E3%81%AE%E6%A2%85%E3%81%BE%E3%81%A4%E3%82%8A
茨城県	水戸まちなかフェスティバル	茨城県の祭り	https://ja.wikipedia.org/wiki/%E6%B0%B4%E6%88%B8%E3%81%BE%E3%81%A1%E3%81%AA%E3%81%8B%E3%83%95%E3%82%A7%E3%82%B9%E3%83%86%E3%82%A3%E3%83%90%E3%83%AB
茨城県	水戸黄門まつり	茨城県の祭り	https://ja.wikipedia.org/wiki/%E6%B0%B4%E6%88%B8%E9%BB%84%E9%96%80%E3%81%BE%E3%81%A4%E3%82%8A
茨城県	水郷潮来あやめまつり	茨城県の祭り	https://ja.wikipedia.org/wiki/%E6%B0%B4%E9%83%B7%E6%BD%AE%E6%9D%A5%E3%81%82%E3%82%84%E3%82%81%E3%81%BE%E3%81%A4%E3%82%8A
茨城県	河原子海上花火大会	茨城県の花火大会	https://ja.wikipedia.org/wiki/%E6%B2%B3%E5%8E%9F%E5%AD%90%E6%B5%B7%E4%B8%8A%E8%8A%B1%E7%81%AB%E5%A4%A7%E4%BC%9A
茨城県	潮来祇園祭禮	茨城県の祭り	https://ja.wikipedia.org/wiki/%E6%BD%AE%E6%9D%A5%E7%A5%87%E5%9C%92%E7%A5%AD%E7%A6%AE
茨城県	百段階段でひなまつり	茨城県の祭り	https://ja.wikipedia.org/wiki/%E7%99%BE%E6%AE%B5%E9%9A%8E%E6%AE%B5%E3%81%A7%E3%81%B2%E3%81%AA%E3%81%BE%E3%81%A4%E3%82%8A
茨城県	笠間の陶炎祭	茨城県の祭り	https://ja.wikipedia.org/wiki/%E7%AC%A0%E9%96%93%E3%81%AE%E9%99%B6%E7%82%8E%E7%A5%AD
茨城県	筑波山もみじ祭り	茨城県の祭り	https://ja.wikipedia.org/wiki/%E7%AD%91%E6%B3%A2%E5%B1%B1%E3%82%82%E3%81%BF%E3%81%98%E7%A5%AD%E3%82%8A
茨城県	筑波山梅まつり	茨城県の祭り	https://ja.wikipedia.org/wiki/%E7%AD%91%E6%B3%A2%E5%B1%B1%E6%A2%85%E3%81%BE%E3%81%A4%E3%82%8A
茨城県	茨城県北芸術祭	茨城県の祭り	https://ja.wikipedia.org/wiki/%E8%8C%A8%E5%9F%8E%E7%9C%8C%E5%8C%97%E8%8A%B8%E8%A1%93%E7%A5%AD
茨城県	金砂神社磯出大祭礼	茨城県の祭り	https://ja.wikipedia.org/wiki/%E9%87%91%E7%A0%82%E7%A5%9E%E7%A4%BE%E7%A3%AF%E5%87%BA%E5%A4%A7%E7%A5%AD%E7%A4%BC
茨城県	鹿嶋市花火大会	茨城県の花火大会	https://ja.wikipedia.org/wiki/%E9%B9%BF%E5%B6%8B%E5%B8%82%E8%8A%B1%E7%81%AB%E5%A4%A7%E4%BC%9A
茨城県	龍ヶ崎の撞舞	茨城県の祭り	https://ja.wikipedia.org/wiki/%E9%BE%8D%E3%83%B6%E5%B4%8E%E3%81%AE%E6%92%9E%E8%88%9E
栃木県	うつのみや花火大会	栃木県の花火大会	https://ja.wikipedia.org/wiki/%E3%81%86%E3%81%A4%E3%81%AE%E3%81%BF%E3%82%84%E8%8A%B1%E7%81%AB%E5%A4%A7%E4%BC%9A
栃木県	とちぎ夏まつり	栃木県の祭り	https://ja.wikipedia.org/wiki/%E3%81%A8%E3%81%A1%E3%81%8E%E5%A4%8F%E3%81%BE%E3%81%A4%E3%82%8A
栃木県	とちぎ秋まつり	栃木県の祭り	https://ja.wikipedia.org/wiki/%E3%81%A8%E3%81%A1%E3%81%8E%E7%A7%8B%E3%81%BE%E3%81%A4%E3%82%8A
栃木県	ふるさと宮まつり	栃木県の祭り	https://ja.wikipedia.org/wiki/%E3%81%B5%E3%82%8B%E3%81%95%E3%81%A8%E5%AE%AE%E3%81%BE%E3%81%A4%E3%82%8A
栃木県	光の花の庭	栃木県の祭り	https://ja.wikipedia.org/wiki/%E5%85%89%E3%81%AE%E8%8A%B1%E3%81%AE%E5%BA%AD
栃木県	土祭	栃木県の祭り	https://ja.wikipedia.org/wiki/%E5%9C%9F%E7%A5%AD
栃木県	山あげ祭	栃木県の祭り	https://ja.wikipedia.org/wiki/%E5%B1%B1%E3%81%82%E3%81%92%E7%A5%AD
栃木県	御神酒頂戴式	栃木県の祭り	https://ja.wikipedia.org/wiki/%E5%BE%A1%E7%A5%9E%E9%85%92%E9%A0%82%E6%88%B4%E5%BC%8F
栃木県	湯西川温泉かまくら祭	栃木県の祭り	https://ja.wikipedia.org/wiki/%E6%B9%AF%E8%A5%BF%E5%B7%9D%E6%B8%A9%E6%B3%89%E3%81%8B%E3%81%BE%E3%81%8F%E3%82%89%E7%A5%AD
栃木県	生子神社の泣き相撲	栃木県の祭り	https://ja.wikipedia.org/wiki/%E7%94%9F%E5%AD%90%E7%A5%9E%E7%A4%BE%E3%81%AE%E6%B3%A3%E3%81%8D%E7%9B%B8%E6%92%B2
栃木県	発光路の強飯式	栃木県の祭り	https://ja.wikipedia.org/wiki/%E7%99%BA%E5%85%89%E8%B7%AF%E3%81%AE%E5%BC%B7%E9%A3%AF%E5%BC%8F
栃木県	益子夜市	栃木県の祭り	https://ja.wikipedia.org/wiki/%E7%9B%8A%E5%AD%90%E5%A4%9C%E5%B8%82
栃木県	益子祇園祭	栃木県の祭り	https://ja.wikipedia.org/wiki/%E7%9B%8A%E5%AD%90%E7%A5%87%E5%9C%92%E7%A5%AD
栃木県	益子陶器市	栃木県の祭り	https://ja.wikipedia.org/wiki/%E7%9B%8A%E5%AD%90%E9%99%B6%E5%99%A8%E5%B8%82
栃木県	足利花火大会	栃木県の花火大会	https://ja.wikipedia.org/wiki/%E8%B6%B3%E5%88%A9%E8%8A%B1%E7%81%AB%E5%A4%A7%E4%BC%9A
栃木県	那須御神火祭	栃木県の祭り	https://ja.wikipedia.org/wiki/%E9%82%A3%E9%A0%88%E5%BE%A1%E7%A5%9E%E7%81%AB%E7%A5%AD
栃木県	鹿沼今宮神社祭の屋台行事	栃木県の祭り	https://ja.wikipedia.org/wiki/%E9%B9%BF%E6%B2%BC%E4%BB%8A%E5%AE%AE%E7%A5%9E%E7%A4%BE%E7%A5%AD%E3%81%AE%E5%B1%8B%E5%8F%B0%E8%A1%8C%E4%BA%8B
栃木県	鹿沼秋まつり	栃木県の祭り	https://ja.wikipedia.org/wiki/%E9%B9%BF%E6%B2%BC%E7%A7%8B%E3%81%BE%E3%81%A4%E3%82%8A
群馬県	1000人ROCK FES.GUNMA	群馬県の祭り	https://ja.wikipedia.org/wiki/1000%E4%BA%BAROCK_FES.GUNMA
群馬県	くろほね夏まつり	群馬県の祭り	https://ja.wikipedia.org/wiki/%E3%81%8F%E3%82%8D%E3%81%BB%E3%81%AD%E5%A4%8F%E3%81%BE%E3%81%A4%E3%82%8A
群馬県	上州焼き饅祭	群馬県の祭り	https://ja.wikipedia.org/wiki/%E4%B8%8A%E5%B7%9E%E7%84%BC%E3%81%8D%E9%A5%85%E7%A5%AD
群馬県	前橋まつり	群馬県の祭り	https://ja.wikipedia.org/wiki/%E5%89%8D%E6%A9%8B%E3%81%BE%E3%81%A4%E3%82%8A
群馬県	前橋ブックフェス	群馬県の祭り	https://ja.wikipedia.org/wiki/%E5%89%8D%E6%A9%8B%E3%83%96%E3%83%83%E3%82%AF%E3%83%95%E3%82%A7%E3%82%B9
群馬県	前橋七夕まつり	群馬県の祭り	https://ja.wikipedia.org/wiki/%E5%89%8D%E6%A9%8B%E4%B8%83%E5%A4%95%E3%81%BE%E3%81%A4%E3%82%8A
群馬県	前橋初市まつり	群馬県の祭り	https://ja.wikipedia.org/wiki/%E5%89%8D%E6%A9%8B%E5%88%9D%E5%B8%82%E3%81%BE%E3%81%A4%E3%82%8A
群馬県	前橋大酉祭	群馬県の祭り	https://ja.wikipedia.org/wiki/%E5%89%8D%E6%A9%8B%E5%A4%A7%E9%85%89%E7%A5%AD
群馬県	千本木龍頭神舞	群馬県の祭り	https://ja.wikipedia.org/wiki/%E5%8D%83%E6%9C%AC%E6%9C%A8%E9%BE%8D%E9%A0%AD%E7%A5%9E%E8%88%9E
群馬県	大胡祇園まつり	群馬県の祭り	https://ja.wikipedia.org/wiki/%E5%A4%A7%E8%83%A1%E7%A5%87%E5%9C%92%E3%81%BE%E3%81%A4%E3%82%8A
群馬県	太田市やぶ塚かかし祭り	群馬県の祭り	https://ja.wikipedia.org/wiki/%E5%A4%AA%E7%94%B0%E5%B8%82%E3%82%84%E3%81%B6%E5%A1%9A%E3%81%8B%E3%81%8B%E3%81%97%E7%A5%AD%E3%82%8A
群馬県	尾島ねぷた	群馬県の祭り	https://ja.wikipedia.org/wiki/%E5%B0%BE%E5%B3%B6%E3%81%AD%E3%81%B7%E3%81%9F
群馬県	新里まつり	群馬県の祭り	https://ja.wikipedia.org/wiki/%E6%96%B0%E9%87%8C%E3%81%BE%E3%81%A4%E3%82%8A
群馬県	桐生えびす講	群馬県の祭り	https://ja.wikipedia.org/wiki/%E6%A1%90%E7%94%9F%E3%81%88%E3%81%B3%E3%81%99%E8%AC%9B
群馬県	桐生八木節まつり	群馬県の祭り	https://ja.wikipedia.org/wiki/%E6%A1%90%E7%94%9F%E5%85%AB%E6%9C%A8%E7%AF%80%E3%81%BE%E3%81%A4%E3%82%8A
群馬県	樋越神明宮の春鍬祭	群馬県の祭り	https://ja.wikipedia.org/wiki/%E6%A8%8B%E8%B6%8A%E7%A5%9E%E6%98%8E%E5%AE%AE%E3%81%AE%E6%98%A5%E9%8D%AC%E7%A5%AD
群馬県	渋川へそ祭り	群馬県の祭り	https://ja.wikipedia.org/wiki/%E6%B8%8B%E5%B7%9D%E3%81%B8%E3%81%9D%E7%A5%AD%E3%82%8A
群馬県	片品の猿追い祭り	群馬県の祭り	https://ja.wikipedia.org/wiki/%E7%89%87%E5%93%81%E3%81%AE%E7%8C%BF%E8%BF%BD%E3%81%84%E7%A5%AD%E3%82%8A
群馬県	高崎まつり	群馬県の祭り	https://ja.wikipedia.org/wiki/%E9%AB%98%E5%B4%8E%E3%81%BE%E3%81%A4%E3%82%8A
埼玉県	こうのす花火大会	埼玉県の花火大会	https://ja.wikipedia.org/wiki/%E3%81%93%E3%81%86%E3%81%AE%E3%81%99%E8%8A%B1%E7%81%AB%E5%A4%A7%E4%BC%9A
埼玉県	さいたま市花火大会	埼玉県の花火大会	https://ja.wikipedia.org/wiki/%E3%81%95%E3%81%84%E3%81%9F%E3%81%BE%E5%B8%82%E8%8A%B1%E7%81%AB%E5%A4%A7%E4%BC%9A
埼玉県	さくら草まつり	埼玉県の祭り	https://ja.wikipedia.org/wiki/%E3%81%95%E3%81%8F%E3%82%89%E8%8D%89%E3%81%BE%E3%81%A4%E3%82%8A
埼玉県	たたら祭り	埼玉県の祭り	https://ja.wikipedia.org/wiki/%E3%81%9F%E3%81%9F%E3%82%89%E7%A5%AD%E3%82%8A
埼玉県	めぬま花火大会	埼玉県の花火大会	https://ja.wikipedia.org/wiki/%E3%82%81%E3%81%AC%E3%81%BE%E8%8A%B1%E7%81%AB%E5%A4%A7%E4%BC%9A
埼玉県	久喜の提灯祭り・天王様	埼玉県の祭り	https://ja.wikipedia.org/wiki/%E4%B9%85%E5%96%9C%E3%81%AE%E6%8F%90%E7%81%AF%E7%A5%AD%E3%82%8A%E3%83%BB%E5%A4%A9%E7%8E%8B%E6%A7%98
埼玉県	十二日まち	埼玉県の祭り	https://ja.wikipedia.org/wiki/%E5%8D%81%E4%BA%8C%E6%97%A5%E3%81%BE%E3%81%A1
埼玉県	南越谷阿波踊り	埼玉県の祭り	https://ja.wikipedia.org/wiki/%E5%8D%97%E8%B6%8A%E8%B0%B7%E9%98%BF%E6%B3%A2%E8%B8%8A%E3%82%8A
埼玉県	坂戸よさこい	埼玉県の祭り	https://ja.wikipedia.org/wiki/%E5%9D%82%E6%88%B8%E3%82%88%E3%81%95%E3%81%93%E3%81%84
埼玉県	坂戸・夏よさこい	埼玉県の祭り	https://ja.wikipedia.org/wiki/%E5%9D%82%E6%88%B8%E3%83%BB%E5%A4%8F%E3%82%88%E3%81%95%E3%81%93%E3%81%84
埼玉県	大江戸花火まつり	埼玉県の花火大会	https://ja.wikipedia.org/wiki/%E5%A4%A7%E6%B1%9F%E6%88%B8%E8%8A%B1%E7%81%AB%E3%81%BE%E3%81%A4%E3%82%8A
埼玉県	大湯祭	埼玉県の祭り	https://ja.wikipedia.org/wiki/%E5%A4%A7%E6%B9%AF%E7%A5%AD
埼玉県	宇根八阪神社例大祭	埼玉県の祭り	https://ja.wikipedia.org/wiki/%E5%AE%87%E6%A0%B9%E5%85%AB%E9%98%AA%E7%A5%9E%E7%A4%BE%E4%BE%8B%E5%A4%A7%E7%A5%AD
埼玉県	寄居玉淀水天宮祭	埼玉県の祭り	https://ja.wikipedia.org/wiki/%E5%AF%84%E5%B1%85%E7%8E%89%E6%B7%80%E6%B0%B4%E5%A4%A9%E5%AE%AE%E7%A5%AD
埼玉県	小川町七夕まつり	埼玉県の祭り	https://ja.wikipedia.org/wiki/%E5%B0%8F%E5%B7%9D%E7%94%BA%E4%B8%83%E5%A4%95%E3%81%BE%E3%81%A4%E3%82%8A
埼玉県	山河八木節踊り	埼玉県の祭り	https://ja.wikipedia.org/wiki/%E5%B1%B1%E6%B2%B3%E5%85%AB%E6%9C%A8%E7%AF%80%E8%B8%8A%E3%82%8A
埼玉県	川瀬祭	埼玉県の祭り	https://ja.wikipedia.org/wiki/%E5%B7%9D%E7%80%AC%E7%A5%AD
埼玉県	川越氷川祭	埼玉県の祭り	https://ja.wikipedia.org/wiki/%E5%B7%9D%E8%B6%8A%E6%B0%B7%E5%B7%9D%E7%A5%AD
埼玉県	川越百万灯夏祭り	埼玉県の祭り	https://ja.wikipedia.org/wiki/%E5%B7%9D%E8%B6%8A%E7%99%BE%E4%B8%87%E7%81%AF%E5%A4%8F%E7%A5%AD%E3%82%8A
埼玉県	戸田橋花火大会	埼玉県の花火大会	https://ja.wikipedia.org/wiki/%E6%88%B8%E7%94%B0%E6%A9%8B%E8%8A%B1%E7%81%AB%E5%A4%A7%E4%BC%9A
埼玉県	本庄まつり	埼玉県の祭り	https://ja.wikipedia.org/wiki/%E6%9C%AC%E5%BA%84%E3%81%BE%E3%81%A4%E3%82%8A
埼玉県	桶川祇園祭	埼玉県の祭り	https://ja.wikipedia.org/wiki/%E6%A1%B6%E5%B7%9D%E7%A5%87%E5%9C%92%E7%A5%AD
埼玉県	梅宮神社の甘酒祭り	埼玉県の祭り	https://ja.wikipedia.org/wiki/%E6%A2%85%E5%AE%AE%E7%A5%9E%E7%A4%BE%E3%81%AE%E7%94%98%E9%85%92%E7%A5%AD%E3%82%8A
埼玉県	深谷まつり	埼玉県の祭り	https://ja.wikipedia.org/wiki/%E6%B7%B1%E8%B0%B7%E3%81%BE%E3%81%A4%E3%82%8A
埼玉県	熊谷うちわ祭	埼玉県の祭り	https://ja.wikipedia.org/wiki/%E7%86%8A%E8%B0%B7%E3%81%86%E3%81%A1%E3%82%8F%E7%A5%AD
埼玉県	熊谷花火大会	埼玉県の花火大会	https://ja.wikipedia.org/wiki/%E7%86%8A%E8%B0%B7%E8%8A%B1%E7%81%AB%E5%A4%A7%E4%BC%9A
埼玉県	狭山市入間川七夕まつり	埼玉県の祭り	https://ja.wikipedia.org/wiki/%E7%8B%AD%E5%B1%B1%E5%B8%82%E5%85%A5%E9%96%93%E5%B7%9D%E4%B8%83%E5%A4%95%E3%81%BE%E3%81%A4%E3%82%8A
埼玉県	猪俣百八燈	埼玉県の祭り	https://ja.wikipedia.org/wiki/%E7%8C%AA%E4%BF%A3%E7%99%BE%E5%85%AB%E7%87%88
埼玉県	秩父三大春まつり	埼玉県の祭り	https://ja.wikipedia.org/wiki/%E7%A7%A9%E7%88%B6%E4%B8%89%E5%A4%A7%E6%98%A5%E3%81%BE%E3%81%A4%E3%82%8A
埼玉県	秩父吉田の龍勢	埼玉県の祭り	https://ja.wikipedia.org/wiki/%E7%A7%A9%E7%88%B6%E5%90%89%E7%94%B0%E3%81%AE%E9%BE%8D%E5%8B%A2
埼玉県	秩父夜祭	埼玉県の祭り	https://ja.wikipedia.org/wiki/%E7%A7%A9%E7%88%B6%E5%A4%9C%E7%A5%AD
埼玉県	秩父川瀬祭	埼玉県の祭り	https://ja.wikipedia.org/wiki/%E7%A7%A9%E7%88%B6%E5%B7%9D%E7%80%AC%E7%A5%AD
埼玉県	秩父神社御田植祭	埼玉県の祭り	https://ja.wikipedia.org/wiki/%E7%A7%A9%E7%88%B6%E7%A5%9E%E7%A4%BE%E5%BE%A1%E7%94%B0%E6%A4%8D%E7%A5%AD
埼玉県	西三ツ木ばやし	埼玉県の祭り	https://ja.wikipedia.org/wiki/%E8%A5%BF%E4%B8%89%E3%83%84%E6%9C%A8%E3%81%B0%E3%82%84%E3%81%97
埼玉県	金子神社祭礼	埼玉県の祭り	https://ja.wikipedia.org/wiki/%E9%87%91%E5%AD%90%E7%A5%9E%E7%A4%BE%E7%A5%AD%E7%A4%BC
埼玉県	飯能まつり	埼玉県の祭り	https://ja.wikipedia.org/wiki/%E9%A3%AF%E8%83%BD%E3%81%BE%E3%81%A4%E3%82%8A
埼玉県	鴻巣びっくりひな祭り	埼玉県の祭り	https://ja.wikipedia.org/wiki/%E9%B4%BB%E5%B7%A3%E3%81%B3%E3%81%A3%E3%81%8F%E3%82%8A%E3%81%B2%E3%81%AA%E7%A5%AD%E3%82%8A
千葉県	NARITA花火大会in印旛沼	千葉県の花火大会	https://ja.wikipedia.org/wiki/NARITA%E8%8A%B1%E7%81%AB%E5%A4%A7%E4%BC%9Ain%E5%8D%B0%E6%97%9B%E6%B2%BC
千葉県	かつうらビッグひな祭り	千葉県の祭り	https://ja.wikipedia.org/wiki/%E3%81%8B%E3%81%A4%E3%81%86%E3%82%89%E3%83%93%E3%83%83%E3%82%B0%E3%81%B2%E3%81%AA%E7%A5%AD%E3%82%8A
千葉県	しいかご舞	千葉県の祭り	https://ja.wikipedia.org/wiki/%E3%81%97%E3%81%84%E3%81%8B%E3%81%94%E8%88%9E
千葉県	ふなばしミュージックストリート	千葉県の祭り	https://ja.wikipedia.org/wiki/%E3%81%B5%E3%81%AA%E3%81%B0%E3%81%97%E3%83%9F%E3%83%A5%E3%83%BC%E3%82%B8%E3%83%83%E3%82%AF%E3%82%B9%E3%83%88%E3%83%AA%E3%83%BC%E3%83%88
千葉県	やっさいもっさい	千葉県の祭り	https://ja.wikipedia.org/wiki/%E3%82%84%E3%81%A3%E3%81%95%E3%81%84%E3%82%82%E3%81%A3%E3%81%95%E3%81%84
千葉県	下総三山の七年祭り	千葉県の祭り	https://ja.wikipedia.org/wiki/%E4%B8%8B%E7%B7%8F%E4%B8%89%E5%B1%B1%E3%81%AE%E4%B8%83%E5%B9%B4%E7%A5%AD%E3%82%8A
千葉県	中島の梵天立て	千葉県の祭り	https://ja.wikipedia.org/wiki/%E4%B8%AD%E5%B3%B6%E3%81%AE%E6%A2%B5%E5%A4%A9%E7%AB%8B%E3%81%A6
千葉県	佐倉の秋祭り	千葉県の祭り	https://ja.wikipedia.org/wiki/%E4%BD%90%E5%80%89%E3%81%AE%E7%A7%8B%E7%A5%AD%E3%82%8A
千葉県	佐倉市民花火大会	千葉県の花火大会	https://ja.wikipedia.org/wiki/%E4%BD%90%E5%80%89%E5%B8%82%E6%B0%91%E8%8A%B1%E7%81%AB%E5%A4%A7%E4%BC%9A
千葉県	佐原の大祭	千葉県の祭り	https://ja.wikipedia.org/wiki/%E4%BD%90%E5%8E%9F%E3%81%AE%E5%A4%A7%E7%A5%AD
千葉県	佐原囃子	千葉県の祭り	https://ja.wikipedia.org/wiki/%E4%BD%90%E5%8E%9F%E5%9B%83%E5%AD%90
千葉県	勝浦大漁まつり	千葉県の祭り	https://ja.wikipedia.org/wiki/%E5%8B%9D%E6%B5%A6%E5%A4%A7%E6%BC%81%E3%81%BE%E3%81%A4%E3%82%8A
千葉県	千葉市民花火大会	千葉県の花火大会	https://ja.wikipedia.org/wiki/%E5%8D%83%E8%91%89%E5%B8%82%E6%B0%91%E8%8A%B1%E7%81%AB%E5%A4%A7%E4%BC%9A
千葉県	大原はだか祭り	千葉県の祭り	https://ja.wikipedia.org/wiki/%E5%A4%A7%E5%8E%9F%E3%81%AF%E3%81%A0%E3%81%8B%E7%A5%AD%E3%82%8A
千葉県	大江戸花火まつり	千葉県の花火大会	https://ja.wikipedia.org/wiki/%E5%A4%A7%E6%B1%9F%E6%88%B8%E8%8A%B1%E7%81%AB%E3%81%BE%E3%81%A4%E3%82%8A
千葉県	太田のエンヤーホー	千葉県の祭り	https://ja.wikipedia.org/wiki/%E5%A4%AA%E7%94%B0%E3%81%AE%E3%82%A8%E3%83%B3%E3%83%A4%E3%83%BC%E3%83%9B%E3%83%BC
千葉県	富津市民花火大会	千葉県の花火大会	https://ja.wikipedia.org/wiki/%E5%AF%8C%E6%B4%A5%E5%B8%82%E6%B0%91%E8%8A%B1%E7%81%AB%E5%A4%A7%E4%BC%9A
千葉県	小見川祇園祭	千葉県の祭り	https://ja.wikipedia.org/wiki/%E5%B0%8F%E8%A6%8B%E5%B7%9D%E7%A5%87%E5%9C%92%E7%A5%AD
千葉県	市川市民納涼花火大会	千葉県の花火大会	https://ja.wikipedia.org/wiki/%E5%B8%82%E5%B7%9D%E5%B8%82%E6%B0%91%E7%B4%8D%E6%B6%BC%E8%8A%B1%E7%81%AB%E5%A4%A7%E4%BC%9A
千葉県	成田祇園祭	千葉県の祭り	https://ja.wikipedia.org/wiki/%E6%88%90%E7%94%B0%E7%A5%87%E5%9C%92%E7%A5%AD
千葉県	手賀沼花火大会	千葉県の花火大会	https://ja.wikipedia.org/wiki/%E6%89%8B%E8%B3%80%E6%B2%BC%E8%8A%B1%E7%81%AB%E5%A4%A7%E4%BC%9A
千葉県	木更津港まつり	千葉県の祭り	https://ja.wikipedia.org/wiki/%E6%9C%A8%E6%9B%B4%E6%B4%A5%E6%B8%AF%E3%81%BE%E3%81%A4%E3%82%8A
千葉県	東金やっさまつり	千葉県の祭り	https://ja.wikipedia.org/wiki/%E6%9D%B1%E9%87%91%E3%82%84%E3%81%A3%E3%81%95%E3%81%BE%E3%81%A4%E3%82%8A
千葉県	東金囃子	千葉県の祭り	https://ja.wikipedia.org/wiki/%E6%9D%B1%E9%87%91%E5%9B%83%E5%AD%90
千葉県	東金桜まつり	千葉県の祭り	https://ja.wikipedia.org/wiki/%E6%9D%B1%E9%87%91%E6%A1%9C%E3%81%BE%E3%81%A4%E3%82%8A
千葉県	柏まつり	千葉県の祭り	https://ja.wikipedia.org/wiki/%E6%9F%8F%E3%81%BE%E3%81%A4%E3%82%8A
千葉県	水郷おみがわ花火大会	千葉県の花火大会	https://ja.wikipedia.org/wiki/%E6%B0%B4%E9%83%B7%E3%81%8A%E3%81%BF%E3%81%8C%E3%82%8F%E8%8A%B1%E7%81%AB%E5%A4%A7%E4%BC%9A
千葉県	水郷佐原あやめ祭り	千葉県の祭り	https://ja.wikipedia.org/wiki/%E6%B0%B4%E9%83%B7%E4%BD%90%E5%8E%9F%E3%81%82%E3%82%84%E3%82%81%E7%A5%AD%E3%82%8A
千葉県	江戸川花火大会 (江戸川区・市川市)	千葉県の花火大会	https://ja.wikipedia.org/wiki/%E6%B1%9F%E6%88%B8%E5%B7%9D%E8%8A%B1%E7%81%AB%E5%A4%A7%E4%BC%9A_%28%E6%B1%9F%E6%88%B8%E5%B7%9D%E5%8C%BA%E3%83%BB%E5%B8%82%E5%B7%9D%E5%B8%82%29
千葉県	洲崎のミノコオドリ	千葉県の祭り	https://ja.wikipedia.org/wiki/%E6%B4%B2%E5%B4%8E%E3%81%AE%E3%83%9F%E3%83%8E%E3%82%B3%E3%82%AA%E3%83%89%E3%83%AA
千葉県	浦安三社祭	千葉県の祭り	https://ja.wikipedia.org/wiki/%E6%B5%A6%E5%AE%89%E4%B8%89%E7%A4%BE%E7%A5%AD
千葉県	神保ばやし	千葉県の祭り	https://ja.wikipedia.org/wiki/%E7%A5%9E%E4%BF%9D%E3%81%B0%E3%82%84%E3%81%97
千葉県	習志野きらっと	千葉県の祭り	https://ja.wikipedia.org/wiki/%E7%BF%92%E5%BF%97%E9%87%8E%E3%81%8D%E3%82%89%E3%81%A3%E3%81%A8
千葉県	芝山はにわ祭	千葉県の祭り	https://ja.wikipedia.org/wiki/%E8%8A%9D%E5%B1%B1%E3%81%AF%E3%81%AB%E3%82%8F%E7%A5%AD
千葉県	茂原七夕まつり	千葉県の祭り	https://ja.wikipedia.org/wiki/%E8%8C%82%E5%8E%9F%E4%B8%83%E5%A4%95%E3%81%BE%E3%81%A4%E3%82%8A
千葉県	野田のつく舞	千葉県の祭り	https://ja.wikipedia.org/wiki/%E9%87%8E%E7%94%B0%E3%81%AE%E3%81%A4%E3%81%8F%E8%88%9E
千葉県	香取神宮御田植祭	千葉県の祭り	https://ja.wikipedia.org/wiki/%E9%A6%99%E5%8F%96%E7%A5%9E%E5%AE%AE%E5%BE%A1%E7%94%B0%E6%A4%8D%E7%A5%AD
千葉県	鴨川合同祭	千葉県の祭り	https://ja.wikipedia.org/wiki/%E9%B4%A8%E5%B7%9D%E5%90%88%E5%90%8C%E7%A5%AD
東京都	JAZZ AUDITORIA in WATERRAS	東京都の祭り	https://ja.wikipedia.org/wiki/JAZZ_AUDITORIA_in_WATERRAS
東京都	いたばし花火大会	東京都の花火大会	https://ja.wikipedia.org/wiki/%E3%81%84%E3%81%9F%E3%81%B0%E3%81%97%E8%8A%B1%E7%81%AB%E5%A4%A7%E4%BC%9A
東京都	うけらの神事	東京都の祭り	https://ja.wikipedia.org/wiki/%E3%81%86%E3%81%91%E3%82%89%E3%81%AE%E7%A5%9E%E4%BA%8B
東京都	お台場レインボー花火	東京都の花火大会	https://ja.wikipedia.org/wiki/%E3%81%8A%E5%8F%B0%E5%A0%B4%E3%83%AC%E3%82%A4%E3%83%B3%E3%83%9C%E3%83%BC%E8%8A%B1%E7%81%AB
東京都	くらやみ祭	東京都の祭り	https://ja.wikipedia.org/wiki/%E3%81%8F%E3%82%89%E3%82%84%E3%81%BF%E7%A5%AD
東京都	せいせき多摩川花火大会	東京都の花火大会	https://ja.wikipedia.org/wiki/%E3%81%9B%E3%81%84%E3%81%9B%E3%81%8D%E5%A4%9A%E6%91%A9%E5%B7%9D%E8%8A%B1%E7%81%AB%E5%A4%A7%E4%BC%9A
東京都	ひの新選組まつり	東京都の祭り	https://ja.wikipedia.org/wiki/%E3%81%B2%E3%81%AE%E6%96%B0%E9%81%B8%E7%B5%84%E3%81%BE%E3%81%A4%E3%82%8A
東京都	べったら市	東京都の祭り	https://ja.wikipedia.org/wiki/%E3%81%B9%E3%81%A3%E3%81%9F%E3%82%89%E5%B8%82
東京都	ほおずき市	東京都の祭り	https://ja.wikipedia.org/wiki/%E3%81%BB%E3%81%8A%E3%81%9A%E3%81%8D%E5%B8%82
東京都	ボロ市	東京都の祭り	https://ja.wikipedia.org/wiki/%E3%83%9C%E3%83%AD%E5%B8%82
東京都	三社祭	東京都の祭り	https://ja.wikipedia.org/wiki/%E4%B8%89%E7%A4%BE%E7%A5%AD
東京都	下町七夕まつり	東京都の祭り	https://ja.wikipedia.org/wiki/%E4%B8%8B%E7%94%BA%E4%B8%83%E5%A4%95%E3%81%BE%E3%81%A4%E3%82%8A
東京都	世田谷パン祭り	東京都の祭り	https://ja.wikipedia.org/wiki/%E4%B8%96%E7%94%B0%E8%B0%B7%E3%83%91%E3%83%B3%E7%A5%AD%E3%82%8A
東京都	中野駅前大盆踊り大会	東京都の祭り	https://ja.wikipedia.org/wiki/%E4%B8%AD%E9%87%8E%E9%A7%85%E5%89%8D%E5%A4%A7%E7%9B%86%E8%B8%8A%E3%82%8A%E5%A4%A7%E4%BC%9A
東京都	佃住吉講	東京都の祭り	https://ja.wikipedia.org/wiki/%E4%BD%83%E4%BD%8F%E5%90%89%E8%AC%9B
東京都	入谷朝顔まつり	東京都の祭り	https://ja.wikipedia.org/wiki/%E5%85%A5%E8%B0%B7%E6%9C%9D%E9%A1%94%E3%81%BE%E3%81%A4%E3%82%8A
東京都	八王子いちょう祭り	東京都の祭り	https://ja.wikipedia.org/wiki/%E5%85%AB%E7%8E%8B%E5%AD%90%E3%81%84%E3%81%A1%E3%82%87%E3%81%86%E7%A5%AD%E3%82%8A
東京都	八王子まつり	東京都の祭り	https://ja.wikipedia.org/wiki/%E5%85%AB%E7%8E%8B%E5%AD%90%E3%81%BE%E3%81%A4%E3%82%8A
東京都	北区花火会	東京都の花火大会	https://ja.wikipedia.org/wiki/%E5%8C%97%E5%8C%BA%E8%8A%B1%E7%81%AB%E4%BC%9A
東京都	南沢獅子舞	東京都の祭り	https://ja.wikipedia.org/wiki/%E5%8D%97%E6%B2%A2%E7%8D%85%E5%AD%90%E8%88%9E
東京都	原宿表参道元氣祭り・スーパーよさこい	東京都の祭り	https://ja.wikipedia.org/wiki/%E5%8E%9F%E5%AE%BF%E8%A1%A8%E5%8F%82%E9%81%93%E5%85%83%E6%B0%A3%E7%A5%AD%E3%82%8A%E3%83%BB%E3%82%B9%E3%83%BC%E3%83%91%E3%83%BC%E3%82%88%E3%81%95%E3%81%93%E3%81%84
東京都	吉祥寺秋まつり	東京都の祭り	https://ja.wikipedia.org/wiki/%E5%90%89%E7%A5%A5%E5%AF%BA%E7%A7%8B%E3%81%BE%E3%81%A4%E3%82%8A
東京都	多摩川花火大会 (世田谷区・川崎市)	東京都の花火大会	https://ja.wikipedia.org/wiki/%E5%A4%9A%E6%91%A9%E5%B7%9D%E8%8A%B1%E7%81%AB%E5%A4%A7%E4%BC%9A_%28%E4%B8%96%E7%94%B0%E8%B0%B7%E5%8C%BA%E3%83%BB%E5%B7%9D%E5%B4%8E%E5%B8%82%29
東京都	多摩川花火大会一覧	東京都の花火大会	https://ja.wikipedia.org/wiki/%E5%A4%9A%E6%91%A9%E5%B7%9D%E8%8A%B1%E7%81%AB%E5%A4%A7%E4%BC%9A%E4%B8%80%E8%A6%A7
東京都	夜間特別開園 たてもの園 下町夕涼み	東京都の祭り	https://ja.wikipedia.org/wiki/%E5%A4%9C%E9%96%93%E7%89%B9%E5%88%A5%E9%96%8B%E5%9C%92_%E3%81%9F%E3%81%A6%E3%82%82%E3%81%AE%E5%9C%92_%E4%B8%8B%E7%94%BA%E5%A4%95%E6%B6%BC%E3%81%BF
東京都	大井囃子	東京都の祭り	https://ja.wikipedia.org/wiki/%E5%A4%A7%E4%BA%95%E5%9B%83%E5%AD%90
東京都	天下祭	東京都の祭り	https://ja.wikipedia.org/wiki/%E5%A4%A9%E4%B8%8B%E7%A5%AD
東京都	小河内の鹿島踊	東京都の祭り	https://ja.wikipedia.org/wiki/%E5%B0%8F%E6%B2%B3%E5%86%85%E3%81%AE%E9%B9%BF%E5%B3%B6%E8%B8%8A
東京都	小金井桜まつり	東京都の祭り	https://ja.wikipedia.org/wiki/%E5%B0%8F%E9%87%91%E4%BA%95%E6%A1%9C%E3%81%BE%E3%81%A4%E3%82%8A
東京都	小金井阿波おどり	東京都の祭り	https://ja.wikipedia.org/wiki/%E5%B0%8F%E9%87%91%E4%BA%95%E9%98%BF%E6%B3%A2%E3%81%8A%E3%81%A9%E3%82%8A
東京都	山王祭 (千代田区)	東京都の祭り	https://ja.wikipedia.org/wiki/%E5%B1%B1%E7%8E%8B%E7%A5%AD_%28%E5%8D%83%E4%BB%A3%E7%94%B0%E5%8C%BA%29
東京都	文京つつじまつり	東京都の祭り	https://ja.wikipedia.org/wiki/%E6%96%87%E4%BA%AC%E3%81%A4%E3%81%A4%E3%81%98%E3%81%BE%E3%81%A4%E3%82%8A
東京都	東京ミレナリオ	東京都の祭り	https://ja.wikipedia.org/wiki/%E6%9D%B1%E4%BA%AC%E3%83%9F%E3%83%AC%E3%83%8A%E3%83%AA%E3%82%AA
東京都	東京三大花火大会	東京都の花火大会	https://ja.wikipedia.org/wiki/%E6%9D%B1%E4%BA%AC%E4%B8%89%E5%A4%A7%E8%8A%B1%E7%81%AB%E5%A4%A7%E4%BC%9A
東京都	東京二大花火大会	東京都の花火大会	https://ja.wikipedia.org/wiki/%E6%9D%B1%E4%BA%AC%E4%BA%8C%E5%A4%A7%E8%8A%B1%E7%81%AB%E5%A4%A7%E4%BC%9A
東京都	東京時代まつり	東京都の祭り	https://ja.wikipedia.org/wiki/%E6%9D%B1%E4%BA%AC%E6%99%82%E4%BB%A3%E3%81%BE%E3%81%A4%E3%82%8A
東京都	東京湾大華火祭	東京都の花火大会	https://ja.wikipedia.org/wiki/%E6%9D%B1%E4%BA%AC%E6%B9%BE%E5%A4%A7%E8%8F%AF%E7%81%AB%E7%A5%AD
東京都	東京高円寺阿波おどり	東京都の祭り	https://ja.wikipedia.org/wiki/%E6%9D%B1%E4%BA%AC%E9%AB%98%E5%86%86%E5%AF%BA%E9%98%BF%E6%B3%A2%E3%81%8A%E3%81%A9%E3%82%8A
東京都	板橋の田遊び	東京都の祭り	https://ja.wikipedia.org/wiki/%E6%9D%BF%E6%A9%8B%E3%81%AE%E7%94%B0%E9%81%8A%E3%81%B3
東京都	椿祭り (東京都)	東京都の祭り	https://ja.wikipedia.org/wiki/%E6%A4%BF%E7%A5%AD%E3%82%8A_%28%E6%9D%B1%E4%BA%AC%E9%83%BD%29
東京都	江戸の里神楽	東京都の祭り	https://ja.wikipedia.org/wiki/%E6%B1%9F%E6%88%B8%E3%81%AE%E9%87%8C%E7%A5%9E%E6%A5%BD
東京都	江戸三大祭り	東京都の祭り	https://ja.wikipedia.org/wiki/%E6%B1%9F%E6%88%B8%E4%B8%89%E5%A4%A7%E7%A5%AD%E3%82%8A
東京都	江戸川区花火大会	東京都の花火大会	https://ja.wikipedia.org/wiki/%E6%B1%9F%E6%88%B8%E5%B7%9D%E5%8C%BA%E8%8A%B1%E7%81%AB%E5%A4%A7%E4%BC%9A
東京都	江戸川花火大会 (江戸川区・市川市)	東京都の花火大会	https://ja.wikipedia.org/wiki/%E6%B1%9F%E6%88%B8%E5%B7%9D%E8%8A%B1%E7%81%AB%E5%A4%A7%E4%BC%9A_%28%E6%B1%9F%E6%88%B8%E5%B7%9D%E5%8C%BA%E3%83%BB%E5%B8%82%E5%B7%9D%E5%B8%82%29
東京都	江戸祭礼氏子町一覧	東京都の祭り	https://ja.wikipedia.org/wiki/%E6%B1%9F%E6%88%B8%E7%A5%AD%E7%A4%BC%E6%B0%8F%E5%AD%90%E7%94%BA%E4%B8%80%E8%A6%A7
東京都	浅草サンバカーニバル	東京都の祭り	https://ja.wikipedia.org/wiki/%E6%B5%85%E8%8D%89%E3%82%B5%E3%83%B3%E3%83%90%E3%82%AB%E3%83%BC%E3%83%8B%E3%83%90%E3%83%AB
東京都	浅間幟祭り	東京都の祭り	https://ja.wikipedia.org/wiki/%E6%B5%85%E9%96%93%E5%B9%9F%E7%A5%AD%E3%82%8A
東京都	深大寺鬼燈まつり	東京都の祭り	https://ja.wikipedia.org/wiki/%E6%B7%B1%E5%A4%A7%E5%AF%BA%E9%AC%BC%E7%87%88%E3%81%BE%E3%81%A4%E3%82%8A
東京都	深川八幡祭	東京都の祭り	https://ja.wikipedia.org/wiki/%E6%B7%B1%E5%B7%9D%E5%85%AB%E5%B9%A1%E7%A5%AD
東京都	深川祭	東京都の祭り	https://ja.wikipedia.org/wiki/%E6%B7%B1%E5%B7%9D%E7%A5%AD
東京都	狛江・多摩川花火大会	東京都の花火大会	https://ja.wikipedia.org/wiki/%E7%8B%9B%E6%B1%9F%E3%83%BB%E5%A4%9A%E6%91%A9%E5%B7%9D%E8%8A%B1%E7%81%AB%E5%A4%A7%E4%BC%9A
東京都	王子神社の田楽	東京都の祭り	https://ja.wikipedia.org/wiki/%E7%8E%8B%E5%AD%90%E7%A5%9E%E7%A4%BE%E3%81%AE%E7%94%B0%E6%A5%BD
東京都	神宮外苑花火大会	東京都の花火大会	https://ja.wikipedia.org/wiki/%E7%A5%9E%E5%AE%AE%E5%A4%96%E8%8B%91%E8%8A%B1%E7%81%AB%E5%A4%A7%E4%BC%9A
東京都	神津島のかつお釣り行事	東京都の祭り	https://ja.wikipedia.org/wiki/%E7%A5%9E%E6%B4%A5%E5%B3%B6%E3%81%AE%E3%81%8B%E3%81%A4%E3%81%8A%E9%87%A3%E3%82%8A%E8%A1%8C%E4%BA%8B
東京都	神田カレーグランプリ	東京都の祭り	https://ja.wikipedia.org/wiki/%E7%A5%9E%E7%94%B0%E3%82%AB%E3%83%AC%E3%83%BC%E3%82%B0%E3%83%A9%E3%83%B3%E3%83%97%E3%83%AA
東京都	神田祭	東京都の祭り	https://ja.wikipedia.org/wiki/%E7%A5%9E%E7%94%B0%E7%A5%AD
東京都	福生七夕まつり	東京都の祭り	https://ja.wikipedia.org/wiki/%E7%A6%8F%E7%94%9F%E4%B8%83%E5%A4%95%E3%81%BE%E3%81%A4%E3%82%8A
東京都	立川まつり国営昭和記念公園花火大会	東京都の花火大会	https://ja.wikipedia.org/wiki/%E7%AB%8B%E5%B7%9D%E3%81%BE%E3%81%A4%E3%82%8A%E5%9B%BD%E5%96%B6%E6%98%AD%E5%92%8C%E8%A8%98%E5%BF%B5%E5%85%AC%E5%9C%92%E8%8A%B1%E7%81%AB%E5%A4%A7%E4%BC%9A
東京都	立川よいと祭り	東京都の祭り	https://ja.wikipedia.org/wiki/%E7%AB%8B%E5%B7%9D%E3%82%88%E3%81%84%E3%81%A8%E7%A5%AD%E3%82%8A
東京都	義士祭 (東京都港区)	東京都の祭り	https://ja.wikipedia.org/wiki/%E7%BE%A9%E5%A3%AB%E7%A5%AD_%28%E6%9D%B1%E4%BA%AC%E9%83%BD%E6%B8%AF%E5%8C%BA%29
東京都	自由が丘女神まつり	東京都の祭り	https://ja.wikipedia.org/wiki/%E8%87%AA%E7%94%B1%E3%81%8C%E4%B8%98%E5%A5%B3%E7%A5%9E%E3%81%BE%E3%81%A4%E3%82%8A
東京都	航空百日祭	東京都の祭り	https://ja.wikipedia.org/wiki/%E8%88%AA%E7%A9%BA%E7%99%BE%E6%97%A5%E7%A5%AD
東京都	花祭 (霜月神楽)	東京都の祭り	https://ja.wikipedia.org/wiki/%E8%8A%B1%E7%A5%AD_%28%E9%9C%9C%E6%9C%88%E7%A5%9E%E6%A5%BD%29
東京都	葛飾納涼花火大会	東京都の花火大会	https://ja.wikipedia.org/wiki/%E8%91%9B%E9%A3%BE%E7%B4%8D%E6%B6%BC%E8%8A%B1%E7%81%AB%E5%A4%A7%E4%BC%9A
東京都	調布市花火大会	東京都の花火大会	https://ja.wikipedia.org/wiki/%E8%AA%BF%E5%B8%83%E5%B8%82%E8%8A%B1%E7%81%AB%E5%A4%A7%E4%BC%9A
東京都	赤羽馬鹿祭り	東京都の祭り	https://ja.wikipedia.org/wiki/%E8%B5%A4%E7%BE%BD%E9%A6%AC%E9%B9%BF%E7%A5%AD%E3%82%8A
東京都	足立の花火	東京都の花火大会	https://ja.wikipedia.org/wiki/%E8%B6%B3%E7%AB%8B%E3%81%AE%E8%8A%B1%E7%81%AB
東京都	関のボロ市	東京都の祭り	https://ja.wikipedia.org/wiki/%E9%96%A2%E3%81%AE%E3%83%9C%E3%83%AD%E5%B8%82
東京都	関戸橋フリーマーケット	東京都の祭り	https://ja.wikipedia.org/wiki/%E9%96%A2%E6%88%B8%E6%A9%8B%E3%83%95%E3%83%AA%E3%83%BC%E3%83%9E%E3%83%BC%E3%82%B1%E3%83%83%E3%83%88
東京都	阿佐谷七夕まつり	東京都の祭り	https://ja.wikipedia.org/wiki/%E9%98%BF%E4%BD%90%E8%B0%B7%E4%B8%83%E5%A4%95%E3%81%BE%E3%81%A4%E3%82%8A
東京都	隅田川花火大会	東京都の花火大会	https://ja.wikipedia.org/wiki/%E9%9A%85%E7%94%B0%E5%B7%9D%E8%8A%B1%E7%81%AB%E5%A4%A7%E4%BC%9A
東京都	雷の大般若	東京都の祭り	https://ja.wikipedia.org/wiki/%E9%9B%B7%E3%81%AE%E5%A4%A7%E8%88%AC%E8%8B%A5
東京都	青梅大祭	東京都の祭り	https://ja.wikipedia.org/wiki/%E9%9D%92%E6%A2%85%E5%A4%A7%E7%A5%AD
東京都	鳳凰の舞	東京都の祭り	https://ja.wikipedia.org/wiki/%E9%B3%B3%E5%87%B0%E3%81%AE%E8%88%9E
東京都	麻布十番納涼祭り	東京都の祭り	https://ja.wikipedia.org/wiki/%E9%BA%BB%E5%B8%83%E5%8D%81%E7%95%AA%E7%B4%8D%E6%B6%BC%E7%A5%AD%E3%82%8A
神奈川県	あつぎ鮎まつり	神奈川県の祭り	https://ja.wikipedia.org/wiki/%E3%81%82%E3%81%A4%E3%81%8E%E9%AE%8E%E3%81%BE%E3%81%A4%E3%82%8A
神奈川県	さがみ湖湖上祭花火大会	神奈川県の花火大会	https://ja.wikipedia.org/wiki/%E3%81%95%E3%81%8C%E3%81%BF%E6%B9%96%E6%B9%96%E4%B8%8A%E7%A5%AD%E8%8A%B1%E7%81%AB%E5%A4%A7%E4%BC%9A
神奈川県	ふじさわ江の島花火大会	神奈川県の祭り	https://ja.wikipedia.org/wiki/%E3%81%B5%E3%81%98%E3%81%95%E3%82%8F%E6%B1%9F%E3%81%AE%E5%B3%B6%E8%8A%B1%E7%81%AB%E5%A4%A7%E4%BC%9A
神奈川県	みなとみらいスマートフェスティバル	横浜市の祭り	https://ja.wikipedia.org/wiki/%E3%81%BF%E3%81%AA%E3%81%A8%E3%81%BF%E3%82%89%E3%81%84%E3%82%B9%E3%83%9E%E3%83%BC%E3%83%88%E3%83%95%E3%82%A7%E3%82%B9%E3%83%86%E3%82%A3%E3%83%90%E3%83%AB
神奈川県	よこすか開国花火大会	神奈川県の花火大会	https://ja.wikipedia.org/wiki/%E3%82%88%E3%81%93%E3%81%99%E3%81%8B%E9%96%8B%E5%9B%BD%E8%8A%B1%E7%81%AB%E5%A4%A7%E4%BC%9A
神奈川県	カワサキハロウィン	神奈川県の祭り	https://ja.wikipedia.org/wiki/%E3%82%AB%E3%83%AF%E3%82%B5%E3%82%AD%E3%83%8F%E3%83%AD%E3%82%A6%E3%82%A3%E3%83%B3
神奈川県	サザンビーチちがさき花火大会	神奈川県の花火大会	https://ja.wikipedia.org/wiki/%E3%82%B5%E3%82%B6%E3%83%B3%E3%83%93%E3%83%BC%E3%83%81%E3%81%A1%E3%81%8C%E3%81%95%E3%81%8D%E8%8A%B1%E7%81%AB%E5%A4%A7%E4%BC%9A
神奈川県	チャッキラコ	神奈川県の祭り	https://ja.wikipedia.org/wiki/%E3%83%81%E3%83%A3%E3%83%83%E3%82%AD%E3%83%A9%E3%82%B3
神奈川県	ヨコハマカーニバル	横浜市の祭り	https://ja.wikipedia.org/wiki/%E3%83%A8%E3%82%B3%E3%83%8F%E3%83%9E%E3%82%AB%E3%83%BC%E3%83%8B%E3%83%90%E3%83%AB
神奈川県	吉浜の鹿島踊り	神奈川県の祭り	https://ja.wikipedia.org/wiki/%E5%90%89%E6%B5%9C%E3%81%AE%E9%B9%BF%E5%B3%B6%E8%B8%8A%E3%82%8A
神奈川県	国府祭	神奈川県の祭り	https://ja.wikipedia.org/wiki/%E5%9B%BD%E5%BA%9C%E7%A5%AD
神奈川県	多摩川花火大会 (世田谷区・川崎市)	神奈川県の花火大会	https://ja.wikipedia.org/wiki/%E5%A4%9A%E6%91%A9%E5%B7%9D%E8%8A%B1%E7%81%AB%E5%A4%A7%E4%BC%9A_%28%E4%B8%96%E7%94%B0%E8%B0%B7%E5%8C%BA%E3%83%BB%E5%B7%9D%E5%B4%8E%E5%B8%82%29
神奈川県	多摩川花火大会一覧	神奈川県の花火大会	https://ja.wikipedia.org/wiki/%E5%A4%9A%E6%91%A9%E5%B7%9D%E8%8A%B1%E7%81%AB%E5%A4%A7%E4%BC%9A%E4%B8%80%E8%A6%A7
神奈川県	大岡越前祭	神奈川県の祭り	https://ja.wikipedia.org/wiki/%E5%A4%A7%E5%B2%A1%E8%B6%8A%E5%89%8D%E7%A5%AD
神奈川県	天下一忍者決定戦	神奈川県の祭り	https://ja.wikipedia.org/wiki/%E5%A4%A9%E4%B8%8B%E4%B8%80%E5%BF%8D%E8%80%85%E6%B1%BA%E5%AE%9A%E6%88%A6
神奈川県	小倉橋灯ろう流し	神奈川県の祭り	https://ja.wikipedia.org/wiki/%E5%B0%8F%E5%80%89%E6%A9%8B%E7%81%AF%E3%82%8D%E3%81%86%E6%B5%81%E3%81%97
神奈川県	小田原北條五代祭り	神奈川県の祭り	https://ja.wikipedia.org/wiki/%E5%B0%8F%E7%94%B0%E5%8E%9F%E5%8C%97%E6%A2%9D%E4%BA%94%E4%BB%A3%E7%A5%AD%E3%82%8A
神奈川県	小田原担ぎ	神奈川県の祭り	https://ja.wikipedia.org/wiki/%E5%B0%8F%E7%94%B0%E5%8E%9F%E6%8B%85%E3%81%8E
神奈川県	小田原酒匂川花火大会	神奈川県の花火大会	https://ja.wikipedia.org/wiki/%E5%B0%8F%E7%94%B0%E5%8E%9F%E9%85%92%E5%8C%82%E5%B7%9D%E8%8A%B1%E7%81%AB%E5%A4%A7%E4%BC%9A
神奈川県	居神神社	神奈川県の祭り	https://ja.wikipedia.org/wiki/%E5%B1%85%E7%A5%9E%E7%A5%9E%E7%A4%BE
神奈川県	川崎おどり	神奈川県の祭り	https://ja.wikipedia.org/wiki/%E5%B7%9D%E5%B4%8E%E3%81%8A%E3%81%A9%E3%82%8A
神奈川県	座間の大凧まつり	神奈川県の祭り	https://ja.wikipedia.org/wiki/%E5%BA%A7%E9%96%93%E3%81%AE%E5%A4%A7%E5%87%A7%E3%81%BE%E3%81%A4%E3%82%8A
神奈川県	座間市ひまわりまつり	神奈川県の祭り	https://ja.wikipedia.org/wiki/%E5%BA%A7%E9%96%93%E5%B8%82%E3%81%B2%E3%81%BE%E3%82%8F%E3%82%8A%E3%81%BE%E3%81%A4%E3%82%8A
神奈川県	東林間サマーわぁ!ニバル	神奈川県の祭り	https://ja.wikipedia.org/wiki/%E6%9D%B1%E6%9E%97%E9%96%93%E3%82%B5%E3%83%9E%E3%83%BC%E3%82%8F%E3%81%81%21%E3%83%8B%E3%83%90%E3%83%AB
神奈川県	松原神社 (小田原市)	神奈川県の祭り	https://ja.wikipedia.org/wiki/%E6%9D%BE%E5%8E%9F%E7%A5%9E%E7%A4%BE_%28%E5%B0%8F%E7%94%B0%E5%8E%9F%E5%B8%82%29
神奈川県	横浜開港祭	横浜市の祭り	https://ja.wikipedia.org/wiki/%E6%A8%AA%E6%B5%9C%E9%96%8B%E6%B8%AF%E7%A5%AD
神奈川県	橋本七夕まつり	神奈川県の祭り	https://ja.wikipedia.org/wiki/%E6%A9%8B%E6%9C%AC%E4%B8%83%E5%A4%95%E3%81%BE%E3%81%A4%E3%82%8A
神奈川県	泳げ鯉のぼり相模川	神奈川県の祭り	https://ja.wikipedia.org/wiki/%E6%B3%B3%E3%81%92%E9%AF%89%E3%81%AE%E3%81%BC%E3%82%8A%E7%9B%B8%E6%A8%A1%E5%B7%9D
神奈川県	洪鐘弁天大祭	神奈川県の祭り	https://ja.wikipedia.org/wiki/%E6%B4%AA%E9%90%98%E5%BC%81%E5%A4%A9%E5%A4%A7%E7%A5%AD
神奈川県	浜降祭	神奈川県の祭り	https://ja.wikipedia.org/wiki/%E6%B5%9C%E9%99%8D%E7%A5%AD
神奈川県	湘南ひらつか七夕まつり	神奈川県の祭り	https://ja.wikipedia.org/wiki/%E6%B9%98%E5%8D%97%E3%81%B2%E3%82%89%E3%81%A4%E3%81%8B%E4%B8%83%E5%A4%95%E3%81%BE%E3%81%A4%E3%82%8A
神奈川県	湘南台七夕まつり	神奈川県の祭り	https://ja.wikipedia.org/wiki/%E6%B9%98%E5%8D%97%E5%8F%B0%E4%B8%83%E5%A4%95%E3%81%BE%E3%81%A4%E3%82%8A
神奈川県	狛江・多摩川花火大会	神奈川県の花火大会	https://ja.wikipedia.org/wiki/%E7%8B%9B%E6%B1%9F%E3%83%BB%E5%A4%9A%E6%91%A9%E5%B7%9D%E8%8A%B1%E7%81%AB%E5%A4%A7%E4%BC%9A
神奈川県	皇大神宮 (藤沢市)	神奈川県の祭り	https://ja.wikipedia.org/wiki/%E7%9A%87%E5%A4%A7%E7%A5%9E%E5%AE%AE_%28%E8%97%A4%E6%B2%A2%E5%B8%82%29
神奈川県	相模原市民桜まつり	神奈川県の祭り	https://ja.wikipedia.org/wiki/%E7%9B%B8%E6%A8%A1%E5%8E%9F%E5%B8%82%E6%B0%91%E6%A1%9C%E3%81%BE%E3%81%A4%E3%82%8A
神奈川県	相模原納涼花火大会	神奈川県の祭り	https://ja.wikipedia.org/wiki/%E7%9B%B8%E6%A8%A1%E5%8E%9F%E7%B4%8D%E6%B6%BC%E8%8A%B1%E7%81%AB%E5%A4%A7%E4%BC%9A
神奈川県	真鶴貴船まつり	神奈川県の祭り	https://ja.wikipedia.org/wiki/%E7%9C%9F%E9%B6%B4%E8%B2%B4%E8%88%B9%E3%81%BE%E3%81%A4%E3%82%8A
神奈川県	神奈川新聞花火大会	横浜市の祭り	https://ja.wikipedia.org/wiki/%E7%A5%9E%E5%A5%88%E5%B7%9D%E6%96%B0%E8%81%9E%E8%8A%B1%E7%81%AB%E5%A4%A7%E4%BC%9A
神奈川県	秦野たばこ祭	神奈川県の祭り	https://ja.wikipedia.org/wiki/%E7%A7%A6%E9%87%8E%E3%81%9F%E3%81%B0%E3%81%93%E7%A5%AD
神奈川県	茅ヶ崎サザン芸術花火	神奈川県の花火大会	https://ja.wikipedia.org/wiki/%E8%8C%85%E3%83%B6%E5%B4%8E%E3%82%B5%E3%82%B6%E3%83%B3%E8%8A%B8%E8%A1%93%E8%8A%B1%E7%81%AB
神奈川県	蛇も蚊も	横浜市の祭り	https://ja.wikipedia.org/wiki/%E8%9B%87%E3%82%82%E8%9A%8A%E3%82%82
神奈川県	貴船まつり	神奈川県の祭り	https://ja.wikipedia.org/wiki/%E8%B2%B4%E8%88%B9%E3%81%BE%E3%81%A4%E3%82%8A
神奈川県	貴船神社の船祭り	神奈川県の祭り	https://ja.wikipedia.org/wiki/%E8%B2%B4%E8%88%B9%E7%A5%9E%E7%A4%BE%E3%81%AE%E8%88%B9%E7%A5%AD%E3%82%8A
神奈川県	辻堂諏訪神社例大祭	神奈川県の祭り	https://ja.wikipedia.org/wiki/%E8%BE%BB%E5%A0%82%E8%AB%8F%E8%A8%AA%E7%A5%9E%E7%A4%BE%E4%BE%8B%E5%A4%A7%E7%A5%AD
神奈川県	逗子海岸花火大会	神奈川県の祭り	https://ja.wikipedia.org/wiki/%E9%80%97%E5%AD%90%E6%B5%B7%E5%B2%B8%E8%8A%B1%E7%81%AB%E5%A4%A7%E4%BC%9A
神奈川県	鎌倉カーニバル	神奈川県の祭り	https://ja.wikipedia.org/wiki/%E9%8E%8C%E5%80%89%E3%82%AB%E3%83%BC%E3%83%8B%E3%83%90%E3%83%AB
神奈川県	面掛行列	神奈川県の祭り	https://ja.wikipedia.org/wiki/%E9%9D%A2%E6%8E%9B%E8%A1%8C%E5%88%97
神奈川県	鶴見の田祭り	横浜市の祭り	https://ja.wikipedia.org/wiki/%E9%B6%B4%E8%A6%8B%E3%81%AE%E7%94%B0%E7%A5%AD%E3%82%8A
新潟県	あまめはぎ	新潟県の祭り	https://ja.wikipedia.org/wiki/%E3%81%82%E3%81%BE%E3%82%81%E3%81%AF%E3%81%8E
新潟県	えちごせきかわ大したもん蛇まつり	新潟県の祭り	https://ja.wikipedia.org/wiki/%E3%81%88%E3%81%A1%E3%81%94%E3%81%9B%E3%81%8D%E3%81%8B%E3%82%8F%E5%A4%A7%E3%81%97%E3%81%9F%E3%82%82%E3%82%93%E8%9B%87%E3%81%BE%E3%81%A4%E3%82%8A
新潟県	えんま市	新潟県の祭り	https://ja.wikipedia.org/wiki/%E3%81%88%E3%82%93%E3%81%BE%E5%B8%82
新潟県	おぢやまつり	新潟県の祭り	https://ja.wikipedia.org/wiki/%E3%81%8A%E3%81%A2%E3%82%84%E3%81%BE%E3%81%A4%E3%82%8A
新潟県	おぢや風船一揆	新潟県の祭り	https://ja.wikipedia.org/wiki/%E3%81%8A%E3%81%A2%E3%82%84%E9%A2%A8%E8%88%B9%E4%B8%80%E6%8F%86
新潟県	ぎおん柏崎まつり	新潟県の祭り	https://ja.wikipedia.org/wiki/%E3%81%8E%E3%81%8A%E3%82%93%E6%9F%8F%E5%B4%8E%E3%81%BE%E3%81%A4%E3%82%8A
新潟県	にいがた総おどり	新潟県の祭り	https://ja.wikipedia.org/wiki/%E3%81%AB%E3%81%84%E3%81%8C%E3%81%9F%E7%B7%8F%E3%81%8A%E3%81%A9%E3%82%8A
新潟県	にいつ夏まつり	新潟県の祭り	https://ja.wikipedia.org/wiki/%E3%81%AB%E3%81%84%E3%81%A4%E5%A4%8F%E3%81%BE%E3%81%A4%E3%82%8A
新潟県	ほだれ祭	新潟県の祭り	https://ja.wikipedia.org/wiki/%E3%81%BB%E3%81%A0%E3%82%8C%E7%A5%AD
新潟県	ほんやら洞	新潟県の祭り	https://ja.wikipedia.org/wiki/%E3%81%BB%E3%82%93%E3%82%84%E3%82%89%E6%B4%9E
新潟県	三条まつり	新潟県の祭り	https://ja.wikipedia.org/wiki/%E4%B8%89%E6%9D%A1%E3%81%BE%E3%81%A4%E3%82%8A
新潟県	三条凧合戦	新潟県の祭り	https://ja.wikipedia.org/wiki/%E4%B8%89%E6%9D%A1%E5%87%A7%E5%90%88%E6%88%A6
新潟県	三条夏まつり	新潟県の花火大会	https://ja.wikipedia.org/wiki/%E4%B8%89%E6%9D%A1%E5%A4%8F%E3%81%BE%E3%81%A4%E3%82%8A
新潟県	上越まつり	新潟県の祭り	https://ja.wikipedia.org/wiki/%E4%B8%8A%E8%B6%8A%E3%81%BE%E3%81%A4%E3%82%8A
新潟県	中条祭り	新潟県の祭り	https://ja.wikipedia.org/wiki/%E4%B8%AD%E6%9D%A1%E7%A5%AD%E3%82%8A
新潟県	今町・中之島大凧合戦	新潟県の祭り	https://ja.wikipedia.org/wiki/%E4%BB%8A%E7%94%BA%E3%83%BB%E4%B8%AD%E4%B9%8B%E5%B3%B6%E5%A4%A7%E5%87%A7%E5%90%88%E6%88%A6
新潟県	佐渡の車田植	新潟県の祭り	https://ja.wikipedia.org/wiki/%E4%BD%90%E6%B8%A1%E3%81%AE%E8%BB%8A%E7%94%B0%E6%A4%8D
新潟県	十日町雪まつり	新潟県の祭り	https://ja.wikipedia.org/wiki/%E5%8D%81%E6%97%A5%E7%94%BA%E9%9B%AA%E3%81%BE%E3%81%A4%E3%82%8A
新潟県	南魚沼市雪まつり	新潟県の祭り	https://ja.wikipedia.org/wiki/%E5%8D%97%E9%AD%9A%E6%B2%BC%E5%B8%82%E9%9B%AA%E3%81%BE%E3%81%A4%E3%82%8A
新潟県	城下町新発田ふるさとまつり	新潟県の祭り	https://ja.wikipedia.org/wiki/%E5%9F%8E%E4%B8%8B%E7%94%BA%E6%96%B0%E7%99%BA%E7%94%B0%E3%81%B5%E3%82%8B%E3%81%95%E3%81%A8%E3%81%BE%E3%81%A4%E3%82%8A
新潟県	塞の神まつり	新潟県の祭り	https://ja.wikipedia.org/wiki/%E5%A1%9E%E3%81%AE%E7%A5%9E%E3%81%BE%E3%81%A4%E3%82%8A
新潟県	大池まつり	新潟県の祭り	https://ja.wikipedia.org/wiki/%E5%A4%A7%E6%B1%A0%E3%81%BE%E3%81%A4%E3%82%8A
新潟県	天津神社舞楽	新潟県の祭り	https://ja.wikipedia.org/wiki/%E5%A4%A9%E6%B4%A5%E7%A5%9E%E7%A4%BE%E8%88%9E%E6%A5%BD
新潟県	婿投げ・墨塗り	新潟県の祭り	https://ja.wikipedia.org/wiki/%E5%A9%BF%E6%8A%95%E3%81%92%E3%83%BB%E5%A2%A8%E5%A1%97%E3%82%8A
新潟県	岩船大祭	新潟県の祭り	https://ja.wikipedia.org/wiki/%E5%B2%A9%E8%88%B9%E5%A4%A7%E7%A5%AD
新潟県	新潟まつり	新潟県の祭り	https://ja.wikipedia.org/wiki/%E6%96%B0%E6%BD%9F%E3%81%BE%E3%81%A4%E3%82%8A
新潟県	村上大祭	新潟県の祭り	https://ja.wikipedia.org/wiki/%E6%9D%91%E4%B8%8A%E5%A4%A7%E7%A5%AD
新潟県	来迎寺白山神社秋季大祭	新潟県の祭り	https://ja.wikipedia.org/wiki/%E6%9D%A5%E8%BF%8E%E5%AF%BA%E7%99%BD%E5%B1%B1%E7%A5%9E%E7%A4%BE%E7%A7%8B%E5%AD%A3%E5%A4%A7%E7%A5%AD
新潟県	水原まつり	新潟県の祭り	https://ja.wikipedia.org/wiki/%E6%B0%B4%E5%8E%9F%E3%81%BE%E3%81%A4%E3%82%8A
新潟県	瀬波大祭	新潟県の祭り	https://ja.wikipedia.org/wiki/%E7%80%AC%E6%B3%A2%E5%A4%A7%E7%A5%AD
新潟県	片貝まつり	新潟県の花火大会	https://ja.wikipedia.org/wiki/%E7%89%87%E8%B2%9D%E3%81%BE%E3%81%A4%E3%82%8A
新潟県	牛の角突き	新潟県の祭り	https://ja.wikipedia.org/wiki/%E7%89%9B%E3%81%AE%E8%A7%92%E7%AA%81%E3%81%8D
新潟県	狐の嫁入り行列	新潟県の祭り	https://ja.wikipedia.org/wiki/%E7%8B%90%E3%81%AE%E5%AB%81%E5%85%A5%E3%82%8A%E8%A1%8C%E5%88%97
新潟県	白山神社舞楽	新潟県の祭り	https://ja.wikipedia.org/wiki/%E7%99%BD%E5%B1%B1%E7%A5%9E%E7%A4%BE%E8%88%9E%E6%A5%BD
新潟県	白根大凧合戦	新潟県の祭り	https://ja.wikipedia.org/wiki/%E7%99%BD%E6%A0%B9%E5%A4%A7%E5%87%A7%E5%90%88%E6%88%A6
新潟県	直江津祇園祭	新潟県の祭り	https://ja.wikipedia.org/wiki/%E7%9B%B4%E6%B1%9F%E6%B4%A5%E7%A5%87%E5%9C%92%E7%A5%AD
新潟県	糸魚川・能生の舞楽	新潟県の祭り	https://ja.wikipedia.org/wiki/%E7%B3%B8%E9%AD%9A%E5%B7%9D%E3%83%BB%E8%83%BD%E7%94%9F%E3%81%AE%E8%88%9E%E6%A5%BD
新潟県	葛塚まつり	新潟県の祭り	https://ja.wikipedia.org/wiki/%E8%91%9B%E5%A1%9A%E3%81%BE%E3%81%A4%E3%82%8A
新潟県	蒲原まつり	新潟県の祭り	https://ja.wikipedia.org/wiki/%E8%92%B2%E5%8E%9F%E3%81%BE%E3%81%A4%E3%82%8A
新潟県	謙信公祭	新潟県の祭り	https://ja.wikipedia.org/wiki/%E8%AC%99%E4%BF%A1%E5%85%AC%E7%A5%AD
新潟県	越後三大花火	新潟県の花火大会	https://ja.wikipedia.org/wiki/%E8%B6%8A%E5%BE%8C%E4%B8%89%E5%A4%A7%E8%8A%B1%E7%81%AB
新潟県	鉱山祭	新潟県の祭り	https://ja.wikipedia.org/wiki/%E9%89%B1%E5%B1%B1%E7%A5%AD
新潟県	長岡まつり	新潟県の祭り	https://ja.wikipedia.org/wiki/%E9%95%B7%E5%B2%A1%E3%81%BE%E3%81%A4%E3%82%8A
新潟県	闘牛	新潟県の祭り	https://ja.wikipedia.org/wiki/%E9%97%98%E7%89%9B
新潟県	頸城の祭典	新潟県の祭り	https://ja.wikipedia.org/wiki/%E9%A0%B8%E5%9F%8E%E3%81%AE%E7%A5%AD%E5%85%B8
富山県	いなみ太子伝観光祭	富山県の祭り	https://ja.wikipedia.org/wiki/%E3%81%84%E3%81%AA%E3%81%BF%E5%A4%AA%E5%AD%90%E4%BC%9D%E8%A6%B3%E5%85%89%E7%A5%AD
富山県	おわら風の盆	富山市の祭り	https://ja.wikipedia.org/wiki/%E3%81%8A%E3%82%8F%E3%82%89%E9%A2%A8%E3%81%AE%E7%9B%86
富山県	じゃんとこい魚津まつり	富山県の祭り	https://ja.wikipedia.org/wiki/%E3%81%98%E3%82%83%E3%82%93%E3%81%A8%E3%81%93%E3%81%84%E9%AD%9A%E6%B4%A5%E3%81%BE%E3%81%A4%E3%82%8A
富山県	たてもん祭り	富山県の祭り	https://ja.wikipedia.org/wiki/%E3%81%9F%E3%81%A6%E3%82%82%E3%82%93%E7%A5%AD%E3%82%8A
富山県	つくりもんまつり	高岡市の祭り	https://ja.wikipedia.org/wiki/%E3%81%A4%E3%81%8F%E3%82%8A%E3%82%82%E3%82%93%E3%81%BE%E3%81%A4%E3%82%8A
富山県	やんさんま祭り	富山県の祭り	https://ja.wikipedia.org/wiki/%E3%82%84%E3%82%93%E3%81%95%E3%82%93%E3%81%BE%E7%A5%AD%E3%82%8A
富山県	よいやさ祭り	富山県の祭り	https://ja.wikipedia.org/wiki/%E3%82%88%E3%81%84%E3%82%84%E3%81%95%E7%A5%AD%E3%82%8A
富山県	よっしゃ来い!!CHOUROKUまつり	富山県の祭り	https://ja.wikipedia.org/wiki/%E3%82%88%E3%81%A3%E3%81%97%E3%82%83%E6%9D%A5%E3%81%84%21%21CHOUROKU%E3%81%BE%E3%81%A4%E3%82%8A
富山県	タナバタビアフェスタトヤマ	富山市の祭り	https://ja.wikipedia.org/wiki/%E3%82%BF%E3%83%8A%E3%83%90%E3%82%BF%E3%83%93%E3%82%A2%E3%83%95%E3%82%A7%E3%82%B9%E3%82%BF%E3%83%88%E3%83%A4%E3%83%9E
富山県	中田かかし祭	高岡市の祭り	https://ja.wikipedia.org/wiki/%E4%B8%AD%E7%94%B0%E3%81%8B%E3%81%8B%E3%81%97%E7%A5%AD
富山県	五鹿屋夜高祭	富山県の祭り	https://ja.wikipedia.org/wiki/%E4%BA%94%E9%B9%BF%E5%B1%8B%E5%A4%9C%E9%AB%98%E7%A5%AD
富山県	伏木曳山祭	高岡市の祭り	https://ja.wikipedia.org/wiki/%E4%BC%8F%E6%9C%A8%E6%9B%B3%E5%B1%B1%E7%A5%AD
富山県	入善ラーメンまつり	富山県の祭り	https://ja.wikipedia.org/wiki/%E5%85%A5%E5%96%84%E3%83%A9%E3%83%BC%E3%83%A1%E3%83%B3%E3%81%BE%E3%81%A4%E3%82%8A
富山県	全日本チンドンコンクール	富山市の祭り	https://ja.wikipedia.org/wiki/%E5%85%A8%E6%97%A5%E6%9C%AC%E3%83%81%E3%83%B3%E3%83%89%E3%83%B3%E3%82%B3%E3%83%B3%E3%82%AF%E3%83%BC%E3%83%AB
富山県	出町子供歌舞伎曳山祭	富山県の祭り	https://ja.wikipedia.org/wiki/%E5%87%BA%E7%94%BA%E5%AD%90%E4%BE%9B%E6%AD%8C%E8%88%9E%E4%BC%8E%E6%9B%B3%E5%B1%B1%E7%A5%AD
富山県	利賀のはつうま	富山県の祭り	https://ja.wikipedia.org/wiki/%E5%88%A9%E8%B3%80%E3%81%AE%E3%81%AF%E3%81%A4%E3%81%86%E3%81%BE
富山県	加茂神社の稚児舞	富山県の祭り	https://ja.wikipedia.org/wiki/%E5%8A%A0%E8%8C%82%E7%A5%9E%E7%A4%BE%E3%81%AE%E7%A8%9A%E5%85%90%E8%88%9E
富山県	北日本新聞納涼花火	富山県の花火大会	https://ja.wikipedia.org/wiki/%E5%8C%97%E6%97%A5%E6%9C%AC%E6%96%B0%E8%81%9E%E7%B4%8D%E6%B6%BC%E8%8A%B1%E7%81%AB
富山県	四方子供曳山祭り	富山市の祭り	https://ja.wikipedia.org/wiki/%E5%9B%9B%E6%96%B9%E5%AD%90%E4%BE%9B%E6%9B%B3%E5%B1%B1%E7%A5%AD%E3%82%8A
富山県	城端むぎや祭	富山県の祭り	https://ja.wikipedia.org/wiki/%E5%9F%8E%E7%AB%AF%E3%82%80%E3%81%8E%E3%82%84%E7%A5%AD
富山県	城端曳山祭	富山県の祭り	https://ja.wikipedia.org/wiki/%E5%9F%8E%E7%AB%AF%E6%9B%B3%E5%B1%B1%E7%A5%AD
富山県	塞の神まつり	富山県の祭り	https://ja.wikipedia.org/wiki/%E5%A1%9E%E3%81%AE%E7%A5%9E%E3%81%BE%E3%81%A4%E3%82%8A
富山県	夜高祭	富山県の祭り	https://ja.wikipedia.org/wiki/%E5%A4%9C%E9%AB%98%E7%A5%AD
富山県	大門曳山まつり	富山県の祭り	https://ja.wikipedia.org/wiki/%E5%A4%A7%E9%96%80%E6%9B%B3%E5%B1%B1%E3%81%BE%E3%81%A4%E3%82%8A
富山県	宇佐八幡宮春季祭礼	富山県の祭り	https://ja.wikipedia.org/wiki/%E5%AE%87%E4%BD%90%E5%85%AB%E5%B9%A1%E5%AE%AE%E6%98%A5%E5%AD%A3%E7%A5%AD%E7%A4%BC
富山県	宇奈月温泉雪のカーニバル	富山県の祭り	https://ja.wikipedia.org/wiki/%E5%AE%87%E5%A5%88%E6%9C%88%E6%B8%A9%E6%B3%89%E9%9B%AA%E3%81%AE%E3%82%AB%E3%83%BC%E3%83%8B%E3%83%90%E3%83%AB
富山県	富山まつり	富山市の祭り	https://ja.wikipedia.org/wiki/%E5%AF%8C%E5%B1%B1%E3%81%BE%E3%81%A4%E3%82%8A
富山県	山王まつり (富山市)	富山市の祭り	https://ja.wikipedia.org/wiki/%E5%B1%B1%E7%8E%8B%E3%81%BE%E3%81%A4%E3%82%8A_%28%E5%AF%8C%E5%B1%B1%E5%B8%82%29
富山県	岩瀬曳山車祭	富山市の祭り	https://ja.wikipedia.org/wiki/%E5%B2%A9%E7%80%AC%E6%9B%B3%E5%B1%B1%E8%BB%8A%E7%A5%AD
富山県	幌武者行列	高岡市の祭り	https://ja.wikipedia.org/wiki/%E5%B9%8C%E6%AD%A6%E8%80%85%E8%A1%8C%E5%88%97
富山県	庄川夜高行燈	富山県の祭り	https://ja.wikipedia.org/wiki/%E5%BA%84%E5%B7%9D%E5%A4%9C%E9%AB%98%E8%A1%8C%E7%87%88
富山県	庄川水まつり	富山県の祭り	https://ja.wikipedia.org/wiki/%E5%BA%84%E5%B7%9D%E6%B0%B4%E3%81%BE%E3%81%A4%E3%82%8A
富山県	庄川観光祭	富山県の祭り	https://ja.wikipedia.org/wiki/%E5%BA%84%E5%B7%9D%E8%A6%B3%E5%85%89%E7%A5%AD
富山県	愛宕社の火祭り	富山県の祭り	https://ja.wikipedia.org/wiki/%E6%84%9B%E5%AE%95%E7%A4%BE%E3%81%AE%E7%81%AB%E7%A5%AD%E3%82%8A
富山県	戦国のろし祭り	富山県の祭り	https://ja.wikipedia.org/wiki/%E6%88%A6%E5%9B%BD%E3%81%AE%E3%82%8D%E3%81%97%E7%A5%AD%E3%82%8A
富山県	戸出七夕まつり	高岡市の祭り	https://ja.wikipedia.org/wiki/%E6%88%B8%E5%87%BA%E4%B8%83%E5%A4%95%E3%81%BE%E3%81%A4%E3%82%8A
富山県	放生津曳山祭	富山県の祭り	https://ja.wikipedia.org/wiki/%E6%94%BE%E7%94%9F%E6%B4%A5%E6%9B%B3%E5%B1%B1%E7%A5%AD
富山県	新湊曳山祭	富山県の祭り	https://ja.wikipedia.org/wiki/%E6%96%B0%E6%B9%8A%E6%9B%B3%E5%B1%B1%E7%A5%AD
富山県	明日の稚児舞	富山県の祭り	https://ja.wikipedia.org/wiki/%E6%98%8E%E6%97%A5%E3%81%AE%E7%A8%9A%E5%85%90%E8%88%9E
富山県	氷見祇園祭	富山県の祭り	https://ja.wikipedia.org/wiki/%E6%B0%B7%E8%A6%8B%E7%A5%87%E5%9C%92%E7%A5%AD
富山県	津沢夜高あんどん祭	富山県の祭り	https://ja.wikipedia.org/wiki/%E6%B4%A5%E6%B2%A2%E5%A4%9C%E9%AB%98%E3%81%82%E3%82%93%E3%81%A9%E3%82%93%E7%A5%AD
富山県	海老江曳山祭	富山県の祭り	https://ja.wikipedia.org/wiki/%E6%B5%B7%E8%80%81%E6%B1%9F%E6%9B%B3%E5%B1%B1%E7%A5%AD
富山県	源平火牛まつり	富山県の祭り	https://ja.wikipedia.org/wiki/%E6%BA%90%E5%B9%B3%E7%81%AB%E7%89%9B%E3%81%BE%E3%81%A4%E3%82%8A
富山県	滑川のネブタ流し	富山県の祭り	https://ja.wikipedia.org/wiki/%E6%BB%91%E5%B7%9D%E3%81%AE%E3%83%8D%E3%83%96%E3%82%BF%E6%B5%81%E3%81%97
富山県	熊野神社の稚児舞 (富山市)	富山市の祭り	https://ja.wikipedia.org/wiki/%E7%86%8A%E9%87%8E%E7%A5%9E%E7%A4%BE%E3%81%AE%E7%A8%9A%E5%85%90%E8%88%9E_%28%E5%AF%8C%E5%B1%B1%E5%B8%82%29
富山県	石動曳山祭	富山県の祭り	https://ja.wikipedia.org/wiki/%E7%9F%B3%E5%8B%95%E6%9B%B3%E5%B1%B1%E7%A5%AD
富山県	砺波夜高祭り	富山県の祭り	https://ja.wikipedia.org/wiki/%E7%A0%BA%E6%B3%A2%E5%A4%9C%E9%AB%98%E7%A5%AD%E3%82%8A
富山県	福光宇佐八幡宮春季祭礼	富山県の祭り	https://ja.wikipedia.org/wiki/%E7%A6%8F%E5%85%89%E5%AE%87%E4%BD%90%E5%85%AB%E5%B9%A1%E5%AE%AE%E6%98%A5%E5%AD%A3%E7%A5%AD%E7%A4%BC
富山県	福野夜高祭	富山県の祭り	https://ja.wikipedia.org/wiki/%E7%A6%8F%E9%87%8E%E5%A4%9C%E9%AB%98%E7%A5%AD
富山県	越中の稚児舞	富山県の祭り	https://ja.wikipedia.org/wiki/%E8%B6%8A%E4%B8%AD%E3%81%AE%E7%A8%9A%E5%85%90%E8%88%9E
富山県	越中八尾曳山祭	富山市の祭り	https://ja.wikipedia.org/wiki/%E8%B6%8A%E4%B8%AD%E5%85%AB%E5%B0%BE%E6%9B%B3%E5%B1%B1%E7%A5%AD
富山県	高岡御車山祭	高岡市の祭り	https://ja.wikipedia.org/wiki/%E9%AB%98%E5%B2%A1%E5%BE%A1%E8%BB%8A%E5%B1%B1%E7%A5%AD
富山県	高砂山願念坊祭り	富山市の祭り	https://ja.wikipedia.org/wiki/%E9%AB%98%E7%A0%82%E5%B1%B1%E9%A1%98%E5%BF%B5%E5%9D%8A%E7%A5%AD%E3%82%8A
富山県	魚津産業フェア	富山県の祭り	https://ja.wikipedia.org/wiki/%E9%AD%9A%E6%B4%A5%E7%94%A3%E6%A5%AD%E3%83%95%E3%82%A7%E3%82%A2
富山県	鷹栖夜高祭	富山県の祭り	https://ja.wikipedia.org/wiki/%E9%B7%B9%E6%A0%96%E5%A4%9C%E9%AB%98%E7%A5%AD
富山県	黒河夜高祭	富山県の祭り	https://ja.wikipedia.org/wiki/%E9%BB%92%E6%B2%B3%E5%A4%9C%E9%AB%98%E7%A5%AD
石川県	あばれ祭	石川県の祭り	https://ja.wikipedia.org/wiki/%E3%81%82%E3%81%B0%E3%82%8C%E7%A5%AD
石川県	あまめはぎ	石川県の祭り	https://ja.wikipedia.org/wiki/%E3%81%82%E3%81%BE%E3%82%81%E3%81%AF%E3%81%8E
石川県	おかえり祭り	石川県の祭り	https://ja.wikipedia.org/wiki/%E3%81%8A%E3%81%8B%E3%81%88%E3%82%8A%E7%A5%AD%E3%82%8A
石川県	お旅まつり	石川県の祭り	https://ja.wikipedia.org/wiki/%E3%81%8A%E6%97%85%E3%81%BE%E3%81%A4%E3%82%8A
石川県	お熊甲祭	七尾市の祭り	https://ja.wikipedia.org/wiki/%E3%81%8A%E7%86%8A%E7%94%B2%E7%A5%AD
石川県	ぐず焼き祭り	石川県の祭り	https://ja.wikipedia.org/wiki/%E3%81%90%E3%81%9A%E7%84%BC%E3%81%8D%E7%A5%AD%E3%82%8A
石川県	こいこい祭り	石川県の祭り	https://ja.wikipedia.org/wiki/%E3%81%93%E3%81%84%E3%81%93%E3%81%84%E7%A5%AD%E3%82%8A
石川県	ほうらい祭り	石川県の祭り	https://ja.wikipedia.org/wiki/%E3%81%BB%E3%81%86%E3%82%89%E3%81%84%E7%A5%AD%E3%82%8A
石川県	アエノコト	石川県の祭り	https://ja.wikipedia.org/wiki/%E3%82%A2%E3%82%A8%E3%83%8E%E3%82%B3%E3%83%88
石川県	七尾港まつり	七尾市の祭り	https://ja.wikipedia.org/wiki/%E4%B8%83%E5%B0%BE%E6%B8%AF%E3%81%BE%E3%81%A4%E3%82%8A
石川県	七尾祇園祭	七尾市の祭り	https://ja.wikipedia.org/wiki/%E4%B8%83%E5%B0%BE%E7%A5%87%E5%9C%92%E7%A5%AD
石川県	中島お祭り資料館・お祭り伝承館	七尾市の祭り	https://ja.wikipedia.org/wiki/%E4%B8%AD%E5%B3%B6%E3%81%8A%E7%A5%AD%E3%82%8A%E8%B3%87%E6%96%99%E9%A4%A8%E3%83%BB%E3%81%8A%E7%A5%AD%E3%82%8A%E4%BC%9D%E6%89%BF%E9%A4%A8
石川県	二又川獅子舞	石川県の祭り	https://ja.wikipedia.org/wiki/%E4%BA%8C%E5%8F%88%E5%B7%9D%E7%8D%85%E5%AD%90%E8%88%9E
石川県	六保祭	七尾市の祭り	https://ja.wikipedia.org/wiki/%E5%85%AD%E4%BF%9D%E7%A5%AD
石川県	加賀獅子	石川県の祭り	https://ja.wikipedia.org/wiki/%E5%8A%A0%E8%B3%80%E7%8D%85%E5%AD%90
石川県	加賀萬歳	石川県の祭り	https://ja.wikipedia.org/wiki/%E5%8A%A0%E8%B3%80%E8%90%AC%E6%AD%B3
石川県	北國大花火川北大会	石川県の花火大会	https://ja.wikipedia.org/wiki/%E5%8C%97%E5%9C%8B%E5%A4%A7%E8%8A%B1%E7%81%AB%E5%B7%9D%E5%8C%97%E5%A4%A7%E4%BC%9A
石川県	北國花火	石川県の花火大会	https://ja.wikipedia.org/wiki/%E5%8C%97%E5%9C%8B%E8%8A%B1%E7%81%AB
石川県	十万石まつり	石川県の祭り	https://ja.wikipedia.org/wiki/%E5%8D%81%E4%B8%87%E7%9F%B3%E3%81%BE%E3%81%A4%E3%82%8A
石川県	向田の火祭り	七尾市の祭り	https://ja.wikipedia.org/wiki/%E5%90%91%E7%94%B0%E3%81%AE%E7%81%AB%E7%A5%AD%E3%82%8A
石川県	和倉温泉お祭り会館	七尾市の祭り	https://ja.wikipedia.org/wiki/%E5%92%8C%E5%80%89%E6%B8%A9%E6%B3%89%E3%81%8A%E7%A5%AD%E3%82%8A%E4%BC%9A%E9%A4%A8
石川県	宇出津のキリコ祭り	石川県の祭り	https://ja.wikipedia.org/wiki/%E5%AE%87%E5%87%BA%E6%B4%A5%E3%81%AE%E3%82%AD%E3%83%AA%E3%82%B3%E7%A5%AD%E3%82%8A
石川県	宝立七夕キリコ祭り	石川県の祭り	https://ja.wikipedia.org/wiki/%E5%AE%9D%E7%AB%8B%E4%B8%83%E5%A4%95%E3%82%AD%E3%83%AA%E3%82%B3%E7%A5%AD%E3%82%8A
石川県	小濱神社秋季祭礼	石川県の祭り	https://ja.wikipedia.org/wiki/%E5%B0%8F%E6%BF%B1%E7%A5%9E%E7%A4%BE%E7%A7%8B%E5%AD%A3%E7%A5%AD%E7%A4%BC
石川県	御陣乗太鼓	石川県の祭り	https://ja.wikipedia.org/wiki/%E5%BE%A1%E9%99%A3%E4%B9%97%E5%A4%AA%E9%BC%93
石川県	新宮祭	七尾市の祭り	https://ja.wikipedia.org/wiki/%E6%96%B0%E5%AE%AE%E7%A5%AD
石川県	新宮納涼祭	七尾市の祭り	https://ja.wikipedia.org/wiki/%E6%96%B0%E5%AE%AE%E7%B4%8D%E6%B6%BC%E7%A5%AD
石川県	湯涌ぼんぼり祭り	石川県の祭り	https://ja.wikipedia.org/wiki/%E6%B9%AF%E6%B6%8C%E3%81%BC%E3%82%93%E3%81%BC%E3%82%8A%E7%A5%AD%E3%82%8A
石川県	珠洲デカ曳山	石川県の祭り	https://ja.wikipedia.org/wiki/%E7%8F%A0%E6%B4%B2%E3%83%87%E3%82%AB%E6%9B%B3%E5%B1%B1
石川県	白山まつり	石川県の祭り	https://ja.wikipedia.org/wiki/%E7%99%BD%E5%B1%B1%E3%81%BE%E3%81%A4%E3%82%8A
石川県	石崎奉燈祭	七尾市の祭り	https://ja.wikipedia.org/wiki/%E7%9F%B3%E5%B4%8E%E5%A5%89%E7%87%88%E7%A5%AD
石川県	竹割り祭り	石川県の祭り	https://ja.wikipedia.org/wiki/%E7%AB%B9%E5%89%B2%E3%82%8A%E7%A5%AD%E3%82%8A
石川県	能登キリコ祭り	石川県の祭り	https://ja.wikipedia.org/wiki/%E8%83%BD%E7%99%BB%E3%82%AD%E3%83%AA%E3%82%B3%E7%A5%AD%E3%82%8A
石川県	菖蒲湯祭り	石川県の祭り	https://ja.wikipedia.org/wiki/%E8%8F%96%E8%92%B2%E6%B9%AF%E7%A5%AD%E3%82%8A
石川県	輪島キリコ会館	能登キリコ祭り	https://ja.wikipedia.org/wiki/%E8%BC%AA%E5%B3%B6%E3%82%AD%E3%83%AA%E3%82%B3%E4%BC%9A%E9%A4%A8
石川県	金沢百万石まつり	石川県の祭り	https://ja.wikipedia.org/wiki/%E9%87%91%E6%B2%A2%E7%99%BE%E4%B8%87%E7%9F%B3%E3%81%BE%E3%81%A4%E3%82%8A
石川県	雪だるま祭り	石川県の祭り	https://ja.wikipedia.org/wiki/%E9%9B%AA%E3%81%A0%E3%82%8B%E3%81%BE%E7%A5%AD%E3%82%8A
石川県	青柏祭	七尾市の祭り	https://ja.wikipedia.org/wiki/%E9%9D%92%E6%9F%8F%E7%A5%AD
石川県	飯田町燈籠山祭り	石川県の祭り	https://ja.wikipedia.org/wiki/%E9%A3%AF%E7%94%B0%E7%94%BA%E7%87%88%E7%B1%A0%E5%B1%B1%E7%A5%AD%E3%82%8A
石川県	鵜島の曳山祭り	石川県の祭り	https://ja.wikipedia.org/wiki/%E9%B5%9C%E5%B3%B6%E3%81%AE%E6%9B%B3%E5%B1%B1%E7%A5%AD%E3%82%8A
福井県	あっぽっしゃ	福井県の祭り	https://ja.wikipedia.org/wiki/%E3%81%82%E3%81%A3%E3%81%BD%E3%81%A3%E3%81%97%E3%82%83
福井県	とうろう流しと大花火大会	福井県の花火大会	https://ja.wikipedia.org/wiki/%E3%81%A8%E3%81%86%E3%82%8D%E3%81%86%E6%B5%81%E3%81%97%E3%81%A8%E5%A4%A7%E8%8A%B1%E7%81%AB%E5%A4%A7%E4%BC%9A
福井県	スーパー大火勢	福井県の祭り	https://ja.wikipedia.org/wiki/%E3%82%B9%E3%83%BC%E3%83%91%E3%83%BC%E5%A4%A7%E7%81%AB%E5%8B%A2
福井県	三国祭	福井県の祭り	https://ja.wikipedia.org/wiki/%E4%B8%89%E5%9B%BD%E7%A5%AD
福井県	三国花火大会	福井県の花火大会	https://ja.wikipedia.org/wiki/%E4%B8%89%E5%9B%BD%E8%8A%B1%E7%81%AB%E5%A4%A7%E4%BC%9A
福井県	三國湊帯のまち流し	福井県の祭り	https://ja.wikipedia.org/wiki/%E4%B8%89%E5%9C%8B%E6%B9%8A%E5%B8%AF%E3%81%AE%E3%81%BE%E3%81%A1%E6%B5%81%E3%81%97
福井県	三國神社	福井県の祭り	https://ja.wikipedia.org/wiki/%E4%B8%89%E5%9C%8B%E7%A5%9E%E7%A4%BE
福井県	丸岡古城まつり	福井県の祭り	https://ja.wikipedia.org/wiki/%E4%B8%B8%E5%B2%A1%E5%8F%A4%E5%9F%8E%E3%81%BE%E3%81%A4%E3%82%8A
福井県	勝山左義長	福井県の祭り	https://ja.wikipedia.org/wiki/%E5%8B%9D%E5%B1%B1%E5%B7%A6%E7%BE%A9%E9%95%B7
福井県	天満神社 (敦賀市栄新町)	福井県の祭り	https://ja.wikipedia.org/wiki/%E5%A4%A9%E6%BA%80%E7%A5%9E%E7%A4%BE_%28%E6%95%A6%E8%B3%80%E5%B8%82%E6%A0%84%E6%96%B0%E7%94%BA%29
福井県	川裾祭	福井県の祭り	https://ja.wikipedia.org/wiki/%E5%B7%9D%E8%A3%BE%E7%A5%AD
福井県	手杵祭	福井県の祭り	https://ja.wikipedia.org/wiki/%E6%89%8B%E6%9D%B5%E7%A5%AD
福井県	放生祭	福井県の祭り	https://ja.wikipedia.org/wiki/%E6%94%BE%E7%94%9F%E7%A5%AD
福井県	敦賀まつり	福井県の祭り	https://ja.wikipedia.org/wiki/%E6%95%A6%E8%B3%80%E3%81%BE%E3%81%A4%E3%82%8A
福井県	敦賀西町の綱引き	福井県の祭り	https://ja.wikipedia.org/wiki/%E6%95%A6%E8%B3%80%E8%A5%BF%E7%94%BA%E3%81%AE%E7%B6%B1%E5%BC%95%E3%81%8D
福井県	日向の綱引き行事	福井県の祭り	https://ja.wikipedia.org/wiki/%E6%97%A5%E5%90%91%E3%81%AE%E7%B6%B1%E5%BC%95%E3%81%8D%E8%A1%8C%E4%BA%8B
福井県	松上げ	福井県の祭り	https://ja.wikipedia.org/wiki/%E6%9D%BE%E4%B8%8A%E3%81%92
福井県	水海の田楽・能舞	福井県の祭り	https://ja.wikipedia.org/wiki/%E6%B0%B4%E6%B5%B7%E3%81%AE%E7%94%B0%E6%A5%BD%E3%83%BB%E8%83%BD%E8%88%9E
福井県	福井フェニックスまつり	福井県の祭り	https://ja.wikipedia.org/wiki/%E7%A6%8F%E4%BA%95%E3%83%95%E3%82%A7%E3%83%8B%E3%83%83%E3%82%AF%E3%82%B9%E3%81%BE%E3%81%A4%E3%82%8A
福井県	花山行事	福井県の祭り	https://ja.wikipedia.org/wiki/%E8%8A%B1%E5%B1%B1%E8%A1%8C%E4%BA%8B
福井県	花換まつり	福井県の祭り	https://ja.wikipedia.org/wiki/%E8%8A%B1%E6%8F%9B%E3%81%BE%E3%81%A4%E3%82%8A
福井県	越前萬歳	福井県の祭り	https://ja.wikipedia.org/wiki/%E8%B6%8A%E5%89%8D%E8%90%AC%E6%AD%B3
福井県	野坂だのせ祭り	福井県の祭り	https://ja.wikipedia.org/wiki/%E9%87%8E%E5%9D%82%E3%81%A0%E3%81%AE%E3%81%9B%E7%A5%AD%E3%82%8A
福井県	高浜七年祭	福井県の祭り	https://ja.wikipedia.org/wiki/%E9%AB%98%E6%B5%9C%E4%B8%83%E5%B9%B4%E7%A5%AD
山梨県	一之瀬高橋の春駒	山梨県の祭り	https://ja.wikipedia.org/wiki/%E4%B8%80%E4%B9%8B%E7%80%AC%E9%AB%98%E6%A9%8B%E3%81%AE%E6%98%A5%E9%A7%92
山梨県	信玄公祭り	山梨県の祭り	https://ja.wikipedia.org/wiki/%E4%BF%A1%E7%8E%84%E5%85%AC%E7%A5%AD%E3%82%8A
山梨県	八ヶ岳ホースショーinこぶちさわ	山梨県の祭り	https://ja.wikipedia.org/wiki/%E5%85%AB%E3%83%B6%E5%B2%B3%E3%83%9B%E3%83%BC%E3%82%B9%E3%82%B7%E3%83%A7%E3%83%BCin%E3%81%93%E3%81%B6%E3%81%A1%E3%81%95%E3%82%8F
山梨県	南部の火祭り	山梨県の祭り	https://ja.wikipedia.org/wiki/%E5%8D%97%E9%83%A8%E3%81%AE%E7%81%AB%E7%A5%AD%E3%82%8A
山梨県	吉田の火祭	山梨県の祭り	https://ja.wikipedia.org/wiki/%E5%90%89%E7%94%B0%E3%81%AE%E7%81%AB%E7%A5%AD
山梨県	天津司舞	山梨県の祭り	https://ja.wikipedia.org/wiki/%E5%A4%A9%E6%B4%A5%E5%8F%B8%E8%88%9E
山梨県	川中島合戦戦国絵巻	山梨県の祭り	https://ja.wikipedia.org/wiki/%E5%B7%9D%E4%B8%AD%E5%B3%B6%E5%90%88%E6%88%A6%E6%88%A6%E5%9B%BD%E7%B5%B5%E5%B7%BB
山梨県	河口の稚児舞	山梨県の祭り	https://ja.wikipedia.org/wiki/%E6%B2%B3%E5%8F%A3%E3%81%AE%E7%A8%9A%E5%85%90%E8%88%9E
山梨県	無生野の大念仏	山梨県の祭り	https://ja.wikipedia.org/wiki/%E7%84%A1%E7%94%9F%E9%87%8E%E3%81%AE%E5%A4%A7%E5%BF%B5%E4%BB%8F
山梨県	甲府市七夕祭り	山梨県の祭り	https://ja.wikipedia.org/wiki/%E7%94%B2%E5%BA%9C%E5%B8%82%E4%B8%83%E5%A4%95%E7%A5%AD%E3%82%8A
山梨県	甲府道祖神祭礼	山梨県の祭り	https://ja.wikipedia.org/wiki/%E7%94%B2%E5%BA%9C%E9%81%93%E7%A5%96%E7%A5%9E%E7%A5%AD%E7%A4%BC
山梨県	祇園祭 (市川三郷町)	山梨県の祭り	https://ja.wikipedia.org/wiki/%E7%A5%87%E5%9C%92%E7%A5%AD_%28%E5%B8%82%E5%B7%9D%E4%B8%89%E9%83%B7%E7%94%BA%29
山梨県	神明の花火大会	山梨県の祭り	https://ja.wikipedia.org/wiki/%E7%A5%9E%E6%98%8E%E3%81%AE%E8%8A%B1%E7%81%AB%E5%A4%A7%E4%BC%9A
山梨県	笈形焼き	山梨県の祭り	https://ja.wikipedia.org/wiki/%E7%AC%88%E5%BD%A2%E7%84%BC%E3%81%8D
山梨県	若神子のほうとう祭	山梨県の祭り	https://ja.wikipedia.org/wiki/%E8%8B%A5%E7%A5%9E%E5%AD%90%E3%81%AE%E3%81%BB%E3%81%86%E3%81%A8%E3%81%86%E7%A5%AD
長野県	いいやま雪まつり	長野県の祭り	https://ja.wikipedia.org/wiki/%E3%81%84%E3%81%84%E3%82%84%E3%81%BE%E9%9B%AA%E3%81%BE%E3%81%A4%E3%82%8A
長野県	お練り祭り	長野県の祭り	https://ja.wikipedia.org/wiki/%E3%81%8A%E7%B7%B4%E3%82%8A%E7%A5%AD%E3%82%8A
長野県	お船祭り (須々岐水神社)	長野県の祭り	https://ja.wikipedia.org/wiki/%E3%81%8A%E8%88%B9%E7%A5%AD%E3%82%8A_%28%E9%A0%88%E3%80%85%E5%B2%90%E6%B0%B4%E7%A5%9E%E7%A4%BE%29
長野県	さくさくまつり	長野県の祭り	https://ja.wikipedia.org/wiki/%E3%81%95%E3%81%8F%E3%81%95%E3%81%8F%E3%81%BE%E3%81%A4%E3%82%8A
長野県	カッタカタまつり	長野県の祭り	https://ja.wikipedia.org/wiki/%E3%82%AB%E3%83%83%E3%82%BF%E3%82%AB%E3%82%BF%E3%81%BE%E3%81%A4%E3%82%8A
長野県	サマーナイトファイヤーフェスティバル	長野県の花火大会	https://ja.wikipedia.org/wiki/%E3%82%B5%E3%83%9E%E3%83%BC%E3%83%8A%E3%82%A4%E3%83%88%E3%83%95%E3%82%A1%E3%82%A4%E3%83%A4%E3%83%BC%E3%83%95%E3%82%A7%E3%82%B9%E3%83%86%E3%82%A3%E3%83%90%E3%83%AB
長野県	上田わっしょい	長野県の祭り	https://ja.wikipedia.org/wiki/%E4%B8%8A%E7%94%B0%E3%82%8F%E3%81%A3%E3%81%97%E3%82%87%E3%81%84
長野県	中野ションションまつり	長野県の祭り	https://ja.wikipedia.org/wiki/%E4%B8%AD%E9%87%8E%E3%82%B7%E3%83%A7%E3%83%B3%E3%82%B7%E3%83%A7%E3%83%B3%E3%81%BE%E3%81%A4%E3%82%8A
長野県	信州上田祇園祭	長野県の祭り	https://ja.wikipedia.org/wiki/%E4%BF%A1%E5%B7%9E%E4%B8%8A%E7%94%B0%E7%A5%87%E5%9C%92%E7%A5%AD
長野県	信州須坂しあわせ雛祭り	長野県の祭り	https://ja.wikipedia.org/wiki/%E4%BF%A1%E5%B7%9E%E9%A0%88%E5%9D%82%E3%81%97%E3%81%82%E3%82%8F%E3%81%9B%E9%9B%9B%E7%A5%AD%E3%82%8A
長野県	全国新作花火競技大会	長野県の花火大会	https://ja.wikipedia.org/wiki/%E5%85%A8%E5%9B%BD%E6%96%B0%E4%BD%9C%E8%8A%B1%E7%81%AB%E7%AB%B6%E6%8A%80%E5%A4%A7%E4%BC%9A
長野県	塩嶺御野立記念祭	長野県の祭り	https://ja.wikipedia.org/wiki/%E5%A1%A9%E5%B6%BA%E5%BE%A1%E9%87%8E%E7%AB%8B%E8%A8%98%E5%BF%B5%E7%A5%AD
長野県	天龍村の霜月神楽	長野県の祭り	https://ja.wikipedia.org/wiki/%E5%A4%A9%E9%BE%8D%E6%9D%91%E3%81%AE%E9%9C%9C%E6%9C%88%E7%A5%9E%E6%A5%BD
長野県	安曇野花火	長野県の花火大会	https://ja.wikipedia.org/wiki/%E5%AE%89%E6%9B%87%E9%87%8E%E8%8A%B1%E7%81%AB
長野県	宮田祇園祭	長野県の祭り	https://ja.wikipedia.org/wiki/%E5%AE%AE%E7%94%B0%E7%A5%87%E5%9C%92%E7%A5%AD
長野県	岡谷太鼓祭り	長野県の祭り	https://ja.wikipedia.org/wiki/%E5%B2%A1%E8%B0%B7%E5%A4%AA%E9%BC%93%E7%A5%AD%E3%82%8A
長野県	岩村田祇園祭お船様祭り	長野県の祭り	https://ja.wikipedia.org/wiki/%E5%B2%A9%E6%9D%91%E7%94%B0%E7%A5%87%E5%9C%92%E7%A5%AD%E3%81%8A%E8%88%B9%E6%A7%98%E7%A5%AD%E3%82%8A
長野県	岳の幟	長野県の祭り	https://ja.wikipedia.org/wiki/%E5%B2%B3%E3%81%AE%E5%B9%9F
長野県	峠の国盗り綱引き合戦	長野県の祭り	https://ja.wikipedia.org/wiki/%E5%B3%A0%E3%81%AE%E5%9B%BD%E7%9B%97%E3%82%8A%E7%B6%B1%E5%BC%95%E3%81%8D%E5%90%88%E6%88%A6
長野県	島立裸まつり	長野県の祭り	https://ja.wikipedia.org/wiki/%E5%B3%B6%E7%AB%8B%E8%A3%B8%E3%81%BE%E3%81%A4%E3%82%8A
長野県	弥栄神社 (長野市)	長野県の祭り	https://ja.wikipedia.org/wiki/%E5%BC%A5%E6%A0%84%E7%A5%9E%E7%A4%BE_%28%E9%95%B7%E9%87%8E%E5%B8%82%29
長野県	御柱祭	長野県の祭り	https://ja.wikipedia.org/wiki/%E5%BE%A1%E6%9F%B1%E7%A5%AD
長野県	新野の盆踊り	長野県の祭り	https://ja.wikipedia.org/wiki/%E6%96%B0%E9%87%8E%E3%81%AE%E7%9B%86%E8%B8%8A%E3%82%8A
長野県	新野の雪まつり	長野県の祭り	https://ja.wikipedia.org/wiki/%E6%96%B0%E9%87%8E%E3%81%AE%E9%9B%AA%E3%81%BE%E3%81%A4%E3%82%8A
長野県	松本あめ市	長野県の祭り	https://ja.wikipedia.org/wiki/%E6%9D%BE%E6%9C%AC%E3%81%82%E3%82%81%E5%B8%82
長野県	松本のぼんぼん・青山様	長野県の祭り	https://ja.wikipedia.org/wiki/%E6%9D%BE%E6%9C%AC%E3%81%AE%E3%81%BC%E3%82%93%E3%81%BC%E3%82%93%E3%83%BB%E9%9D%92%E5%B1%B1%E6%A7%98
長野県	松本ぼんぼん	長野県の祭り	https://ja.wikipedia.org/wiki/%E6%9D%BE%E6%9C%AC%E3%81%BC%E3%82%93%E3%81%BC%E3%82%93
長野県	犀川神社太々神楽	長野県の祭り	https://ja.wikipedia.org/wiki/%E7%8A%80%E5%B7%9D%E7%A5%9E%E7%A4%BE%E5%A4%AA%E3%80%85%E7%A5%9E%E6%A5%BD
長野県	茅野どんばん	長野県の祭り	https://ja.wikipedia.org/wiki/%E8%8C%85%E9%87%8E%E3%81%A9%E3%82%93%E3%81%B0%E3%82%93
長野県	諏訪湖祭湖上花火大会	長野県の花火大会	https://ja.wikipedia.org/wiki/%E8%AB%8F%E8%A8%AA%E6%B9%96%E7%A5%AD%E6%B9%96%E4%B8%8A%E8%8A%B1%E7%81%AB%E5%A4%A7%E4%BC%9A
長野県	跡部の踊り念仏	長野県の祭り	https://ja.wikipedia.org/wiki/%E8%B7%A1%E9%83%A8%E3%81%AE%E8%B8%8A%E3%82%8A%E5%BF%B5%E4%BB%8F
長野県	長野えびす講煙火大会	長野県の花火大会	https://ja.wikipedia.org/wiki/%E9%95%B7%E9%87%8E%E3%81%88%E3%81%B3%E3%81%99%E8%AC%9B%E7%85%99%E7%81%AB%E5%A4%A7%E4%BC%9A
長野県	長野びんずる	長野県の祭り	https://ja.wikipedia.org/wiki/%E9%95%B7%E9%87%8E%E3%81%B3%E3%82%93%E3%81%9A%E3%82%8B
長野県	飯田りんごん	長野県の祭り	https://ja.wikipedia.org/wiki/%E9%A3%AF%E7%94%B0%E3%82%8A%E3%82%93%E3%81%94%E3%82%93
岐阜県	GIFUみずほ秋花火	岐阜県の花火大会	https://ja.wikipedia.org/wiki/GIFU%E3%81%BF%E3%81%9A%E3%81%BB%E7%A7%8B%E8%8A%B1%E7%81%AB
岐阜県	おいでん祭 (中津川市)	岐阜県の祭り	https://ja.wikipedia.org/wiki/%E3%81%8A%E3%81%84%E3%81%A7%E3%82%93%E7%A5%AD_%28%E4%B8%AD%E6%B4%A5%E5%B7%9D%E5%B8%82%29
岐阜県	おがせ池夏まつり	岐阜県の祭り	https://ja.wikipedia.org/wiki/%E3%81%8A%E3%81%8C%E3%81%9B%E6%B1%A0%E5%A4%8F%E3%81%BE%E3%81%A4%E3%82%8A
岐阜県	かわしま燦々夏祭り	岐阜県の祭り	https://ja.wikipedia.org/wiki/%E3%81%8B%E3%82%8F%E3%81%97%E3%81%BE%E7%87%A6%E3%80%85%E5%A4%8F%E7%A5%AD%E3%82%8A
岐阜県	きつね火まつり	岐阜県の祭り	https://ja.wikipedia.org/wiki/%E3%81%8D%E3%81%A4%E3%81%AD%E7%81%AB%E3%81%BE%E3%81%A4%E3%82%8A
岐阜県	ぎふ信長まつり	岐阜県の祭り	https://ja.wikipedia.org/wiki/%E3%81%8E%E3%81%B5%E4%BF%A1%E9%95%B7%E3%81%BE%E3%81%A4%E3%82%8A
岐阜県	ぎふ長良川花火大会	岐阜県の花火大会	https://ja.wikipedia.org/wiki/%E3%81%8E%E3%81%B5%E9%95%B7%E8%89%AF%E5%B7%9D%E8%8A%B1%E7%81%AB%E5%A4%A7%E4%BC%9A
岐阜県	こよみのよぶね	岐阜県の祭り	https://ja.wikipedia.org/wiki/%E3%81%93%E3%82%88%E3%81%BF%E3%81%AE%E3%82%88%E3%81%B6%E3%81%AD
岐阜県	リバーサイドカーニバル	岐阜県の祭り	https://ja.wikipedia.org/wiki/%E3%83%AA%E3%83%90%E3%83%BC%E3%82%B5%E3%82%A4%E3%83%89%E3%82%AB%E3%83%BC%E3%83%8B%E3%83%90%E3%83%AB
岐阜県	下呂の田の神祭	岐阜県の祭り	https://ja.wikipedia.org/wiki/%E4%B8%8B%E5%91%82%E3%81%AE%E7%94%B0%E3%81%AE%E7%A5%9E%E7%A5%AD
岐阜県	伏屋の獅子芝居	岐阜県の祭り	https://ja.wikipedia.org/wiki/%E4%BC%8F%E5%B1%8B%E3%81%AE%E7%8D%85%E5%AD%90%E8%8A%9D%E5%B1%85
岐阜県	全国選抜長良川中日花火大会	岐阜県の花火大会	https://ja.wikipedia.org/wiki/%E5%85%A8%E5%9B%BD%E9%81%B8%E6%8A%9C%E9%95%B7%E8%89%AF%E5%B7%9D%E4%B8%AD%E6%97%A5%E8%8A%B1%E7%81%AB%E5%A4%A7%E4%BC%9A
岐阜県	刃物まつり	岐阜県の祭り	https://ja.wikipedia.org/wiki/%E5%88%83%E7%89%A9%E3%81%BE%E3%81%A4%E3%82%8A
岐阜県	古川祭	岐阜県の祭り	https://ja.wikipedia.org/wiki/%E5%8F%A4%E5%B7%9D%E7%A5%AD
岐阜県	垂井曳山祭り	岐阜県の祭り	https://ja.wikipedia.org/wiki/%E5%9E%82%E4%BA%95%E6%9B%B3%E5%B1%B1%E7%A5%AD%E3%82%8A
岐阜県	境川ふれあい夏祭り	岐阜県の祭り	https://ja.wikipedia.org/wiki/%E5%A2%83%E5%B7%9D%E3%81%B5%E3%82%8C%E3%81%82%E3%81%84%E5%A4%8F%E7%A5%AD%E3%82%8A
岐阜県	多治見まつり	岐阜県の祭り	https://ja.wikipedia.org/wiki/%E5%A4%9A%E6%B2%BB%E8%A6%8B%E3%81%BE%E3%81%A4%E3%82%8A
岐阜県	多治見市制記念花火大会	岐阜県の花火大会	https://ja.wikipedia.org/wiki/%E5%A4%9A%E6%B2%BB%E8%A6%8B%E5%B8%82%E5%88%B6%E8%A8%98%E5%BF%B5%E8%8A%B1%E7%81%AB%E5%A4%A7%E4%BC%9A
岐阜県	多治見陶器祭り	岐阜県の祭り	https://ja.wikipedia.org/wiki/%E5%A4%9A%E6%B2%BB%E8%A6%8B%E9%99%B6%E5%99%A8%E7%A5%AD%E3%82%8A
岐阜県	大垣十万石まつり	岐阜県の祭り	https://ja.wikipedia.org/wiki/%E5%A4%A7%E5%9E%A3%E5%8D%81%E4%B8%87%E7%9F%B3%E3%81%BE%E3%81%A4%E3%82%8A
岐阜県	大垣祭	岐阜県の祭り	https://ja.wikipedia.org/wiki/%E5%A4%A7%E5%9E%A3%E7%A5%AD
岐阜県	大安寺川ホタル祭り	岐阜県の祭り	https://ja.wikipedia.org/wiki/%E5%A4%A7%E5%AE%89%E5%AF%BA%E5%B7%9D%E3%83%9B%E3%82%BF%E3%83%AB%E7%A5%AD%E3%82%8A
岐阜県	大矢田のヒンココ	岐阜県の祭り	https://ja.wikipedia.org/wiki/%E5%A4%A7%E7%9F%A2%E7%94%B0%E3%81%AE%E3%83%92%E3%83%B3%E3%82%B3%E3%82%B3
岐阜県	安宅車	岐阜県の祭り	https://ja.wikipedia.org/wiki/%E5%AE%89%E5%AE%85%E8%BB%8A
岐阜県	寒水の掛踊	岐阜県の祭り	https://ja.wikipedia.org/wiki/%E5%AF%92%E6%B0%B4%E3%81%AE%E6%8E%9B%E8%B8%8A
岐阜県	岐阜まつり	岐阜県の祭り	https://ja.wikipedia.org/wiki/%E5%B2%90%E9%98%9C%E3%81%BE%E3%81%A4%E3%82%8A
岐阜県	岐阜新聞大垣花火大会	岐阜県の花火大会	https://ja.wikipedia.org/wiki/%E5%B2%90%E9%98%9C%E6%96%B0%E8%81%9E%E5%A4%A7%E5%9E%A3%E8%8A%B1%E7%81%AB%E5%A4%A7%E4%BC%9A
岐阜県	岐阜県内の年中行事	岐阜県の祭り	https://ja.wikipedia.org/wiki/%E5%B2%90%E9%98%9C%E7%9C%8C%E5%86%85%E3%81%AE%E5%B9%B4%E4%B8%AD%E8%A1%8C%E4%BA%8B
岐阜県	岩村町秋祭行事	岐阜県の祭り	https://ja.wikipedia.org/wiki/%E5%B2%A9%E6%9D%91%E7%94%BA%E7%A7%8B%E7%A5%AD%E8%A1%8C%E4%BA%8B
岐阜県	徳山おどり	岐阜県の祭り	https://ja.wikipedia.org/wiki/%E5%BE%B3%E5%B1%B1%E3%81%8A%E3%81%A9%E3%82%8A
岐阜県	手力の火祭	岐阜県の祭り	https://ja.wikipedia.org/wiki/%E6%89%8B%E5%8A%9B%E3%81%AE%E7%81%AB%E7%A5%AD
岐阜県	日本ライン夏まつりロングラン花火	岐阜県の祭り	https://ja.wikipedia.org/wiki/%E6%97%A5%E6%9C%AC%E3%83%A9%E3%82%A4%E3%83%B3%E5%A4%8F%E3%81%BE%E3%81%A4%E3%82%8A%E3%83%AD%E3%83%B3%E3%82%B0%E3%83%A9%E3%83%B3%E8%8A%B1%E7%81%AB
岐阜県	杵振り踊り	岐阜県の祭り	https://ja.wikipedia.org/wiki/%E6%9D%B5%E6%8C%AF%E3%82%8A%E8%B8%8A%E3%82%8A
岐阜県	板取川花火大会	岐阜県の花火大会	https://ja.wikipedia.org/wiki/%E6%9D%BF%E5%8F%96%E5%B7%9D%E8%8A%B1%E7%81%AB%E5%A4%A7%E4%BC%9A
岐阜県	根尾川花火大会	岐阜県の花火大会	https://ja.wikipedia.org/wiki/%E6%A0%B9%E5%B0%BE%E5%B7%9D%E8%8A%B1%E7%81%AB%E5%A4%A7%E4%BC%9A
岐阜県	水都まつり	岐阜県の祭り	https://ja.wikipedia.org/wiki/%E6%B0%B4%E9%83%BD%E3%81%BE%E3%81%A4%E3%82%8A
岐阜県	池ノ上みそぎ祭	岐阜県の祭り	https://ja.wikipedia.org/wiki/%E6%B1%A0%E3%83%8E%E4%B8%8A%E3%81%BF%E3%81%9D%E3%81%8E%E7%A5%AD
岐阜県	汽車まつり	岐阜県の祭り	https://ja.wikipedia.org/wiki/%E6%B1%BD%E8%BB%8A%E3%81%BE%E3%81%A4%E3%82%8A
岐阜県	津保川花火大会	岐阜県の花火大会	https://ja.wikipedia.org/wiki/%E6%B4%A5%E4%BF%9D%E5%B7%9D%E8%8A%B1%E7%81%AB%E5%A4%A7%E4%BC%9A
岐阜県	濃姫まつり	岐阜県の祭り	https://ja.wikipedia.org/wiki/%E6%BF%83%E5%A7%AB%E3%81%BE%E3%81%A4%E3%82%8A
岐阜県	濃尾大花火	岐阜県の花火大会	https://ja.wikipedia.org/wiki/%E6%BF%83%E5%B0%BE%E5%A4%A7%E8%8A%B1%E7%81%AB
岐阜県	白鳥おどり	岐阜県の祭り	https://ja.wikipedia.org/wiki/%E7%99%BD%E9%B3%A5%E3%81%8A%E3%81%A9%E3%82%8A
岐阜県	白鳥春まつり	岐阜県の祭り	https://ja.wikipedia.org/wiki/%E7%99%BD%E9%B3%A5%E6%98%A5%E3%81%BE%E3%81%A4%E3%82%8A
岐阜県	真桑人形浄瑠璃	岐阜県の祭り	https://ja.wikipedia.org/wiki/%E7%9C%9F%E6%A1%91%E4%BA%BA%E5%BD%A2%E6%B5%84%E7%91%A0%E7%92%83
岐阜県	竹鼻祭り	岐阜県の祭り	https://ja.wikipedia.org/wiki/%E7%AB%B9%E9%BC%BB%E7%A5%AD%E3%82%8A
岐阜県	笠松の奴行列	岐阜県の祭り	https://ja.wikipedia.org/wiki/%E7%AC%A0%E6%9D%BE%E3%81%AE%E5%A5%B4%E8%A1%8C%E5%88%97
岐阜県	笠松川まつり	岐阜県の祭り	https://ja.wikipedia.org/wiki/%E7%AC%A0%E6%9D%BE%E5%B7%9D%E3%81%BE%E3%81%A4%E3%82%8A
岐阜県	笠松春まつり	岐阜県の祭り	https://ja.wikipedia.org/wiki/%E7%AC%A0%E6%9D%BE%E6%98%A5%E3%81%BE%E3%81%A4%E3%82%8A
岐阜県	節分会はだか祭り	岐阜県の祭り	https://ja.wikipedia.org/wiki/%E7%AF%80%E5%88%86%E4%BC%9A%E3%81%AF%E3%81%A0%E3%81%8B%E7%A5%AD%E3%82%8A
岐阜県	美濃まつり	岐阜県の祭り	https://ja.wikipedia.org/wiki/%E7%BE%8E%E6%BF%83%E3%81%BE%E3%81%A4%E3%82%8A
岐阜県	美濃市民花火大会	岐阜県の花火大会	https://ja.wikipedia.org/wiki/%E7%BE%8E%E6%BF%83%E5%B8%82%E6%B0%91%E8%8A%B1%E7%81%AB%E5%A4%A7%E4%BC%9A
岐阜県	能郷の能・狂言	岐阜県の祭り	https://ja.wikipedia.org/wiki/%E8%83%BD%E9%83%B7%E3%81%AE%E8%83%BD%E3%83%BB%E7%8B%82%E8%A8%80
岐阜県	芭蕉踊	岐阜県の祭り	https://ja.wikipedia.org/wiki/%E8%8A%AD%E8%95%89%E8%B8%8A
岐阜県	谷汲踊り	岐阜県の祭り	https://ja.wikipedia.org/wiki/%E8%B0%B7%E6%B1%B2%E8%B8%8A%E3%82%8A
岐阜県	道三まつり	岐阜県の祭り	https://ja.wikipedia.org/wiki/%E9%81%93%E4%B8%89%E3%81%BE%E3%81%A4%E3%82%8A
岐阜県	郡上おどり	岐阜県の祭り	https://ja.wikipedia.org/wiki/%E9%83%A1%E4%B8%8A%E3%81%8A%E3%81%A9%E3%82%8A
岐阜県	長滝の延年	岐阜県の祭り	https://ja.wikipedia.org/wiki/%E9%95%B7%E6%BB%9D%E3%81%AE%E5%BB%B6%E5%B9%B4
岐阜県	長良川全国花火大会	岐阜県の花火大会	https://ja.wikipedia.org/wiki/%E9%95%B7%E8%89%AF%E5%B7%9D%E5%85%A8%E5%9B%BD%E8%8A%B1%E7%81%AB%E5%A4%A7%E4%BC%9A
岐阜県	長良川鵜飼屋花火大会	岐阜県の花火大会	https://ja.wikipedia.org/wiki/%E9%95%B7%E8%89%AF%E5%B7%9D%E9%B5%9C%E9%A3%BC%E5%B1%8B%E8%8A%B1%E7%81%AB%E5%A4%A7%E4%BC%9A
岐阜県	関まつり	岐阜県の祭り	https://ja.wikipedia.org/wiki/%E9%96%A2%E3%81%BE%E3%81%A4%E3%82%8A
岐阜県	関市武芸川ふるさと夏まつり	岐阜県の花火大会	https://ja.wikipedia.org/wiki/%E9%96%A2%E5%B8%82%E6%AD%A6%E8%8A%B8%E5%B7%9D%E3%81%B5%E3%82%8B%E3%81%95%E3%81%A8%E5%A4%8F%E3%81%BE%E3%81%A4%E3%82%8A
岐阜県	関市民花火大会	岐阜県の花火大会	https://ja.wikipedia.org/wiki/%E9%96%A2%E5%B8%82%E6%B0%91%E8%8A%B1%E7%81%AB%E5%A4%A7%E4%BC%9A
岐阜県	鞍馬車	岐阜県の祭り	https://ja.wikipedia.org/wiki/%E9%9E%8D%E9%A6%AC%E8%BB%8A
岐阜県	飛騨金山花火大会	岐阜県の花火大会	https://ja.wikipedia.org/wiki/%E9%A3%9B%E9%A8%A8%E9%87%91%E5%B1%B1%E8%8A%B1%E7%81%AB%E5%A4%A7%E4%BC%9A
岐阜県	飛騨高山市民花火大会	岐阜県の花火大会	https://ja.wikipedia.org/wiki/%E9%A3%9B%E9%A8%A8%E9%AB%98%E5%B1%B1%E5%B8%82%E6%B0%91%E8%8A%B1%E7%81%AB%E5%A4%A7%E4%BC%9A
岐阜県	高山祭	岐阜県の祭り	https://ja.wikipedia.org/wiki/%E9%AB%98%E5%B1%B1%E7%A5%AD
岐阜県	高田祭	岐阜県の祭り	https://ja.wikipedia.org/wiki/%E9%AB%98%E7%94%B0%E7%A5%AD
静岡県	HAMANAKO HaNaBi BENTENJIMA GATEWAY Festival	浜松市の祭り	https://ja.wikipedia.org/wiki/HAMANAKO_HaNaBi_BENTENJIMA_GATEWAY_Festival
静岡県	かりがね祭り	静岡県の祭り	https://ja.wikipedia.org/wiki/%E3%81%8B%E3%82%8A%E3%81%8C%E3%81%AD%E7%A5%AD%E3%82%8A
静岡県	はままつ映画祭	浜松市の祭り	https://ja.wikipedia.org/wiki/%E3%81%AF%E3%81%BE%E3%81%BE%E3%81%A4%E6%98%A0%E7%94%BB%E7%A5%AD
静岡県	ふくろい遠州の花火	静岡県の花火大会	https://ja.wikipedia.org/wiki/%E3%81%B5%E3%81%8F%E3%82%8D%E3%81%84%E9%81%A0%E5%B7%9E%E3%81%AE%E8%8A%B1%E7%81%AB
静岡県	よさこい東海道	静岡県の祭り	https://ja.wikipedia.org/wiki/%E3%82%88%E3%81%95%E3%81%93%E3%81%84%E6%9D%B1%E6%B5%B7%E9%81%93
静岡県	グランシップ トレインフェスタ	静岡市の祭り	https://ja.wikipedia.org/wiki/%E3%82%B0%E3%83%A9%E3%83%B3%E3%82%B7%E3%83%83%E3%83%97_%E3%83%88%E3%83%AC%E3%82%A4%E3%83%B3%E3%83%95%E3%82%A7%E3%82%B9%E3%82%BF
静岡県	三島宿地口行灯	静岡県の祭り	https://ja.wikipedia.org/wiki/%E4%B8%89%E5%B3%B6%E5%AE%BF%E5%9C%B0%E5%8F%A3%E8%A1%8C%E7%81%AF
静岡県	三嶋大社のお田打	静岡県の祭り	https://ja.wikipedia.org/wiki/%E4%B8%89%E5%B6%8B%E5%A4%A7%E7%A4%BE%E3%81%AE%E3%81%8A%E7%94%B0%E6%89%93
静岡県	三社祭礼囃子	静岡県の祭り	https://ja.wikipedia.org/wiki/%E4%B8%89%E7%A4%BE%E7%A5%AD%E7%A4%BC%E5%9B%83%E5%AD%90
静岡県	二輪屋台	静岡県の祭り	https://ja.wikipedia.org/wiki/%E4%BA%8C%E8%BC%AA%E5%B1%8B%E5%8F%B0
静岡県	吉原祇園祭	静岡県の祭り	https://ja.wikipedia.org/wiki/%E5%90%89%E5%8E%9F%E7%A5%87%E5%9C%92%E7%A5%AD
静岡県	大井川大花火大会	静岡県の花火大会	https://ja.wikipedia.org/wiki/%E5%A4%A7%E4%BA%95%E5%B7%9D%E5%A4%A7%E8%8A%B1%E7%81%AB%E5%A4%A7%E4%BC%9A
静岡県	天宮神社の十二段舞楽	静岡県の祭り	https://ja.wikipedia.org/wiki/%E5%A4%A9%E5%AE%AE%E7%A5%9E%E7%A4%BE%E3%81%AE%E5%8D%81%E4%BA%8C%E6%AE%B5%E8%88%9E%E6%A5%BD
静岡県	安倍川花火大会	静岡市の祭り	https://ja.wikipedia.org/wiki/%E5%AE%89%E5%80%8D%E5%B7%9D%E8%8A%B1%E7%81%AB%E5%A4%A7%E4%BC%9A
静岡県	富士の巻狩りまつり	静岡県の祭り	https://ja.wikipedia.org/wiki/%E5%AF%8C%E5%A3%AB%E3%81%AE%E5%B7%BB%E7%8B%A9%E3%82%8A%E3%81%BE%E3%81%A4%E3%82%8A
静岡県	富士宮秋まつり	静岡県の祭り	https://ja.wikipedia.org/wiki/%E5%AF%8C%E5%A3%AB%E5%AE%AE%E7%A7%8B%E3%81%BE%E3%81%A4%E3%82%8A
静岡県	富士山御神火まつり	静岡県の祭り	https://ja.wikipedia.org/wiki/%E5%AF%8C%E5%A3%AB%E5%B1%B1%E5%BE%A1%E7%A5%9E%E7%81%AB%E3%81%BE%E3%81%A4%E3%82%8A
静岡県	小国神社の舞楽	静岡県の祭り	https://ja.wikipedia.org/wiki/%E5%B0%8F%E5%9B%BD%E7%A5%9E%E7%A4%BE%E3%81%AE%E8%88%9E%E6%A5%BD
静岡県	小國神社の田遊び	静岡県の祭り	https://ja.wikipedia.org/wiki/%E5%B0%8F%E5%9C%8B%E7%A5%9E%E7%A4%BE%E3%81%AE%E7%94%B0%E9%81%8A%E3%81%B3
静岡県	山名神社天王祭舞楽	静岡県の祭り	https://ja.wikipedia.org/wiki/%E5%B1%B1%E5%90%8D%E7%A5%9E%E7%A4%BE%E5%A4%A9%E7%8E%8B%E7%A5%AD%E8%88%9E%E6%A5%BD
静岡県	峠の国盗り綱引き合戦	浜松市の祭り	https://ja.wikipedia.org/wiki/%E5%B3%A0%E3%81%AE%E5%9B%BD%E7%9B%97%E3%82%8A%E7%B6%B1%E5%BC%95%E3%81%8D%E5%90%88%E6%88%A6
静岡県	島田大祭	静岡県の祭り	https://ja.wikipedia.org/wiki/%E5%B3%B6%E7%94%B0%E5%A4%A7%E7%A5%AD
静岡県	島田帯祭	静岡県の祭り	https://ja.wikipedia.org/wiki/%E5%B3%B6%E7%94%B0%E5%B8%AF%E7%A5%AD
静岡県	島田髷祭	静岡県の祭り	https://ja.wikipedia.org/wiki/%E5%B3%B6%E7%94%B0%E9%AB%B7%E7%A5%AD
静岡県	廿日会祭の稚児舞	静岡市の祭り	https://ja.wikipedia.org/wiki/%E5%BB%BF%E6%97%A5%E4%BC%9A%E7%A5%AD%E3%81%AE%E7%A8%9A%E5%85%90%E8%88%9E
静岡県	徳山の盆踊	静岡県の祭り	https://ja.wikipedia.org/wiki/%E5%BE%B3%E5%B1%B1%E3%81%AE%E7%9B%86%E8%B8%8A
静岡県	按針祭海の花火大会	静岡県の花火大会	https://ja.wikipedia.org/wiki/%E6%8C%89%E9%87%9D%E7%A5%AD%E6%B5%B7%E3%81%AE%E8%8A%B1%E7%81%AB%E5%A4%A7%E4%BC%9A
静岡県	掛川祭	静岡県の祭り	https://ja.wikipedia.org/wiki/%E6%8E%9B%E5%B7%9D%E7%A5%AD
静岡県	有東木の盆踊	静岡市の祭り	https://ja.wikipedia.org/wiki/%E6%9C%89%E6%9D%B1%E6%9C%A8%E3%81%AE%E7%9B%86%E8%B8%8A
静岡県	森の祭り	静岡県の祭り	https://ja.wikipedia.org/wiki/%E6%A3%AE%E3%81%AE%E7%A5%AD%E3%82%8A
静岡県	浜名湖かんざんじ温泉灯篭流し花火大会	浜松市の祭り	https://ja.wikipedia.org/wiki/%E6%B5%9C%E5%90%8D%E6%B9%96%E3%81%8B%E3%82%93%E3%81%96%E3%82%93%E3%81%98%E6%B8%A9%E6%B3%89%E7%81%AF%E7%AF%AD%E6%B5%81%E3%81%97%E8%8A%B1%E7%81%AB%E5%A4%A7%E4%BC%9A
静岡県	浜松がんこ祭	浜松市の祭り	https://ja.wikipedia.org/wiki/%E6%B5%9C%E6%9D%BE%E3%81%8C%E3%82%93%E3%81%93%E7%A5%AD
静岡県	浜松まつり	浜松市の祭り	https://ja.wikipedia.org/wiki/%E6%B5%9C%E6%9D%BE%E3%81%BE%E3%81%A4%E3%82%8A
静岡県	深良用水350感謝祭	静岡県の祭り	https://ja.wikipedia.org/wiki/%E6%B7%B1%E8%89%AF%E7%94%A8%E6%B0%B4350%E6%84%9F%E8%AC%9D%E7%A5%AD
静岡県	清水みなと祭り	静岡市の祭り	https://ja.wikipedia.org/wiki/%E6%B8%85%E6%B0%B4%E3%81%BF%E3%81%AA%E3%81%A8%E7%A5%AD%E3%82%8A
静岡県	熱海海上花火大会	静岡県の花火大会	https://ja.wikipedia.org/wiki/%E7%86%B1%E6%B5%B7%E6%B5%B7%E4%B8%8A%E8%8A%B1%E7%81%AB%E5%A4%A7%E4%BC%9A
静岡県	狩野川花火大会	静岡県の花火大会	https://ja.wikipedia.org/wiki/%E7%8B%A9%E9%87%8E%E5%B7%9D%E8%8A%B1%E7%81%AB%E5%A4%A7%E4%BC%9A
静岡県	猫おどり	静岡県の祭り	https://ja.wikipedia.org/wiki/%E7%8C%AB%E3%81%8A%E3%81%A9%E3%82%8A
静岡県	甲子秋まつり	静岡県の祭り	https://ja.wikipedia.org/wiki/%E7%94%B2%E5%AD%90%E7%A7%8B%E3%81%BE%E3%81%A4%E3%82%8A
静岡県	神明神社の御船神事	静岡県の祭り	https://ja.wikipedia.org/wiki/%E7%A5%9E%E6%98%8E%E7%A5%9E%E7%A4%BE%E3%81%AE%E5%BE%A1%E8%88%B9%E7%A5%9E%E4%BA%8B
静岡県	藤守の田遊び	静岡県の祭り	https://ja.wikipedia.org/wiki/%E8%97%A4%E5%AE%88%E3%81%AE%E7%94%B0%E9%81%8A%E3%81%B3
静岡県	袋井北祭り	静岡県の祭り	https://ja.wikipedia.org/wiki/%E8%A2%8B%E4%BA%95%E5%8C%97%E7%A5%AD%E3%82%8A
静岡県	袋井祭り	静岡県の祭り	https://ja.wikipedia.org/wiki/%E8%A2%8B%E4%BA%95%E7%A5%AD%E3%82%8A
静岡県	西浦の田楽	浜松市の祭り	https://ja.wikipedia.org/wiki/%E8%A5%BF%E6%B5%A6%E3%81%AE%E7%94%B0%E6%A5%BD
静岡県	遠州はまきた飛竜まつり	浜松市の祭り	https://ja.wikipedia.org/wiki/%E9%81%A0%E5%B7%9E%E3%81%AF%E3%81%BE%E3%81%8D%E3%81%9F%E9%A3%9B%E7%AB%9C%E3%81%BE%E3%81%A4%E3%82%8A
静岡県	遠州大念仏	浜松市の祭り	https://ja.wikipedia.org/wiki/%E9%81%A0%E5%B7%9E%E5%A4%A7%E5%BF%B5%E4%BB%8F
静岡県	遠州掛塚貴船神社例祭	静岡県の祭り	https://ja.wikipedia.org/wiki/%E9%81%A0%E5%B7%9E%E6%8E%9B%E5%A1%9A%E8%B2%B4%E8%88%B9%E7%A5%9E%E7%A4%BE%E4%BE%8B%E7%A5%AD
静岡県	遠州横須賀三熊野神社大祭	静岡県の祭り	https://ja.wikipedia.org/wiki/%E9%81%A0%E5%B7%9E%E6%A8%AA%E9%A0%88%E8%B3%80%E4%B8%89%E7%86%8A%E9%87%8E%E7%A5%9E%E7%A4%BE%E5%A4%A7%E7%A5%AD
静岡県	遠江のひよんどりとおくない	浜松市の祭り	https://ja.wikipedia.org/wiki/%E9%81%A0%E6%B1%9F%E3%81%AE%E3%81%B2%E3%82%88%E3%82%93%E3%81%A9%E3%82%8A%E3%81%A8%E3%81%8A%E3%81%8F%E3%81%AA%E3%81%84
静岡県	遠江森町の舞楽	静岡県の祭り	https://ja.wikipedia.org/wiki/%E9%81%A0%E6%B1%9F%E6%A3%AE%E7%94%BA%E3%81%AE%E8%88%9E%E6%A5%BD
静岡県	静岡おだっくい祭り	静岡市の祭り	https://ja.wikipedia.org/wiki/%E9%9D%99%E5%B2%A1%E3%81%8A%E3%81%A0%E3%81%A3%E3%81%8F%E3%81%84%E7%A5%AD%E3%82%8A
静岡県	静岡まつり	静岡市の祭り	https://ja.wikipedia.org/wiki/%E9%9D%99%E5%B2%A1%E3%81%BE%E3%81%A4%E3%82%8A
静岡県	鹿島の花火	浜松市の祭り	https://ja.wikipedia.org/wiki/%E9%B9%BF%E5%B3%B6%E3%81%AE%E8%8A%B1%E7%81%AB
静岡県	黒船祭	静岡県の祭り	https://ja.wikipedia.org/wiki/%E9%BB%92%E8%88%B9%E7%A5%AD
愛知県	MistFES	名古屋市の祭り	https://ja.wikipedia.org/wiki/MistFES
愛知県	おいでん祭 (豊川市)	愛知県の祭り	https://ja.wikipedia.org/wiki/%E3%81%8A%E3%81%84%E3%81%A7%E3%82%93%E7%A5%AD_%28%E8%B1%8A%E5%B7%9D%E5%B8%82%29
愛知県	なやばし夜イチ	名古屋市の祭り	https://ja.wikipedia.org/wiki/%E3%81%AA%E3%82%84%E3%81%B0%E3%81%97%E5%A4%9C%E3%82%A4%E3%83%81
愛知県	にっぽんど真ん中祭り	名古屋市の祭り	https://ja.wikipedia.org/wiki/%E3%81%AB%E3%81%A3%E3%81%BD%E3%82%93%E3%81%A9%E7%9C%9F%E3%82%93%E4%B8%AD%E7%A5%AD%E3%82%8A
愛知県	はんだ山車まつり	愛知県の祭り	https://ja.wikipedia.org/wiki/%E3%81%AF%E3%82%93%E3%81%A0%E5%B1%B1%E8%BB%8A%E3%81%BE%E3%81%A4%E3%82%8A
愛知県	みんなの祭り 無礼講	名古屋市の祭り	https://ja.wikipedia.org/wiki/%E3%81%BF%E3%82%93%E3%81%AA%E3%81%AE%E7%A5%AD%E3%82%8A_%E7%84%A1%E7%A4%BC%E8%AC%9B
愛知県	ドデ祭	名古屋市の祭り	https://ja.wikipedia.org/wiki/%E3%83%89%E3%83%87%E7%A5%AD
愛知県	一宮七夕まつり	愛知県の祭り	https://ja.wikipedia.org/wiki/%E4%B8%80%E5%AE%AE%E4%B8%83%E5%A4%95%E3%81%BE%E3%81%A4%E3%82%8A
愛知県	一宮市びさい夏まつり	愛知県の祭り	https://ja.wikipedia.org/wiki/%E4%B8%80%E5%AE%AE%E5%B8%82%E3%81%B3%E3%81%95%E3%81%84%E5%A4%8F%E3%81%BE%E3%81%A4%E3%82%8A
愛知県	一宮市民花火大会	愛知県の花火大会	https://ja.wikipedia.org/wiki/%E4%B8%80%E5%AE%AE%E5%B8%82%E6%B0%91%E8%8A%B1%E7%81%AB%E5%A4%A7%E4%BC%9A
愛知県	万燈祭 (刈谷市)	愛知県の祭り	https://ja.wikipedia.org/wiki/%E4%B8%87%E7%87%88%E7%A5%AD_%28%E5%88%88%E8%B0%B7%E5%B8%82%29
愛知県	三河の田楽	愛知県の祭り	https://ja.wikipedia.org/wiki/%E4%B8%89%E6%B2%B3%E3%81%AE%E7%94%B0%E6%A5%BD
愛知県	三谷祭	愛知県の祭り	https://ja.wikipedia.org/wiki/%E4%B8%89%E8%B0%B7%E7%A5%AD
愛知県	上野間の裸まいり	愛知県の祭り	https://ja.wikipedia.org/wiki/%E4%B8%8A%E9%87%8E%E9%96%93%E3%81%AE%E8%A3%B8%E3%81%BE%E3%81%84%E3%82%8A
愛知県	中馬のおひなさん	愛知県の祭り	https://ja.wikipedia.org/wiki/%E4%B8%AD%E9%A6%AC%E3%81%AE%E3%81%8A%E3%81%B2%E3%81%AA%E3%81%95%E3%82%93
愛知県	乗本万燈	愛知県の祭り	https://ja.wikipedia.org/wiki/%E4%B9%97%E6%9C%AC%E4%B8%87%E7%87%88
愛知県	乙川祭禮	愛知県の祭り	https://ja.wikipedia.org/wiki/%E4%B9%99%E5%B7%9D%E7%A5%AD%E7%A6%AE
愛知県	亀崎潮干祭	愛知県の祭り	https://ja.wikipedia.org/wiki/%E4%BA%80%E5%B4%8E%E6%BD%AE%E5%B9%B2%E7%A5%AD
愛知県	全国選抜名古屋大花火	愛知県の花火大会	https://ja.wikipedia.org/wiki/%E5%85%A8%E5%9B%BD%E9%81%B8%E6%8A%9C%E5%90%8D%E5%8F%A4%E5%B1%8B%E5%A4%A7%E8%8A%B1%E7%81%AB
愛知県	六ツ美悠紀斎田お田植えまつり	岡崎市の祭り	https://ja.wikipedia.org/wiki/%E5%85%AD%E3%83%84%E7%BE%8E%E6%82%A0%E7%B4%80%E6%96%8E%E7%94%B0%E3%81%8A%E7%94%B0%E6%A4%8D%E3%81%88%E3%81%BE%E3%81%A4%E3%82%8A
愛知県	刈谷わんさか祭り	愛知県の祭り	https://ja.wikipedia.org/wiki/%E5%88%88%E8%B0%B7%E3%82%8F%E3%82%93%E3%81%95%E3%81%8B%E7%A5%AD%E3%82%8A
愛知県	参候祭	愛知県の祭り	https://ja.wikipedia.org/wiki/%E5%8F%82%E5%80%99%E7%A5%AD
愛知県	名古屋まつり	名古屋市の祭り	https://ja.wikipedia.org/wiki/%E5%90%8D%E5%8F%A4%E5%B1%8B%E3%81%BE%E3%81%A4%E3%82%8A
愛知県	名古屋カラオケフェスティバル・名古屋カラオケフェスタ	名古屋市の祭り	https://ja.wikipedia.org/wiki/%E5%90%8D%E5%8F%A4%E5%B1%8B%E3%82%AB%E3%83%A9%E3%82%AA%E3%82%B1%E3%83%95%E3%82%A7%E3%82%B9%E3%83%86%E3%82%A3%E3%83%90%E3%83%AB%E3%83%BB%E5%90%8D%E5%8F%A4%E5%B1%8B%E3%82%AB%E3%83%A9%E3%82%AA%E3%82%B1%E3%83%95%E3%82%A7%E3%82%B9%E3%82%BF
愛知県	名古屋城夏まつり	名古屋市の祭り	https://ja.wikipedia.org/wiki/%E5%90%8D%E5%8F%A4%E5%B1%8B%E5%9F%8E%E5%A4%8F%E3%81%BE%E3%81%A4%E3%82%8A
愛知県	名古屋東照宮祭り	名古屋市の祭り	https://ja.wikipedia.org/wiki/%E5%90%8D%E5%8F%A4%E5%B1%8B%E6%9D%B1%E7%85%A7%E5%AE%AE%E7%A5%AD%E3%82%8A
愛知県	国府夏まつり	愛知県の祭り	https://ja.wikipedia.org/wiki/%E5%9B%BD%E5%BA%9C%E5%A4%8F%E3%81%BE%E3%81%A4%E3%82%8A
愛知県	国府宮はだか祭	愛知県の祭り	https://ja.wikipedia.org/wiki/%E5%9B%BD%E5%BA%9C%E5%AE%AE%E3%81%AF%E3%81%A0%E3%81%8B%E7%A5%AD
愛知県	夏山八幡宮火祭り	岡崎市の祭り	https://ja.wikipedia.org/wiki/%E5%A4%8F%E5%B1%B1%E5%85%AB%E5%B9%A1%E5%AE%AE%E7%81%AB%E7%A5%AD%E3%82%8A
愛知県	大田まつり	愛知県の祭り	https://ja.wikipedia.org/wiki/%E5%A4%A7%E7%94%B0%E3%81%BE%E3%81%A4%E3%82%8A
愛知県	大野祭り	愛知県の祭り	https://ja.wikipedia.org/wiki/%E5%A4%A7%E9%87%8E%E7%A5%AD%E3%82%8A
愛知県	大須大道町人祭	名古屋市の祭り	https://ja.wikipedia.org/wiki/%E5%A4%A7%E9%A0%88%E5%A4%A7%E9%81%93%E7%94%BA%E4%BA%BA%E7%A5%AD
愛知県	奥町花火	愛知県の花火大会	https://ja.wikipedia.org/wiki/%E5%A5%A5%E7%94%BA%E8%8A%B1%E7%81%AB
愛知県	安城七夕まつり	愛知県の祭り	https://ja.wikipedia.org/wiki/%E5%AE%89%E5%9F%8E%E4%B8%83%E5%A4%95%E3%81%BE%E3%81%A4%E3%82%8A
愛知県	家康行列	岡崎市の祭り	https://ja.wikipedia.org/wiki/%E5%AE%B6%E5%BA%B7%E8%A1%8C%E5%88%97
愛知県	寝祭り	愛知県の祭り	https://ja.wikipedia.org/wiki/%E5%AF%9D%E7%A5%AD%E3%82%8A
愛知県	小牧七夕まつり	愛知県の祭り	https://ja.wikipedia.org/wiki/%E5%B0%8F%E7%89%A7%E4%B8%83%E5%A4%95%E3%81%BE%E3%81%A4%E3%82%8A
愛知県	小牧市民まつり	愛知県の祭り	https://ja.wikipedia.org/wiki/%E5%B0%8F%E7%89%A7%E5%B8%82%E6%B0%91%E3%81%BE%E3%81%A4%E3%82%8A
愛知県	小牧平成夏まつり	愛知県の祭り	https://ja.wikipedia.org/wiki/%E5%B0%8F%E7%89%A7%E5%B9%B3%E6%88%90%E5%A4%8F%E3%81%BE%E3%81%A4%E3%82%8A
愛知県	小牧秋葉祭	愛知県の祭り	https://ja.wikipedia.org/wiki/%E5%B0%8F%E7%89%A7%E7%A7%8B%E8%91%89%E7%A5%AD
愛知県	尾張横須賀まつり	愛知県の祭り	https://ja.wikipedia.org/wiki/%E5%B0%BE%E5%BC%B5%E6%A8%AA%E9%A0%88%E8%B3%80%E3%81%BE%E3%81%A4%E3%82%8A
愛知県	尾張津島天王祭	愛知県の祭り	https://ja.wikipedia.org/wiki/%E5%B0%BE%E5%BC%B5%E6%B4%A5%E5%B3%B6%E5%A4%A9%E7%8E%8B%E7%A5%AD
愛知県	尾張津島秋まつり	愛知県の祭り	https://ja.wikipedia.org/wiki/%E5%B0%BE%E5%BC%B5%E6%B4%A5%E5%B3%B6%E7%A7%8B%E3%81%BE%E3%81%A4%E3%82%8A
愛知県	尾張津島藤まつり	愛知県の祭り	https://ja.wikipedia.org/wiki/%E5%B0%BE%E5%BC%B5%E6%B4%A5%E5%B3%B6%E8%97%A4%E3%81%BE%E3%81%A4%E3%82%8A
愛知県	岡崎城下家康公夏まつり花火大会	岡崎市の祭り	https://ja.wikipedia.org/wiki/%E5%B2%A1%E5%B4%8E%E5%9F%8E%E4%B8%8B%E5%AE%B6%E5%BA%B7%E5%85%AC%E5%A4%8F%E3%81%BE%E3%81%A4%E3%82%8A%E8%8A%B1%E7%81%AB%E5%A4%A7%E4%BC%9A
愛知県	広小路夏まつり	名古屋市の祭り	https://ja.wikipedia.org/wiki/%E5%BA%83%E5%B0%8F%E8%B7%AF%E5%A4%8F%E3%81%BE%E3%81%A4%E3%82%8A
愛知県	於大まつり	愛知県の祭り	https://ja.wikipedia.org/wiki/%E6%96%BC%E5%A4%A7%E3%81%BE%E3%81%A4%E3%82%8A
愛知県	日本ライン夏まつりロングラン花火	愛知県の祭り	https://ja.wikipedia.org/wiki/%E6%97%A5%E6%9C%AC%E3%83%A9%E3%82%A4%E3%83%B3%E5%A4%8F%E3%81%BE%E3%81%A4%E3%82%8A%E3%83%AD%E3%83%B3%E3%82%B0%E3%83%A9%E3%83%B3%E8%8A%B1%E7%81%AB
愛知県	春日井まつり	愛知県の祭り	https://ja.wikipedia.org/wiki/%E6%98%A5%E6%97%A5%E4%BA%95%E3%81%BE%E3%81%A4%E3%82%8A
愛知県	春日井市民納涼まつり	愛知県の花火大会	https://ja.wikipedia.org/wiki/%E6%98%A5%E6%97%A5%E4%BA%95%E5%B8%82%E6%B0%91%E7%B4%8D%E6%B6%BC%E3%81%BE%E3%81%A4%E3%82%8A
愛知県	来る福招き猫まつり	愛知県の祭り	https://ja.wikipedia.org/wiki/%E6%9D%A5%E3%82%8B%E7%A6%8F%E6%8B%9B%E3%81%8D%E7%8C%AB%E3%81%BE%E3%81%A4%E3%82%8A
愛知県	桃花台まつり	愛知県の祭り	https://ja.wikipedia.org/wiki/%E6%A1%83%E8%8A%B1%E5%8F%B0%E3%81%BE%E3%81%A4%E3%82%8A
愛知県	津島七切型	愛知県の祭り	https://ja.wikipedia.org/wiki/%E6%B4%A5%E5%B3%B6%E4%B8%83%E5%88%87%E5%9E%8B
愛知県	海の日名古屋みなと祭	名古屋市の祭り	https://ja.wikipedia.org/wiki/%E6%B5%B7%E3%81%AE%E6%97%A5%E5%90%8D%E5%8F%A4%E5%B1%8B%E3%81%BF%E3%81%AA%E3%81%A8%E7%A5%AD
愛知県	滝山寺鬼まつり	岡崎市の祭り	https://ja.wikipedia.org/wiki/%E6%BB%9D%E5%B1%B1%E5%AF%BA%E9%AC%BC%E3%81%BE%E3%81%A4%E3%82%8A
愛知県	濃尾大花火	愛知県の花火大会	https://ja.wikipedia.org/wiki/%E6%BF%83%E5%B0%BE%E5%A4%A7%E8%8A%B1%E7%81%AB
愛知県	炎の祭典	愛知県の祭り	https://ja.wikipedia.org/wiki/%E7%82%8E%E3%81%AE%E7%A5%AD%E5%85%B8
愛知県	犬山祭	愛知県の祭り	https://ja.wikipedia.org/wiki/%E7%8A%AC%E5%B1%B1%E7%A5%AD
愛知県	猩猩	名古屋市の祭り	https://ja.wikipedia.org/wiki/%E7%8C%A9%E7%8C%A9
愛知県	矢作神社秋の大祭	岡崎市の祭り	https://ja.wikipedia.org/wiki/%E7%9F%A2%E4%BD%9C%E7%A5%9E%E7%A4%BE%E7%A7%8B%E3%81%AE%E5%A4%A7%E7%A5%AD
愛知県	知多型	愛知県の祭り	https://ja.wikipedia.org/wiki/%E7%9F%A5%E5%A4%9A%E5%9E%8B
愛知県	知立まつり	愛知県の祭り	https://ja.wikipedia.org/wiki/%E7%9F%A5%E7%AB%8B%E3%81%BE%E3%81%A4%E3%82%8A
愛知県	筒井町出来町天王祭	名古屋市の祭り	https://ja.wikipedia.org/wiki/%E7%AD%92%E4%BA%95%E7%94%BA%E5%87%BA%E6%9D%A5%E7%94%BA%E5%A4%A9%E7%8E%8B%E7%A5%AD
愛知県	能見神明宮大祭	岡崎市の祭り	https://ja.wikipedia.org/wiki/%E8%83%BD%E8%A6%8B%E7%A5%9E%E6%98%8E%E5%AE%AE%E5%A4%A7%E7%A5%AD
愛知県	花祭 (霜月神楽)	愛知県の祭り	https://ja.wikipedia.org/wiki/%E8%8A%B1%E7%A5%AD_%28%E9%9C%9C%E6%9C%88%E7%A5%9E%E6%A5%BD%29
愛知県	蒲郡まつり納涼花火大会	愛知県の祭り	https://ja.wikipedia.org/wiki/%E8%92%B2%E9%83%A1%E3%81%BE%E3%81%A4%E3%82%8A%E7%B4%8D%E6%B6%BC%E8%8A%B1%E7%81%AB%E5%A4%A7%E4%BC%9A
愛知県	豊川手筒まつり	愛知県の祭り	https://ja.wikipedia.org/wiki/%E8%B1%8A%E5%B7%9D%E6%89%8B%E7%AD%92%E3%81%BE%E3%81%A4%E3%82%8A
愛知県	豊年祭 (田縣神社)	愛知県の祭り	https://ja.wikipedia.org/wiki/%E8%B1%8A%E5%B9%B4%E7%A5%AD_%28%E7%94%B0%E7%B8%A3%E7%A5%9E%E7%A4%BE%29
愛知県	豊橋まつり	愛知県の祭り	https://ja.wikipedia.org/wiki/%E8%B1%8A%E6%A9%8B%E3%81%BE%E3%81%A4%E3%82%8A
愛知県	豊橋祇園祭	愛知県の祭り	https://ja.wikipedia.org/wiki/%E8%B1%8A%E6%A9%8B%E7%A5%87%E5%9C%92%E7%A5%AD
愛知県	豊橋花祭り	愛知県の祭り	https://ja.wikipedia.org/wiki/%E8%B1%8A%E6%A9%8B%E8%8A%B1%E7%A5%AD%E3%82%8A
愛知県	豊橋鬼祭	愛知県の祭り	https://ja.wikipedia.org/wiki/%E8%B1%8A%E6%A9%8B%E9%AC%BC%E7%A5%AD
愛知県	豊浜鯛まつり	愛知県の祭り	https://ja.wikipedia.org/wiki/%E8%B1%8A%E6%B5%9C%E9%AF%9B%E3%81%BE%E3%81%A4%E3%82%8A
愛知県	豊田おいでんまつり	愛知県の祭り	https://ja.wikipedia.org/wiki/%E8%B1%8A%E7%94%B0%E3%81%8A%E3%81%84%E3%81%A7%E3%82%93%E3%81%BE%E3%81%A4%E3%82%8A
愛知県	貝吹のかぎ万燈	愛知県の祭り	https://ja.wikipedia.org/wiki/%E8%B2%9D%E5%90%B9%E3%81%AE%E3%81%8B%E3%81%8E%E4%B8%87%E7%87%88
愛知県	賀茂しょうぶ園	愛知県の祭り	https://ja.wikipedia.org/wiki/%E8%B3%80%E8%8C%82%E3%81%97%E3%82%87%E3%81%86%E3%81%B6%E5%9C%92
愛知県	須成祭	愛知県の祭り	https://ja.wikipedia.org/wiki/%E9%A0%88%E6%88%90%E7%A5%AD
愛知県	須賀神社大祭	岡崎市の祭り	https://ja.wikipedia.org/wiki/%E9%A0%88%E8%B3%80%E7%A5%9E%E7%A4%BE%E5%A4%A7%E7%A5%AD
愛知県	鳥羽の火祭り	愛知県の祭り	https://ja.wikipedia.org/wiki/%E9%B3%A5%E7%BE%BD%E3%81%AE%E7%81%AB%E7%A5%AD%E3%82%8A
三重県	おわせ港まつり	三重県の祭り	https://ja.wikipedia.org/wiki/%E3%81%8A%E3%82%8F%E3%81%9B%E6%B8%AF%E3%81%BE%E3%81%A4%E3%82%8A
三重県	お白石持	三重県の祭り	https://ja.wikipedia.org/wiki/%E3%81%8A%E7%99%BD%E7%9F%B3%E6%8C%81
三重県	しろんご祭り	三重県の祭り	https://ja.wikipedia.org/wiki/%E3%81%97%E3%82%8D%E3%82%93%E3%81%94%E7%A5%AD%E3%82%8A
三重県	わらじ曳き	三重県の祭り	https://ja.wikipedia.org/wiki/%E3%82%8F%E3%82%89%E3%81%98%E6%9B%B3%E3%81%8D
三重県	上野天神祭	三重県の祭り	https://ja.wikipedia.org/wiki/%E4%B8%8A%E9%87%8E%E5%A4%A9%E7%A5%9E%E7%A5%AD
三重県	久居花火大会	三重県の祭り	https://ja.wikipedia.org/wiki/%E4%B9%85%E5%B1%85%E8%8A%B1%E7%81%AB%E5%A4%A7%E4%BC%9A
三重県	二船祭	三重県の祭り	https://ja.wikipedia.org/wiki/%E4%BA%8C%E8%88%B9%E7%A5%AD
三重県	伊勢えび祭	三重県の花火大会	https://ja.wikipedia.org/wiki/%E4%BC%8A%E5%8B%A2%E3%81%88%E3%81%B3%E7%A5%AD
三重県	伊勢おおまつり	三重県の祭り	https://ja.wikipedia.org/wiki/%E4%BC%8A%E5%8B%A2%E3%81%8A%E3%81%8A%E3%81%BE%E3%81%A4%E3%82%8A
三重県	伊勢大神楽	桑名市の祭り	https://ja.wikipedia.org/wiki/%E4%BC%8A%E5%8B%A2%E5%A4%A7%E7%A5%9E%E6%A5%BD
三重県	伊勢神宮奉納全国花火大会	三重県の祭り	https://ja.wikipedia.org/wiki/%E4%BC%8A%E5%8B%A2%E7%A5%9E%E5%AE%AE%E5%A5%89%E7%B4%8D%E5%85%A8%E5%9B%BD%E8%8A%B1%E7%81%AB%E5%A4%A7%E4%BC%9A
三重県	名のり・注連縄切り・火祭り	三重県の祭り	https://ja.wikipedia.org/wiki/%E5%90%8D%E3%81%AE%E3%82%8A%E3%83%BB%E6%B3%A8%E9%80%A3%E7%B8%84%E5%88%87%E3%82%8A%E3%83%BB%E7%81%AB%E7%A5%AD%E3%82%8A
三重県	唐人おどり	三重県の祭り	https://ja.wikipedia.org/wiki/%E5%94%90%E4%BA%BA%E3%81%8A%E3%81%A9%E3%82%8A
三重県	四日市祭	三重県の祭り	https://ja.wikipedia.org/wiki/%E5%9B%9B%E6%97%A5%E5%B8%82%E7%A5%AD
三重県	四日市花火大会	三重県の花火大会	https://ja.wikipedia.org/wiki/%E5%9B%9B%E6%97%A5%E5%B8%82%E8%8A%B1%E7%81%AB%E5%A4%A7%E4%BC%9A
三重県	多度祭	桑名市の祭り	https://ja.wikipedia.org/wiki/%E5%A4%9A%E5%BA%A6%E7%A5%AD
三重県	大淀祇園祭	三重県の祭り	https://ja.wikipedia.org/wiki/%E5%A4%A7%E6%B7%80%E7%A5%87%E5%9C%92%E7%A5%AD
三重県	天ヶ須賀のいもち行事	三重県の祭り	https://ja.wikipedia.org/wiki/%E5%A4%A9%E3%83%B6%E9%A0%88%E8%B3%80%E3%81%AE%E3%81%84%E3%82%82%E3%81%A1%E8%A1%8C%E4%BA%8B
三重県	天ヶ須賀の石取祭	三重県の祭り	https://ja.wikipedia.org/wiki/%E5%A4%A9%E3%83%B6%E9%A0%88%E8%B3%80%E3%81%AE%E7%9F%B3%E5%8F%96%E7%A5%AD
三重県	富田の石取祭	三重県の祭り	https://ja.wikipedia.org/wiki/%E5%AF%8C%E7%94%B0%E3%81%AE%E7%9F%B3%E5%8F%96%E7%A5%AD
三重県	富田の鯨船行事	三重県の祭り	https://ja.wikipedia.org/wiki/%E5%AF%8C%E7%94%B0%E3%81%AE%E9%AF%A8%E8%88%B9%E8%A1%8C%E4%BA%8B
三重県	富田一色けんか祭	三重県の祭り	https://ja.wikipedia.org/wiki/%E5%AF%8C%E7%94%B0%E4%B8%80%E8%89%B2%E3%81%91%E3%82%93%E3%81%8B%E7%A5%AD
三重県	御木曳	三重県の祭り	https://ja.wikipedia.org/wiki/%E5%BE%A1%E6%9C%A8%E6%9B%B3
三重県	御潜神事	三重県の祭り	https://ja.wikipedia.org/wiki/%E5%BE%A1%E6%BD%9C%E7%A5%9E%E4%BA%8B
三重県	志摩レゲエ祭	三重県の祭り	https://ja.wikipedia.org/wiki/%E5%BF%97%E6%91%A9%E3%83%AC%E3%82%B2%E3%82%A8%E7%A5%AD
三重県	斎王まつり	三重県の祭り	https://ja.wikipedia.org/wiki/%E6%96%8E%E7%8E%8B%E3%81%BE%E3%81%A4%E3%82%8A
三重県	木本まつり	三重県の祭り	https://ja.wikipedia.org/wiki/%E6%9C%A8%E6%9C%AC%E3%81%BE%E3%81%A4%E3%82%8A
三重県	来る福招き猫まつり	三重県の祭り	https://ja.wikipedia.org/wiki/%E6%9D%A5%E3%82%8B%E7%A6%8F%E6%8B%9B%E3%81%8D%E7%8C%AB%E3%81%BE%E3%81%A4%E3%82%8A
三重県	松原の石取祭	三重県の祭り	https://ja.wikipedia.org/wiki/%E6%9D%BE%E5%8E%9F%E3%81%AE%E7%9F%B3%E5%8F%96%E7%A5%AD
三重県	桑名水郷花火大会	桑名市の祭り	https://ja.wikipedia.org/wiki/%E6%A1%91%E5%90%8D%E6%B0%B4%E9%83%B7%E8%8A%B1%E7%81%AB%E5%A4%A7%E4%BC%9A
三重県	津まつり	三重県の祭り	https://ja.wikipedia.org/wiki/%E6%B4%A5%E3%81%BE%E3%81%A4%E3%82%8A
三重県	津花火大会	三重県の花火大会	https://ja.wikipedia.org/wiki/%E6%B4%A5%E8%8A%B1%E7%81%AB%E5%A4%A7%E4%BC%9A
三重県	熊野大花火大会	三重県の祭り	https://ja.wikipedia.org/wiki/%E7%86%8A%E9%87%8E%E5%A4%A7%E8%8A%B1%E7%81%AB%E5%A4%A7%E4%BC%9A
三重県	石取祭	桑名市の祭り	https://ja.wikipedia.org/wiki/%E7%9F%B3%E5%8F%96%E7%A5%AD
三重県	磯部の御神田	三重県の祭り	https://ja.wikipedia.org/wiki/%E7%A3%AF%E9%83%A8%E3%81%AE%E5%BE%A1%E7%A5%9E%E7%94%B0
三重県	祇園花行事	三重県の祭り	https://ja.wikipedia.org/wiki/%E7%A5%87%E5%9C%92%E8%8A%B1%E8%A1%8C%E4%BA%8B
三重県	神嘗祭	三重県の祭り	https://ja.wikipedia.org/wiki/%E7%A5%9E%E5%98%97%E7%A5%AD
三重県	神宮式年遷宮	三重県の祭り	https://ja.wikipedia.org/wiki/%E7%A5%9E%E5%AE%AE%E5%BC%8F%E5%B9%B4%E9%81%B7%E5%AE%AE
三重県	神戸石取祭	三重県の祭り	https://ja.wikipedia.org/wiki/%E7%A5%9E%E6%88%B8%E7%9F%B3%E5%8F%96%E7%A5%AD
三重県	赤崎祭	三重県の祭り	https://ja.wikipedia.org/wiki/%E8%B5%A4%E5%B4%8E%E7%A5%AD
三重県	遷御	三重県の祭り	https://ja.wikipedia.org/wiki/%E9%81%B7%E5%BE%A1
三重県	香良洲町の宮踊	三重県の祭り	https://ja.wikipedia.org/wiki/%E9%A6%99%E8%89%AF%E6%B4%B2%E7%94%BA%E3%81%AE%E5%AE%AE%E8%B8%8A
三重県	鳥羽みなとまつり	三重県の花火大会	https://ja.wikipedia.org/wiki/%E9%B3%A5%E7%BE%BD%E3%81%BF%E3%81%AA%E3%81%A8%E3%81%BE%E3%81%A4%E3%82%8A
滋賀県	びわ湖大花火大会	滋賀県の花火大会	https://ja.wikipedia.org/wiki/%E3%81%B3%E3%82%8F%E6%B9%96%E5%A4%A7%E8%8A%B1%E7%81%AB%E5%A4%A7%E4%BC%9A
滋賀県	オコナイ	滋賀県の祭り	https://ja.wikipedia.org/wiki/%E3%82%AA%E3%82%B3%E3%83%8A%E3%82%A4
滋賀県	信楽まちなか芸術祭	滋賀県の祭り	https://ja.wikipedia.org/wiki/%E4%BF%A1%E6%A5%BD%E3%81%BE%E3%81%A1%E3%81%AA%E3%81%8B%E8%8A%B8%E8%A1%93%E7%A5%AD
滋賀県	川裾祭	滋賀県の祭り	https://ja.wikipedia.org/wiki/%E5%B7%9D%E8%A3%BE%E7%A5%AD
滋賀県	彦根大花火大会	滋賀県の祭り	https://ja.wikipedia.org/wiki/%E5%BD%A6%E6%A0%B9%E5%A4%A7%E8%8A%B1%E7%81%AB%E5%A4%A7%E4%BC%9A
滋賀県	日吉山王祭	滋賀県の祭り	https://ja.wikipedia.org/wiki/%E6%97%A5%E5%90%89%E5%B1%B1%E7%8E%8B%E7%A5%AD
滋賀県	日野祭	滋賀県の祭り	https://ja.wikipedia.org/wiki/%E6%97%A5%E9%87%8E%E7%A5%AD
滋賀県	水口曳山祭	滋賀県の祭り	https://ja.wikipedia.org/wiki/%E6%B0%B4%E5%8F%A3%E6%9B%B3%E5%B1%B1%E7%A5%AD
滋賀県	祇園花行事	滋賀県の祭り	https://ja.wikipedia.org/wiki/%E7%A5%87%E5%9C%92%E8%8A%B1%E8%A1%8C%E4%BA%8B
滋賀県	篠田の花火	滋賀県の祭り	https://ja.wikipedia.org/wiki/%E7%AF%A0%E7%94%B0%E3%81%AE%E8%8A%B1%E7%81%AB
滋賀県	長浜あざいあっぱれ祭り	滋賀県の祭り	https://ja.wikipedia.org/wiki/%E9%95%B7%E6%B5%9C%E3%81%82%E3%81%96%E3%81%84%E3%81%82%E3%81%A3%E3%81%B1%E3%82%8C%E7%A5%AD%E3%82%8A
滋賀県	長浜・北びわ湖大花火大会	滋賀県の祭り	https://ja.wikipedia.org/wiki/%E9%95%B7%E6%B5%9C%E3%83%BB%E5%8C%97%E3%81%B3%E3%82%8F%E6%B9%96%E5%A4%A7%E8%8A%B1%E7%81%AB%E5%A4%A7%E4%BC%9A
滋賀県	長浜曳山祭	滋賀県の祭り	https://ja.wikipedia.org/wiki/%E9%95%B7%E6%B5%9C%E6%9B%B3%E5%B1%B1%E7%A5%AD
滋賀県	高宮納涼花火大会	滋賀県の祭り	https://ja.wikipedia.org/wiki/%E9%AB%98%E5%AE%AE%E7%B4%8D%E6%B6%BC%E8%8A%B1%E7%81%AB%E5%A4%A7%E4%BC%9A
京都府	Mixひとびとtango	京都府の祭り	https://ja.wikipedia.org/wiki/Mix%E3%81%B2%E3%81%A8%E3%81%B3%E3%81%A8tango
京都府	あやべ水無月まつり	京都府の花火大会	https://ja.wikipedia.org/wiki/%E3%81%82%E3%82%84%E3%81%B9%E6%B0%B4%E7%84%A1%E6%9C%88%E3%81%BE%E3%81%A4%E3%82%8A
京都府	いごもり祭	京都府の祭り	https://ja.wikipedia.org/wiki/%E3%81%84%E3%81%94%E3%82%82%E3%82%8A%E7%A5%AD
京都府	おべっさん	京都府の祭り	https://ja.wikipedia.org/wiki/%E3%81%8A%E3%81%B9%E3%81%A3%E3%81%95%E3%82%93
京都府	こまねこまつり	京都府の祭り	https://ja.wikipedia.org/wiki/%E3%81%93%E3%81%BE%E3%81%AD%E3%81%93%E3%81%BE%E3%81%A4%E3%82%8A
京都府	ひとり囃子	祇園祭	https://ja.wikipedia.org/wiki/%E3%81%B2%E3%81%A8%E3%82%8A%E5%9B%83%E5%AD%90
京都府	まいづる細川幽斎田辺城まつり	舞鶴市の祭り	https://ja.wikipedia.org/wiki/%E3%81%BE%E3%81%84%E3%81%A5%E3%82%8B%E7%B4%B0%E5%B7%9D%E5%B9%BD%E6%96%8E%E7%94%B0%E8%BE%BA%E5%9F%8E%E3%81%BE%E3%81%A4%E3%82%8A
京都府	まいづる魚まつり	舞鶴市の祭り	https://ja.wikipedia.org/wiki/%E3%81%BE%E3%81%84%E3%81%A5%E3%82%8B%E9%AD%9A%E3%81%BE%E3%81%A4%E3%82%8A
京都府	まち遊びフェスティバル	舞鶴市の祭り	https://ja.wikipedia.org/wiki/%E3%81%BE%E3%81%A1%E9%81%8A%E3%81%B3%E3%83%95%E3%82%A7%E3%82%B9%E3%83%86%E3%82%A3%E3%83%90%E3%83%AB
京都府	みなと舞鶴ちゃったまつり	舞鶴市の祭り	https://ja.wikipedia.org/wiki/%E3%81%BF%E3%81%AA%E3%81%A8%E8%88%9E%E9%B6%B4%E3%81%A1%E3%82%83%E3%81%A3%E3%81%9F%E3%81%BE%E3%81%A4%E3%82%8A
京都府	やぎの花火大会	京都府の花火大会	https://ja.wikipedia.org/wiki/%E3%82%84%E3%81%8E%E3%81%AE%E8%8A%B1%E7%81%AB%E5%A4%A7%E4%BC%9A
京都府	やすらい祭	京都市の祭り	https://ja.wikipedia.org/wiki/%E3%82%84%E3%81%99%E3%82%89%E3%81%84%E7%A5%AD
京都府	ドッコイセ福知山花火大会	京都府の花火大会	https://ja.wikipedia.org/wiki/%E3%83%89%E3%83%83%E3%82%B3%E3%82%A4%E3%82%BB%E7%A6%8F%E7%9F%A5%E5%B1%B1%E8%8A%B1%E7%81%AB%E5%A4%A7%E4%BC%9A
京都府	中村八坂神社祇園祭	祇園祭	https://ja.wikipedia.org/wiki/%E4%B8%AD%E6%9D%91%E5%85%AB%E5%9D%82%E7%A5%9E%E7%A4%BE%E7%A5%87%E5%9C%92%E7%A5%AD
京都府	丹後ちりめん祭り	京都府の祭り	https://ja.wikipedia.org/wiki/%E4%B8%B9%E5%BE%8C%E3%81%A1%E3%82%8A%E3%82%81%E3%82%93%E7%A5%AD%E3%82%8A
京都府	丹波の芝むくり	京都府の祭り	https://ja.wikipedia.org/wiki/%E4%B8%B9%E6%B3%A2%E3%81%AE%E8%8A%9D%E3%82%80%E3%81%8F%E3%82%8A
京都府	亀岡祭	京都府の祭り	https://ja.wikipedia.org/wiki/%E4%BA%80%E5%B2%A1%E7%A5%AD
京都府	五山送り火	京都市の祭り	https://ja.wikipedia.org/wiki/%E4%BA%94%E5%B1%B1%E9%80%81%E3%82%8A%E7%81%AB
京都府	京都さくらよさこい	京都市の祭り	https://ja.wikipedia.org/wiki/%E4%BA%AC%E9%83%BD%E3%81%95%E3%81%8F%E3%82%89%E3%82%88%E3%81%95%E3%81%93%E3%81%84
京都府	京都・保津川花火大会	京都府の花火大会	https://ja.wikipedia.org/wiki/%E4%BA%AC%E9%83%BD%E3%83%BB%E4%BF%9D%E6%B4%A5%E5%B7%9D%E8%8A%B1%E7%81%AB%E5%A4%A7%E4%BC%9A
京都府	京都三大祭り	京都市の祭り	https://ja.wikipedia.org/wiki/%E4%BA%AC%E9%83%BD%E4%B8%89%E5%A4%A7%E7%A5%AD%E3%82%8A
京都府	京都学生祭典	京都市の祭り	https://ja.wikipedia.org/wiki/%E4%BA%AC%E9%83%BD%E5%AD%A6%E7%94%9F%E7%A5%AD%E5%85%B8
京都府	京都芸術花火	京都市の祭り	https://ja.wikipedia.org/wiki/%E4%BA%AC%E9%83%BD%E8%8A%B8%E8%A1%93%E8%8A%B1%E7%81%AB
京都府	京都音楽博覧会	京都市の祭り	https://ja.wikipedia.org/wiki/%E4%BA%AC%E9%83%BD%E9%9F%B3%E6%A5%BD%E5%8D%9A%E8%A6%A7%E4%BC%9A
京都府	今宮祭	京都市の祭り	https://ja.wikipedia.org/wiki/%E4%BB%8A%E5%AE%AE%E7%A5%AD
京都府	伊根祭	京都府の祭り	https://ja.wikipedia.org/wiki/%E4%BC%8A%E6%A0%B9%E7%A5%AD
京都府	八坂神社	祇園祭	https://ja.wikipedia.org/wiki/%E5%85%AB%E5%9D%82%E7%A5%9E%E7%A4%BE
京都府	八幡山 (山鉾)	京都府の祭り	https://ja.wikipedia.org/wiki/%E5%85%AB%E5%B9%A1%E5%B1%B1_%28%E5%B1%B1%E9%89%BE%29
京都府	加悦谷祭	京都府の祭り	https://ja.wikipedia.org/wiki/%E5%8A%A0%E6%82%A6%E8%B0%B7%E7%A5%AD
京都府	吉原の万灯籠	舞鶴市の祭り	https://ja.wikipedia.org/wiki/%E5%90%89%E5%8E%9F%E3%81%AE%E4%B8%87%E7%81%AF%E7%B1%A0
京都府	城屋の揚松明	舞鶴市の祭り	https://ja.wikipedia.org/wiki/%E5%9F%8E%E5%B1%8B%E3%81%AE%E6%8F%9A%E6%9D%BE%E6%98%8E
京都府	壬生六斎念仏踊り	京都市の祭り	https://ja.wikipedia.org/wiki/%E5%A3%AC%E7%94%9F%E5%85%AD%E6%96%8E%E5%BF%B5%E4%BB%8F%E8%B8%8A%E3%82%8A
京都府	夜行 (小説)	京都市の祭り	https://ja.wikipedia.org/wiki/%E5%A4%9C%E8%A1%8C_%28%E5%B0%8F%E8%AA%AC%29
京都府	大柴燈護摩供	京都市の祭り	https://ja.wikipedia.org/wiki/%E5%A4%A7%E6%9F%B4%E7%87%88%E8%AD%B7%E6%91%A9%E4%BE%9B
京都府	大江山酒呑童子祭り	京都府の祭り	https://ja.wikipedia.org/wiki/%E5%A4%A7%E6%B1%9F%E5%B1%B1%E9%85%92%E5%91%91%E7%AB%A5%E5%AD%90%E7%A5%AD%E3%82%8A
京都府	大送神社の綱引き	京都府の祭り	https://ja.wikipedia.org/wiki/%E5%A4%A7%E9%80%81%E7%A5%9E%E7%A4%BE%E3%81%AE%E7%B6%B1%E5%BC%95%E3%81%8D
京都府	太秦の牛祭	京都市の祭り	https://ja.wikipedia.org/wiki/%E5%A4%AA%E7%A7%A6%E3%81%AE%E7%89%9B%E7%A5%AD
京都府	宇治川花火大会	京都府の花火大会	https://ja.wikipedia.org/wiki/%E5%AE%87%E6%B2%BB%E5%B7%9D%E8%8A%B1%E7%81%AB%E5%A4%A7%E4%BC%9A
京都府	宮津祭	京都府の祭り	https://ja.wikipedia.org/wiki/%E5%AE%AE%E6%B4%A5%E7%A5%AD
京都府	宵山万華鏡	祇園祭	https://ja.wikipedia.org/wiki/%E5%AE%B5%E5%B1%B1%E4%B8%87%E8%8F%AF%E9%8F%A1
京都府	川裾祭	京都府の祭り	https://ja.wikipedia.org/wiki/%E5%B7%9D%E8%A3%BE%E7%A5%AD
京都府	斎宮行列	京都市の祭り	https://ja.wikipedia.org/wiki/%E6%96%8E%E5%AE%AE%E8%A1%8C%E5%88%97
京都府	時代祭	京都市の祭り	https://ja.wikipedia.org/wiki/%E6%99%82%E4%BB%A3%E7%A5%AD
京都府	松上げ	京都府の祭り	https://ja.wikipedia.org/wiki/%E6%9D%BE%E4%B8%8A%E3%81%92
京都府	松尾寺の仏舞	舞鶴市の祭り	https://ja.wikipedia.org/wiki/%E6%9D%BE%E5%B0%BE%E5%AF%BA%E3%81%AE%E4%BB%8F%E8%88%9E
京都府	松尾祭	京都市の祭り	https://ja.wikipedia.org/wiki/%E6%9D%BE%E5%B0%BE%E7%A5%AD
京都府	染織祭	京都市の祭り	https://ja.wikipedia.org/wiki/%E6%9F%93%E7%B9%94%E7%A5%AD
京都府	梅花祭	京都市の祭り	https://ja.wikipedia.org/wiki/%E6%A2%85%E8%8A%B1%E7%A5%AD
京都府	棚野の千両祭	京都府の祭り	https://ja.wikipedia.org/wiki/%E6%A3%9A%E9%87%8E%E3%81%AE%E5%8D%83%E4%B8%A1%E7%A5%AD
京都府	牧山の松明	京都府の祭り	https://ja.wikipedia.org/wiki/%E7%89%A7%E5%B1%B1%E3%81%AE%E6%9D%BE%E6%98%8E
京都府	瑞饋祭	京都市の祭り	https://ja.wikipedia.org/wiki/%E7%91%9E%E9%A5%8B%E7%A5%AD
京都府	田原の御田	京都府の祭り	https://ja.wikipedia.org/wiki/%E7%94%B0%E5%8E%9F%E3%81%AE%E5%BE%A1%E7%94%B0
京都府	白朮祭	京都市の祭り	https://ja.wikipedia.org/wiki/%E7%99%BD%E6%9C%AE%E7%A5%AD
京都府	県祭り	京都府の祭り	https://ja.wikipedia.org/wiki/%E7%9C%8C%E7%A5%AD%E3%82%8A
京都府	石清水祭	京都府の祭り	https://ja.wikipedia.org/wiki/%E7%9F%B3%E6%B8%85%E6%B0%B4%E7%A5%AD
京都府	祇園会 (落語)	祇園祭	https://ja.wikipedia.org/wiki/%E7%A5%87%E5%9C%92%E4%BC%9A_%28%E8%90%BD%E8%AA%9E%29
京都府	祇園囃子 (テレビドラマ)	祇園祭	https://ja.wikipedia.org/wiki/%E7%A5%87%E5%9C%92%E5%9B%83%E5%AD%90_%28%E3%83%86%E3%83%AC%E3%83%93%E3%83%89%E3%83%A9%E3%83%9E%29
京都府	祇園祭	京都市の祭り	https://ja.wikipedia.org/wiki/%E7%A5%87%E5%9C%92%E7%A5%AD
京都府	祇園祭 (1968年の映画)	祇園祭	https://ja.wikipedia.org/wiki/%E7%A5%87%E5%9C%92%E7%A5%AD_%281968%E5%B9%B4%E3%81%AE%E6%98%A0%E7%94%BB%29
京都府	福知山ドッコイセまつり	京都府の祭り	https://ja.wikipedia.org/wiki/%E7%A6%8F%E7%9F%A5%E5%B1%B1%E3%83%89%E3%83%83%E3%82%B3%E3%82%A4%E3%82%BB%E3%81%BE%E3%81%A4%E3%82%8A
京都府	秦助正	祇園祭	https://ja.wikipedia.org/wiki/%E7%A7%A6%E5%8A%A9%E6%AD%A3
京都府	節分お化け	京都府の祭り	https://ja.wikipedia.org/wiki/%E7%AF%80%E5%88%86%E3%81%8A%E5%8C%96%E3%81%91
京都府	粟田大燈呂	京都府の祭り	https://ja.wikipedia.org/wiki/%E7%B2%9F%E7%94%B0%E5%A4%A7%E7%87%88%E5%91%82
京都府	聖なる怠け者の冒険	祇園祭	https://ja.wikipedia.org/wiki/%E8%81%96%E3%81%AA%E3%82%8B%E6%80%A0%E3%81%91%E8%80%85%E3%81%AE%E5%86%92%E9%99%BA
京都府	舞鶴つつじまつり	舞鶴市の祭り	https://ja.wikipedia.org/wiki/%E8%88%9E%E9%B6%B4%E3%81%A4%E3%81%A4%E3%81%98%E3%81%BE%E3%81%A4%E3%82%8A
京都府	葵祭	京都市の祭り	https://ja.wikipedia.org/wiki/%E8%91%B5%E7%A5%AD
京都府	赤れんがSummerJazz+	舞鶴市の祭り	https://ja.wikipedia.org/wiki/%E8%B5%A4%E3%82%8C%E3%82%93%E3%81%8CSummerJazz%2B
京都府	赤れんがフェスタ (舞鶴)	舞鶴市の祭り	https://ja.wikipedia.org/wiki/%E8%B5%A4%E3%82%8C%E3%82%93%E3%81%8C%E3%83%95%E3%82%A7%E3%82%B9%E3%82%BF_%28%E8%88%9E%E9%B6%B4%29
京都府	赤煉瓦サマー・ジャズin舞鶴	舞鶴市の祭り	https://ja.wikipedia.org/wiki/%E8%B5%A4%E7%85%89%E7%93%A6%E3%82%B5%E3%83%9E%E3%83%BC%E3%83%BB%E3%82%B8%E3%83%A3%E3%82%BAin%E8%88%9E%E9%B6%B4
京都府	間人けんか屋台	京都府の祭り	https://ja.wikipedia.org/wiki/%E9%96%93%E4%BA%BA%E3%81%91%E3%82%93%E3%81%8B%E5%B1%8B%E5%8F%B0
京都府	阿含の星まつり	京都市の祭り	https://ja.wikipedia.org/wiki/%E9%98%BF%E5%90%AB%E3%81%AE%E6%98%9F%E3%81%BE%E3%81%A4%E3%82%8A
京都府	鞍馬の火祭	京都市の祭り	https://ja.wikipedia.org/wiki/%E9%9E%8D%E9%A6%AC%E3%81%AE%E7%81%AB%E7%A5%AD
京都府	額田のダシ行事	京都府の祭り	https://ja.wikipedia.org/wiki/%E9%A1%8D%E7%94%B0%E3%81%AE%E3%83%80%E3%82%B7%E8%A1%8C%E4%BA%8B
大阪府	がんがら火祭り	大阪府の祭り	https://ja.wikipedia.org/wiki/%E3%81%8C%E3%82%93%E3%81%8C%E3%82%89%E7%81%AB%E7%A5%AD%E3%82%8A
大阪府	くらわんか花火大会	大阪府の花火大会	https://ja.wikipedia.org/wiki/%E3%81%8F%E3%82%89%E3%82%8F%E3%82%93%E3%81%8B%E8%8A%B1%E7%81%AB%E5%A4%A7%E4%BC%9A
大阪府	なにわ淀川花火大会	大阪府の花火大会	https://ja.wikipedia.org/wiki/%E3%81%AA%E3%81%AB%E3%82%8F%E6%B7%80%E5%B7%9D%E8%8A%B1%E7%81%AB%E5%A4%A7%E4%BC%9A
大阪府	ふとん太鼓	大阪府の祭り	https://ja.wikipedia.org/wiki/%E3%81%B5%E3%81%A8%E3%82%93%E5%A4%AA%E9%BC%93
大阪府	りんくう花火	大阪府の花火大会	https://ja.wikipedia.org/wiki/%E3%82%8A%E3%82%93%E3%81%8F%E3%81%86%E8%8A%B1%E7%81%AB
大阪府	フィエスタ・メヒカナ	大阪市の祭り	https://ja.wikipedia.org/wiki/%E3%83%95%E3%82%A3%E3%82%A8%E3%82%B9%E3%82%BF%E3%83%BB%E3%83%A1%E3%83%92%E3%82%AB%E3%83%8A
大阪府	ロックロックこんにちは!	大阪府の祭り	https://ja.wikipedia.org/wiki/%E3%83%AD%E3%83%83%E3%82%AF%E3%83%AD%E3%83%83%E3%82%AF%E3%81%93%E3%82%93%E3%81%AB%E3%81%A1%E3%81%AF%21
大阪府	中之島まつり	大阪市の祭り	https://ja.wikipedia.org/wiki/%E4%B8%AD%E4%B9%8B%E5%B3%B6%E3%81%BE%E3%81%A4%E3%82%8A
大阪府	久世だんじり祭り	大阪府の祭り	https://ja.wikipedia.org/wiki/%E4%B9%85%E4%B8%96%E3%81%A0%E3%82%93%E3%81%98%E3%82%8A%E7%A5%AD%E3%82%8A
大阪府	住吉の御田植	大阪市の祭り	https://ja.wikipedia.org/wiki/%E4%BD%8F%E5%90%89%E3%81%AE%E5%BE%A1%E7%94%B0%E6%A4%8D
大阪府	住吉祭	大阪市の祭り	https://ja.wikipedia.org/wiki/%E4%BD%8F%E5%90%89%E7%A5%AD
大阪府	住吉踊り	大阪市の祭り	https://ja.wikipedia.org/wiki/%E4%BD%8F%E5%90%89%E8%B8%8A%E3%82%8A
大阪府	北若仲ふとん太鼓	大阪府の祭り	https://ja.wikipedia.org/wiki/%E5%8C%97%E8%8B%A5%E4%BB%B2%E3%81%B5%E3%81%A8%E3%82%93%E5%A4%AA%E9%BC%93
大阪府	十三戎祭	大阪府の祭り	https://ja.wikipedia.org/wiki/%E5%8D%81%E4%B8%89%E6%88%8E%E7%A5%AD
大阪府	南河内だんじり祭り	大阪府の祭り	https://ja.wikipedia.org/wiki/%E5%8D%97%E6%B2%B3%E5%86%85%E3%81%A0%E3%82%93%E3%81%98%E3%82%8A%E7%A5%AD%E3%82%8A
大阪府	古市だんじり祭	大阪府の祭り	https://ja.wikipedia.org/wiki/%E5%8F%A4%E5%B8%82%E3%81%A0%E3%82%93%E3%81%98%E3%82%8A%E7%A5%AD
大阪府	和泉だんじり祭	大阪府の祭り	https://ja.wikipedia.org/wiki/%E5%92%8C%E6%B3%89%E3%81%A0%E3%82%93%E3%81%98%E3%82%8A%E7%A5%AD
大阪府	四天王寺ワッソ	大阪市の祭り	https://ja.wikipedia.org/wiki/%E5%9B%9B%E5%A4%A9%E7%8E%8B%E5%AF%BA%E3%83%AF%E3%83%83%E3%82%BD
大阪府	地車	大阪府の祭り	https://ja.wikipedia.org/wiki/%E5%9C%B0%E8%BB%8A
大阪府	地車囃子	大阪府の祭り	https://ja.wikipedia.org/wiki/%E5%9C%B0%E8%BB%8A%E5%9B%83%E5%AD%90
大阪府	堺まつり	大阪府の祭り	https://ja.wikipedia.org/wiki/%E5%A0%BA%E3%81%BE%E3%81%A4%E3%82%8A
大阪府	大阪三大夏祭り	大阪市の祭り	https://ja.wikipedia.org/wiki/%E5%A4%A7%E9%98%AA%E4%B8%89%E5%A4%A7%E5%A4%8F%E7%A5%AD%E3%82%8A
大阪府	大阪芸術花火	大阪府の花火大会	https://ja.wikipedia.org/wiki/%E5%A4%A7%E9%98%AA%E8%8A%B8%E8%A1%93%E8%8A%B1%E7%81%AB
大阪府	天神祭	大阪市の祭り	https://ja.wikipedia.org/wiki/%E5%A4%A9%E7%A5%9E%E7%A5%AD
大阪府	寝屋川まつり	大阪府の祭り	https://ja.wikipedia.org/wiki/%E5%AF%9D%E5%B1%8B%E5%B7%9D%E3%81%BE%E3%81%A4%E3%82%8A
大阪府	寺方提灯踊り	大阪府の祭り	https://ja.wikipedia.org/wiki/%E5%AF%BA%E6%96%B9%E6%8F%90%E7%81%AF%E8%B8%8A%E3%82%8A
大阪府	岸和田だんじり祭	大阪府の祭り	https://ja.wikipedia.org/wiki/%E5%B2%B8%E5%92%8C%E7%94%B0%E3%81%A0%E3%82%93%E3%81%98%E3%82%8A%E7%A5%AD
大阪府	岸和田十月祭礼	大阪府の祭り	https://ja.wikipedia.org/wiki/%E5%B2%B8%E5%92%8C%E7%94%B0%E5%8D%81%E6%9C%88%E7%A5%AD%E7%A4%BC
大阪府	平野郷夏まつり	大阪市の祭り	https://ja.wikipedia.org/wiki/%E5%B9%B3%E9%87%8E%E9%83%B7%E5%A4%8F%E3%81%BE%E3%81%A4%E3%82%8A
大阪府	府中だんじり祭	大阪府の祭り	https://ja.wikipedia.org/wiki/%E5%BA%9C%E4%B8%AD%E3%81%A0%E3%82%93%E3%81%98%E3%82%8A%E7%A5%AD
大阪府	彦八まつり	大阪市の祭り	https://ja.wikipedia.org/wiki/%E5%BD%A6%E5%85%AB%E3%81%BE%E3%81%A4%E3%82%8A
大阪府	愛染まつり	大阪市の祭り	https://ja.wikipedia.org/wiki/%E6%84%9B%E6%9F%93%E3%81%BE%E3%81%A4%E3%82%8A
大阪府	教祖祭PL花火芸術	大阪府の花火大会	https://ja.wikipedia.org/wiki/%E6%95%99%E7%A5%96%E7%A5%ADPL%E8%8A%B1%E7%81%AB%E8%8A%B8%E8%A1%93
大阪府	春木だんじり祭	大阪府の祭り	https://ja.wikipedia.org/wiki/%E6%98%A5%E6%9C%A8%E3%81%A0%E3%82%93%E3%81%98%E3%82%8A%E7%A5%AD
大阪府	枚方五六市	大阪府の祭り	https://ja.wikipedia.org/wiki/%E6%9E%9A%E6%96%B9%E4%BA%94%E5%85%AD%E5%B8%82
大阪府	水都祭	大阪市の祭り	https://ja.wikipedia.org/wiki/%E6%B0%B4%E9%83%BD%E7%A5%AD
大阪府	泉大津だんじり祭り	大阪府の祭り	https://ja.wikipedia.org/wiki/%E6%B3%89%E5%A4%A7%E6%B4%A5%E3%81%A0%E3%82%93%E3%81%98%E3%82%8A%E7%A5%AD%E3%82%8A
大阪府	泉州YOSAKOIゑぇじゃないか祭り	大阪府の祭り	https://ja.wikipedia.org/wiki/%E6%B3%89%E5%B7%9EYOSAKOI%E3%82%91%E3%81%87%E3%81%98%E3%82%83%E3%81%AA%E3%81%84%E3%81%8B%E7%A5%AD%E3%82%8A
大阪府	津久野だんじり祭	大阪府の祭り	https://ja.wikipedia.org/wiki/%E6%B4%A5%E4%B9%85%E9%87%8E%E3%81%A0%E3%82%93%E3%81%98%E3%82%8A%E7%A5%AD
大阪府	深井だんじり祭り	大阪府の祭り	https://ja.wikipedia.org/wiki/%E6%B7%B1%E4%BA%95%E3%81%A0%E3%82%93%E3%81%98%E3%82%8A%E7%A5%AD%E3%82%8A
大阪府	熊取だんじり祭	大阪府の祭り	https://ja.wikipedia.org/wiki/%E7%86%8A%E5%8F%96%E3%81%A0%E3%82%93%E3%81%98%E3%82%8A%E7%A5%AD
大阪府	狭山池まつり	大阪府の祭り	https://ja.wikipedia.org/wiki/%E7%8B%AD%E5%B1%B1%E6%B1%A0%E3%81%BE%E3%81%A4%E3%82%8A
大阪府	猪名川花火大会	大阪府の花火大会	https://ja.wikipedia.org/wiki/%E7%8C%AA%E5%90%8D%E5%B7%9D%E8%8A%B1%E7%81%AB%E5%A4%A7%E4%BC%9A
大阪府	生國魂祭	大阪市の祭り	https://ja.wikipedia.org/wiki/%E7%94%9F%E5%9C%8B%E9%AD%82%E7%A5%AD
大阪府	登美丘だんじり祭り	大阪府の祭り	https://ja.wikipedia.org/wiki/%E7%99%BB%E7%BE%8E%E4%B8%98%E3%81%A0%E3%82%93%E3%81%98%E3%82%8A%E7%A5%AD%E3%82%8A
大阪府	箕面まつり	大阪府の祭り	https://ja.wikipedia.org/wiki/%E7%AE%95%E9%9D%A2%E3%81%BE%E3%81%A4%E3%82%8A
大阪府	聖霊会	大阪市の祭り	https://ja.wikipedia.org/wiki/%E8%81%96%E9%9C%8A%E4%BC%9A
大阪府	茨木フェスティバル	大阪府の祭り	https://ja.wikipedia.org/wiki/%E8%8C%A8%E6%9C%A8%E3%83%95%E3%82%A7%E3%82%B9%E3%83%86%E3%82%A3%E3%83%90%E3%83%AB
大阪府	貝塚だんじり祭	大阪府の祭り	https://ja.wikipedia.org/wiki/%E8%B2%9D%E5%A1%9A%E3%81%A0%E3%82%93%E3%81%98%E3%82%8A%E7%A5%AD
大阪府	釜ヶ崎「寄ってき」まつり	大阪市の祭り	https://ja.wikipedia.org/wiki/%E9%87%9C%E3%83%B6%E5%B4%8E%E3%80%8C%E5%AF%84%E3%81%A3%E3%81%A6%E3%81%8D%E3%80%8D%E3%81%BE%E3%81%A4%E3%82%8A
大阪府	釜ヶ崎夏祭り	大阪市の祭り	https://ja.wikipedia.org/wiki/%E9%87%9C%E3%83%B6%E5%B4%8E%E5%A4%8F%E7%A5%AD%E3%82%8A
大阪府	釜ヶ崎越冬まつり	大阪市の祭り	https://ja.wikipedia.org/wiki/%E9%87%9C%E3%83%B6%E5%B4%8E%E8%B6%8A%E5%86%AC%E3%81%BE%E3%81%A4%E3%82%8A
大阪府	高槻まつり	大阪府の祭り	https://ja.wikipedia.org/wiki/%E9%AB%98%E6%A7%BB%E3%81%BE%E3%81%A4%E3%82%8A
大阪府	高石だんじり祭	大阪府の祭り	https://ja.wikipedia.org/wiki/%E9%AB%98%E7%9F%B3%E3%81%A0%E3%82%93%E3%81%98%E3%82%8A%E7%A5%AD
大阪府	鳳だんじり祭り	大阪府の祭り	https://ja.wikipedia.org/wiki/%E9%B3%B3%E3%81%A0%E3%82%93%E3%81%98%E3%82%8A%E7%A5%AD%E3%82%8A
兵庫県	2000人ギター弾き語り	神戸市の祭り	https://ja.wikipedia.org/wiki/2000%E4%BA%BA%E3%82%AE%E3%82%BF%E3%83%BC%E5%BC%BE%E3%81%8D%E8%AA%9E%E3%82%8A
兵庫県	COMIN'KOBE	神戸市の祭り	https://ja.wikipedia.org/wiki/COMIN%27KOBE
兵庫県	KOBE JAZZ DAY	神戸市の祭り	https://ja.wikipedia.org/wiki/KOBE_JAZZ_DAY
兵庫県	KOBE JAZZ FESTIVAL	神戸市の祭り	https://ja.wikipedia.org/wiki/KOBE_JAZZ_FESTIVAL
兵庫県	Kobe Love Port・みなとまつり	神戸市の祭り	https://ja.wikipedia.org/wiki/Kobe_Love_Port%E3%83%BB%E3%81%BF%E3%81%AA%E3%81%A8%E3%81%BE%E3%81%A4%E3%82%8A
兵庫県	お走りさん	兵庫県の祭り	https://ja.wikipedia.org/wiki/%E3%81%8A%E8%B5%B0%E3%82%8A%E3%81%95%E3%82%93
兵庫県	かすみかに感謝祭	兵庫県の祭り	https://ja.wikipedia.org/wiki/%E3%81%8B%E3%81%99%E3%81%BF%E3%81%8B%E3%81%AB%E6%84%9F%E8%AC%9D%E7%A5%AD
兵庫県	くつっ子まつり	神戸市の祭り	https://ja.wikipedia.org/wiki/%E3%81%8F%E3%81%A4%E3%81%A3%E5%AD%90%E3%81%BE%E3%81%A4%E3%82%8A
兵庫県	たけの海上花火大会	兵庫県の花火大会	https://ja.wikipedia.org/wiki/%E3%81%9F%E3%81%91%E3%81%AE%E6%B5%B7%E4%B8%8A%E8%8A%B1%E7%81%AB%E5%A4%A7%E4%BC%9A
兵庫県	たんとうチューリップまつり	兵庫県の祭り	https://ja.wikipedia.org/wiki/%E3%81%9F%E3%82%93%E3%81%A8%E3%81%86%E3%83%81%E3%83%A5%E3%83%BC%E3%83%AA%E3%83%83%E3%83%97%E3%81%BE%E3%81%A4%E3%82%8A
兵庫県	つかいだんじり	兵庫県の祭り	https://ja.wikipedia.org/wiki/%E3%81%A4%E3%81%8B%E3%81%84%E3%81%A0%E3%82%93%E3%81%98%E3%82%8A
兵庫県	とよおか津居山港かにまつり	兵庫県の祭り	https://ja.wikipedia.org/wiki/%E3%81%A8%E3%82%88%E3%81%8A%E3%81%8B%E6%B4%A5%E5%B1%85%E5%B1%B1%E6%B8%AF%E3%81%8B%E3%81%AB%E3%81%BE%E3%81%A4%E3%82%8A
兵庫県	まちの文化祭	神戸市の祭り	https://ja.wikipedia.org/wiki/%E3%81%BE%E3%81%A1%E3%81%AE%E6%96%87%E5%8C%96%E7%A5%AD
兵庫県	みきマルシェ	兵庫県の祭り	https://ja.wikipedia.org/wiki/%E3%81%BF%E3%81%8D%E3%83%9E%E3%83%AB%E3%82%B7%E3%82%A7
兵庫県	みなとこうべ海上花火大会	神戸市の祭り	https://ja.wikipedia.org/wiki/%E3%81%BF%E3%81%AA%E3%81%A8%E3%81%93%E3%81%86%E3%81%B9%E6%B5%B7%E4%B8%8A%E8%8A%B1%E7%81%AB%E5%A4%A7%E4%BC%9A
兵庫県	インディア・メーラー	神戸市の祭り	https://ja.wikipedia.org/wiki/%E3%82%A4%E3%83%B3%E3%83%87%E3%82%A3%E3%82%A2%E3%83%BB%E3%83%A1%E3%83%BC%E3%83%A9%E3%83%BC
兵庫県	インフィオラータ神戸	神戸市の祭り	https://ja.wikipedia.org/wiki/%E3%82%A4%E3%83%B3%E3%83%95%E3%82%A3%E3%82%AA%E3%83%A9%E3%83%BC%E3%82%BF%E7%A5%9E%E6%88%B8
兵庫県	ジジババオコシ	兵庫県の祭り	https://ja.wikipedia.org/wiki/%E3%82%B8%E3%82%B8%E3%83%90%E3%83%90%E3%82%AA%E3%82%B3%E3%82%B7
兵庫県	デカンショ祭	兵庫県の祭り	https://ja.wikipedia.org/wiki/%E3%83%87%E3%82%AB%E3%83%B3%E3%82%B7%E3%83%A7%E7%A5%AD
兵庫県	ネッテイ相撲	兵庫県の祭り	https://ja.wikipedia.org/wiki/%E3%83%8D%E3%83%83%E3%83%86%E3%82%A4%E7%9B%B8%E6%92%B2
兵庫県	ロックロックこんにちは!	兵庫県の祭り	https://ja.wikipedia.org/wiki/%E3%83%AD%E3%83%83%E3%82%AF%E3%83%AD%E3%83%83%E3%82%AF%E3%81%93%E3%82%93%E3%81%AB%E3%81%A1%E3%81%AF%21
兵庫県	三木げんきまつり	兵庫県の祭り	https://ja.wikipedia.org/wiki/%E4%B8%89%E6%9C%A8%E3%81%92%E3%82%93%E3%81%8D%E3%81%BE%E3%81%A4%E3%82%8A
兵庫県	三木さんさんまつり	兵庫県の祭り	https://ja.wikipedia.org/wiki/%E4%B8%89%E6%9C%A8%E3%81%95%E3%82%93%E3%81%95%E3%82%93%E3%81%BE%E3%81%A4%E3%82%8A
兵庫県	三木夏まつり花火大会	兵庫県の花火大会	https://ja.wikipedia.org/wiki/%E4%B8%89%E6%9C%A8%E5%A4%8F%E3%81%BE%E3%81%A4%E3%82%8A%E8%8A%B1%E7%81%AB%E5%A4%A7%E4%BC%9A
兵庫県	三木金物まつり	兵庫県の祭り	https://ja.wikipedia.org/wiki/%E4%B8%89%E6%9C%A8%E9%87%91%E7%89%A9%E3%81%BE%E3%81%A4%E3%82%8A
兵庫県	三田マダン	兵庫県の祭り	https://ja.wikipedia.org/wiki/%E4%B8%89%E7%94%B0%E3%83%9E%E3%83%80%E3%83%B3
兵庫県	上鴨川住吉神社神事舞	兵庫県の祭り	https://ja.wikipedia.org/wiki/%E4%B8%8A%E9%B4%A8%E5%B7%9D%E4%BD%8F%E5%90%89%E7%A5%9E%E7%A4%BE%E7%A5%9E%E4%BA%8B%E8%88%9E
兵庫県	伊丹マダン	兵庫県の祭り	https://ja.wikipedia.org/wiki/%E4%BC%8A%E4%B8%B9%E3%83%9E%E3%83%80%E3%83%B3
兵庫県	伊川谷惣社 秋祭り	神戸市の祭り	https://ja.wikipedia.org/wiki/%E4%BC%8A%E5%B7%9D%E8%B0%B7%E6%83%A3%E7%A4%BE_%E7%A7%8B%E7%A5%AD%E3%82%8A
兵庫県	但馬三大祭り	兵庫県の祭り	https://ja.wikipedia.org/wiki/%E4%BD%86%E9%A6%AC%E4%B8%89%E5%A4%A7%E7%A5%AD%E3%82%8A
兵庫県	但馬牛まつり	兵庫県の祭り	https://ja.wikipedia.org/wiki/%E4%BD%86%E9%A6%AC%E7%89%9B%E3%81%BE%E3%81%A4%E3%82%8A
兵庫県	入初式	神戸市の祭り	https://ja.wikipedia.org/wiki/%E5%85%A5%E5%88%9D%E5%BC%8F
兵庫県	出石初午大祭	兵庫県の祭り	https://ja.wikipedia.org/wiki/%E5%87%BA%E7%9F%B3%E5%88%9D%E5%8D%88%E5%A4%A7%E7%A5%AD
兵庫県	出石藩夏まつり	兵庫県の祭り	https://ja.wikipedia.org/wiki/%E5%87%BA%E7%9F%B3%E8%97%A9%E5%A4%8F%E3%81%BE%E3%81%A4%E3%82%8A
兵庫県	加西サイサイまつり	兵庫県の祭り	https://ja.wikipedia.org/wiki/%E5%8A%A0%E8%A5%BF%E3%82%B5%E3%82%A4%E3%82%B5%E3%82%A4%E3%81%BE%E3%81%A4%E3%82%8A
兵庫県	北条節句まつり	兵庫県の祭り	https://ja.wikipedia.org/wiki/%E5%8C%97%E6%9D%A1%E7%AF%80%E5%8F%A5%E3%81%BE%E3%81%A4%E3%82%8A
兵庫県	千燈会	兵庫県の祭り	https://ja.wikipedia.org/wiki/%E5%8D%83%E7%87%88%E4%BC%9A
兵庫県	和田山地蔵祭	兵庫県の祭り	https://ja.wikipedia.org/wiki/%E5%92%8C%E7%94%B0%E5%B1%B1%E5%9C%B0%E8%94%B5%E7%A5%AD
兵庫県	国恩祭	兵庫県の祭り	https://ja.wikipedia.org/wiki/%E5%9B%BD%E6%81%A9%E7%A5%AD
兵庫県	国領水無月祭	兵庫県の祭り	https://ja.wikipedia.org/wiki/%E5%9B%BD%E9%A0%98%E6%B0%B4%E7%84%A1%E6%9C%88%E7%A5%AD
兵庫県	地車	兵庫県の祭り	https://ja.wikipedia.org/wiki/%E5%9C%B0%E8%BB%8A
兵庫県	地車囃子	兵庫県の祭り	https://ja.wikipedia.org/wiki/%E5%9C%B0%E8%BB%8A%E5%9B%83%E5%AD%90
兵庫県	城崎温泉夏物語	兵庫県の祭り	https://ja.wikipedia.org/wiki/%E5%9F%8E%E5%B4%8E%E6%B8%A9%E6%B3%89%E5%A4%8F%E7%89%A9%E8%AA%9E
兵庫県	大生部兵主神社春の大祭	兵庫県の祭り	https://ja.wikipedia.org/wiki/%E5%A4%A7%E7%94%9F%E9%83%A8%E5%85%B5%E4%B8%BB%E7%A5%9E%E7%A4%BE%E6%98%A5%E3%81%AE%E5%A4%A7%E7%A5%AD
兵庫県	大石りくまつり	兵庫県の祭り	https://ja.wikipedia.org/wiki/%E5%A4%A7%E7%9F%B3%E3%82%8A%E3%81%8F%E3%81%BE%E3%81%A4%E3%82%8A
兵庫県	大窪八幡宮秋祭り	兵庫県の祭り	https://ja.wikipedia.org/wiki/%E5%A4%A7%E7%AA%AA%E5%85%AB%E5%B9%A1%E5%AE%AE%E7%A7%8B%E7%A5%AD%E3%82%8A
兵庫県	姫路みなと祭海上花火大会	兵庫県の花火大会	https://ja.wikipedia.org/wiki/%E5%A7%AB%E8%B7%AF%E3%81%BF%E3%81%AA%E3%81%A8%E7%A5%AD%E6%B5%B7%E4%B8%8A%E8%8A%B1%E7%81%AB%E5%A4%A7%E4%BC%9A
兵庫県	姫路ゆかたまつり	兵庫県の祭り	https://ja.wikipedia.org/wiki/%E5%A7%AB%E8%B7%AF%E3%82%86%E3%81%8B%E3%81%9F%E3%81%BE%E3%81%A4%E3%82%8A
兵庫県	宝塚観光花火大会	兵庫県の花火大会	https://ja.wikipedia.org/wiki/%E5%AE%9D%E5%A1%9A%E8%A6%B3%E5%85%89%E8%8A%B1%E7%81%AB%E5%A4%A7%E4%BC%9A
兵庫県	宮前ふとん太鼓巡行	兵庫県の祭り	https://ja.wikipedia.org/wiki/%E5%AE%AE%E5%89%8D%E3%81%B5%E3%81%A8%E3%82%93%E5%A4%AA%E9%BC%93%E5%B7%A1%E8%A1%8C
兵庫県	宿場一夜夢街道	兵庫県の祭り	https://ja.wikipedia.org/wiki/%E5%AE%BF%E5%A0%B4%E4%B8%80%E5%A4%9C%E5%A4%A2%E8%A1%97%E9%81%93
兵庫県	山田八幡神社のつかいだんじり	兵庫県の祭り	https://ja.wikipedia.org/wiki/%E5%B1%B1%E7%94%B0%E5%85%AB%E5%B9%A1%E7%A5%9E%E7%A4%BE%E3%81%AE%E3%81%A4%E3%81%8B%E3%81%84%E3%81%A0%E3%82%93%E3%81%98%E3%82%8A
兵庫県	川裾祭	兵庫県の祭り	https://ja.wikipedia.org/wiki/%E5%B7%9D%E8%A3%BE%E7%A5%AD
兵庫県	市島川裾まつり	兵庫県の祭り	https://ja.wikipedia.org/wiki/%E5%B8%82%E5%B3%B6%E5%B7%9D%E8%A3%BE%E3%81%BE%E3%81%A4%E3%82%8A
兵庫県	広井の万灯火祭り	兵庫県の祭り	https://ja.wikipedia.org/wiki/%E5%BA%83%E4%BA%95%E3%81%AE%E4%B8%87%E7%81%AF%E7%81%AB%E7%A5%AD%E3%82%8A
兵庫県	愛宕祭 (丹波市)	兵庫県の祭り	https://ja.wikipedia.org/wiki/%E6%84%9B%E5%AE%95%E7%A5%AD_%28%E4%B8%B9%E6%B3%A2%E5%B8%82%29
兵庫県	播州の秋祭り	兵庫県の祭り	https://ja.wikipedia.org/wiki/%E6%92%AD%E5%B7%9E%E3%81%AE%E7%A7%8B%E7%A5%AD%E3%82%8A
兵庫県	日出神社の千本餅つき	兵庫県の祭り	https://ja.wikipedia.org/wiki/%E6%97%A5%E5%87%BA%E7%A5%9E%E7%A4%BE%E3%81%AE%E5%8D%83%E6%9C%AC%E9%A4%85%E3%81%A4%E3%81%8D
兵庫県	松原神社秋季大祭	兵庫県の祭り	https://ja.wikipedia.org/wiki/%E6%9D%BE%E5%8E%9F%E7%A5%9E%E7%A4%BE%E7%A7%8B%E5%AD%A3%E5%A4%A7%E7%A5%AD
兵庫県	松岡の御柱祭	兵庫県の祭り	https://ja.wikipedia.org/wiki/%E6%9D%BE%E5%B2%A1%E3%81%AE%E5%BE%A1%E6%9F%B1%E7%A5%AD
兵庫県	柳まつり	兵庫県の祭り	https://ja.wikipedia.org/wiki/%E6%9F%B3%E3%81%BE%E3%81%A4%E3%82%8A
兵庫県	源氏まつり	兵庫県の祭り	https://ja.wikipedia.org/wiki/%E6%BA%90%E6%B0%8F%E3%81%BE%E3%81%A4%E3%82%8A
兵庫県	灘のけんか祭り	兵庫県の祭り	https://ja.wikipedia.org/wiki/%E7%81%98%E3%81%AE%E3%81%91%E3%82%93%E3%81%8B%E7%A5%AD%E3%82%8A
兵庫県	猪名川花火大会	兵庫県の花火大会	https://ja.wikipedia.org/wiki/%E7%8C%AA%E5%90%8D%E5%B7%9D%E8%8A%B1%E7%81%AB%E5%A4%A7%E4%BC%9A
兵庫県	玉手屋台	兵庫県の祭り	https://ja.wikipedia.org/wiki/%E7%8E%89%E6%89%8B%E5%B1%8B%E5%8F%B0
兵庫県	琉球祭	神戸市の祭り	https://ja.wikipedia.org/wiki/%E7%90%89%E7%90%83%E7%A5%AD
兵庫県	田ノ口の賽の神祭り	兵庫県の祭り	https://ja.wikipedia.org/wiki/%E7%94%B0%E3%83%8E%E5%8F%A3%E3%81%AE%E8%B3%BD%E3%81%AE%E7%A5%9E%E7%A5%AD%E3%82%8A
兵庫県	相生ペーロン祭	兵庫県の祭り	https://ja.wikipedia.org/wiki/%E7%9B%B8%E7%94%9F%E3%83%9A%E3%83%BC%E3%83%AD%E3%83%B3%E7%A5%AD
兵庫県	神戸まつり	神戸市の祭り	https://ja.wikipedia.org/wiki/%E7%A5%9E%E6%88%B8%E3%81%BE%E3%81%A4%E3%82%8A
兵庫県	神戸ジャズストリート	神戸市の祭り	https://ja.wikipedia.org/wiki/%E7%A5%9E%E6%88%B8%E3%82%B8%E3%83%A3%E3%82%BA%E3%82%B9%E3%83%88%E3%83%AA%E3%83%BC%E3%83%88
兵庫県	神戸ビエンナーレ	神戸市の祭り	https://ja.wikipedia.org/wiki/%E7%A5%9E%E6%88%B8%E3%83%93%E3%82%A8%E3%83%B3%E3%83%8A%E3%83%BC%E3%83%AC
兵庫県	神戸ルミナリエ	神戸市の祭り	https://ja.wikipedia.org/wiki/%E7%A5%9E%E6%88%B8%E3%83%AB%E3%83%9F%E3%83%8A%E3%83%AA%E3%82%A8
兵庫県	芦屋サマーカーニバル	兵庫県の花火大会	https://ja.wikipedia.org/wiki/%E8%8A%A6%E5%B1%8B%E3%82%B5%E3%83%9E%E3%83%BC%E3%82%AB%E3%83%BC%E3%83%8B%E3%83%90%E3%83%AB
兵庫県	草山花火大会	兵庫県の祭り	https://ja.wikipedia.org/wiki/%E8%8D%89%E5%B1%B1%E8%8A%B1%E7%81%AB%E5%A4%A7%E4%BC%9A
兵庫県	草香八幡神社のつかいだんじり	兵庫県の祭り	https://ja.wikipedia.org/wiki/%E8%8D%89%E9%A6%99%E5%85%AB%E5%B9%A1%E7%A5%9E%E7%A4%BE%E3%81%AE%E3%81%A4%E3%81%8B%E3%81%84%E3%81%A0%E3%82%93%E3%81%98%E3%82%8A
兵庫県	赤穂義士祭	兵庫県の祭り	https://ja.wikipedia.org/wiki/%E8%B5%A4%E7%A9%82%E7%BE%A9%E5%A3%AB%E7%A5%AD
兵庫県	踊っこまつり	兵庫県の祭り	https://ja.wikipedia.org/wiki/%E8%B8%8A%E3%81%A3%E3%81%93%E3%81%BE%E3%81%A4%E3%82%8A
兵庫県	車大歳神社の翁舞	神戸市の祭り	https://ja.wikipedia.org/wiki/%E8%BB%8A%E5%A4%A7%E6%AD%B3%E7%A5%9E%E7%A4%BE%E3%81%AE%E7%BF%81%E8%88%9E
兵庫県	鉄板こなもん祭	神戸市の祭り	https://ja.wikipedia.org/wiki/%E9%89%84%E6%9D%BF%E3%81%93%E3%81%AA%E3%82%82%E3%82%93%E7%A5%AD
兵庫県	長林寺のつかいだんじり	兵庫県の祭り	https://ja.wikipedia.org/wiki/%E9%95%B7%E6%9E%97%E5%AF%BA%E3%81%AE%E3%81%A4%E3%81%8B%E3%81%84%E3%81%A0%E3%82%93%E3%81%98%E3%82%8A
兵庫県	香住ふるさとまつり	兵庫県の祭り	https://ja.wikipedia.org/wiki/%E9%A6%99%E4%BD%8F%E3%81%B5%E3%82%8B%E3%81%95%E3%81%A8%E3%81%BE%E3%81%A4%E3%82%8A
兵庫県	麒麟獅子	兵庫県の祭り	https://ja.wikipedia.org/wiki/%E9%BA%92%E9%BA%9F%E7%8D%85%E5%AD%90
奈良県	いこまどんどこまつり	奈良県の祭り	https://ja.wikipedia.org/wiki/%E3%81%84%E3%81%93%E3%81%BE%E3%81%A9%E3%82%93%E3%81%A9%E3%81%93%E3%81%BE%E3%81%A4%E3%82%8A
奈良県	おんだ祭	奈良県の祭り	https://ja.wikipedia.org/wiki/%E3%81%8A%E3%82%93%E3%81%A0%E7%A5%AD
奈良県	お水取り	奈良県の祭り	https://ja.wikipedia.org/wiki/%E3%81%8A%E6%B0%B4%E5%8F%96%E3%82%8A
奈良県	なら燈花会	奈良県の祭り	https://ja.wikipedia.org/wiki/%E3%81%AA%E3%82%89%E7%87%88%E8%8A%B1%E4%BC%9A
奈良県	ムジークフェストなら	奈良県の祭り	https://ja.wikipedia.org/wiki/%E3%83%A0%E3%82%B8%E3%83%BC%E3%82%AF%E3%83%95%E3%82%A7%E3%82%B9%E3%83%88%E3%81%AA%E3%82%89
奈良県	十津川の大踊	奈良県の祭り	https://ja.wikipedia.org/wiki/%E5%8D%81%E6%B4%A5%E5%B7%9D%E3%81%AE%E5%A4%A7%E8%B8%8A
奈良県	国栖奏	奈良県の祭り	https://ja.wikipedia.org/wiki/%E5%9B%BD%E6%A0%96%E5%A5%8F
奈良県	地車	奈良県の祭り	https://ja.wikipedia.org/wiki/%E5%9C%B0%E8%BB%8A
奈良県	地車囃子	奈良県の祭り	https://ja.wikipedia.org/wiki/%E5%9C%B0%E8%BB%8A%E5%9B%83%E5%AD%90
奈良県	大柴燈護摩供	奈良県の祭り	https://ja.wikipedia.org/wiki/%E5%A4%A7%E6%9F%B4%E7%87%88%E8%AD%B7%E6%91%A9%E4%BE%9B
奈良県	奈良豆比古神社の翁舞	奈良県の祭り	https://ja.wikipedia.org/wiki/%E5%A5%88%E8%89%AF%E8%B1%86%E6%AF%94%E5%8F%A4%E7%A5%9E%E7%A4%BE%E3%81%AE%E7%BF%81%E8%88%9E
奈良県	惣谷狂言	奈良県の祭り	https://ja.wikipedia.org/wiki/%E6%83%A3%E8%B0%B7%E7%8B%82%E8%A8%80
奈良県	春日祭	奈良県の祭り	https://ja.wikipedia.org/wiki/%E6%98%A5%E6%97%A5%E7%A5%AD
奈良県	春日若宮おん祭	奈良県の祭り	https://ja.wikipedia.org/wiki/%E6%98%A5%E6%97%A5%E8%8B%A5%E5%AE%AE%E3%81%8A%E3%82%93%E7%A5%AD
奈良県	江包・大西の御綱	奈良県の祭り	https://ja.wikipedia.org/wiki/%E6%B1%9F%E5%8C%85%E3%83%BB%E5%A4%A7%E8%A5%BF%E3%81%AE%E5%BE%A1%E7%B6%B1
奈良県	篠原踊	奈良県の祭り	https://ja.wikipedia.org/wiki/%E7%AF%A0%E5%8E%9F%E8%B8%8A
奈良県	聖徳太子のお会式	奈良県の祭り	https://ja.wikipedia.org/wiki/%E8%81%96%E5%BE%B3%E5%A4%AA%E5%AD%90%E3%81%AE%E3%81%8A%E4%BC%9A%E5%BC%8F
奈良県	聖衆来迎練供養会式	奈良県の祭り	https://ja.wikipedia.org/wiki/%E8%81%96%E8%A1%86%E6%9D%A5%E8%BF%8E%E7%B7%B4%E4%BE%9B%E9%A4%8A%E4%BC%9A%E5%BC%8F
奈良県	采女祭	奈良県の祭り	https://ja.wikipedia.org/wiki/%E9%87%87%E5%A5%B3%E7%A5%AD
奈良県	陀々堂の鬼はしり	奈良県の祭り	https://ja.wikipedia.org/wiki/%E9%99%80%E3%80%85%E5%A0%82%E3%81%AE%E9%AC%BC%E3%81%AF%E3%81%97%E3%82%8A
奈良県	題目立	奈良県の祭り	https://ja.wikipedia.org/wiki/%E9%A1%8C%E7%9B%AE%E7%AB%8B
奈良県	飛鳥光の回廊	奈良県の祭り	https://ja.wikipedia.org/wiki/%E9%A3%9B%E9%B3%A5%E5%85%89%E3%81%AE%E5%9B%9E%E5%BB%8A
和歌山県	おどるんや〜紀州よさこい祭り〜	和歌山県の祭り	https://ja.wikipedia.org/wiki/%E3%81%8A%E3%81%A9%E3%82%8B%E3%82%93%E3%82%84%E3%80%9C%E7%B4%80%E5%B7%9E%E3%82%88%E3%81%95%E3%81%93%E3%81%84%E7%A5%AD%E3%82%8A%E3%80%9C
和歌山県	すずめ踊り	和歌山県の祭り	https://ja.wikipedia.org/wiki/%E3%81%99%E3%81%9A%E3%82%81%E8%B8%8A%E3%82%8A
和歌山県	みやこ姫よさこい祭り	和歌山県の祭り	https://ja.wikipedia.org/wiki/%E3%81%BF%E3%82%84%E3%81%93%E5%A7%AB%E3%82%88%E3%81%95%E3%81%93%E3%81%84%E7%A5%AD%E3%82%8A
和歌山県	丹生官省符祭	和歌山県の祭り	https://ja.wikipedia.org/wiki/%E4%B8%B9%E7%94%9F%E5%AE%98%E7%9C%81%E7%AC%A6%E7%A5%AD
和歌山県	全肉祭	和歌山県の祭り	https://ja.wikipedia.org/wiki/%E5%85%A8%E8%82%89%E7%A5%AD
和歌山県	内原祭	和歌山県の祭り	https://ja.wikipedia.org/wiki/%E5%86%85%E5%8E%9F%E7%A5%AD
和歌山県	南紀勝浦ひなめぐり	和歌山県の祭り	https://ja.wikipedia.org/wiki/%E5%8D%97%E7%B4%80%E5%8B%9D%E6%B5%A6%E3%81%B2%E3%81%AA%E3%82%81%E3%81%90%E3%82%8A
和歌山県	印南祭	和歌山県の祭り	https://ja.wikipedia.org/wiki/%E5%8D%B0%E5%8D%97%E7%A5%AD
和歌山県	和歌山港まつり花火大会	和歌山県の花火大会	https://ja.wikipedia.org/wiki/%E5%92%8C%E6%AD%8C%E5%B1%B1%E6%B8%AF%E3%81%BE%E3%81%A4%E3%82%8A%E8%8A%B1%E7%81%AB%E5%A4%A7%E4%BC%9A
和歌山県	地車	和歌山県の祭り	https://ja.wikipedia.org/wiki/%E5%9C%B0%E8%BB%8A
和歌山県	地車囃子	和歌山県の祭り	https://ja.wikipedia.org/wiki/%E5%9C%B0%E8%BB%8A%E5%9B%83%E5%AD%90
和歌山県	弁慶まつり	和歌山県の祭り	https://ja.wikipedia.org/wiki/%E5%BC%81%E6%85%B6%E3%81%BE%E3%81%A4%E3%82%8A
和歌山県	御坊祭	和歌山県の祭り	https://ja.wikipedia.org/wiki/%E5%BE%A1%E5%9D%8A%E7%A5%AD
和歌山県	御燈祭	和歌山県の祭り	https://ja.wikipedia.org/wiki/%E5%BE%A1%E7%87%88%E7%A5%AD
和歌山県	扇祭	和歌山県の祭り	https://ja.wikipedia.org/wiki/%E6%89%87%E7%A5%AD
和歌山県	木ノ本の獅子舞	和歌山県の祭り	https://ja.wikipedia.org/wiki/%E6%9C%A8%E3%83%8E%E6%9C%AC%E3%81%AE%E7%8D%85%E5%AD%90%E8%88%9E
和歌山県	杉野原の御田舞	和歌山県の祭り	https://ja.wikipedia.org/wiki/%E6%9D%89%E9%87%8E%E5%8E%9F%E3%81%AE%E5%BE%A1%E7%94%B0%E8%88%9E
和歌山県	津浪祭	和歌山県の祭り	https://ja.wikipedia.org/wiki/%E6%B4%A5%E6%B5%AA%E7%A5%AD
和歌山県	熊野本宮大社例大祭	和歌山県の祭り	https://ja.wikipedia.org/wiki/%E7%86%8A%E9%87%8E%E6%9C%AC%E5%AE%AE%E5%A4%A7%E7%A4%BE%E4%BE%8B%E5%A4%A7%E7%A5%AD
和歌山県	熊野速玉祭	和歌山県の祭り	https://ja.wikipedia.org/wiki/%E7%86%8A%E9%87%8E%E9%80%9F%E7%8E%89%E7%A5%AD
和歌山県	田辺祭	和歌山県の祭り	https://ja.wikipedia.org/wiki/%E7%94%B0%E8%BE%BA%E7%A5%AD
和歌山県	由良祭	和歌山県の祭り	https://ja.wikipedia.org/wiki/%E7%94%B1%E8%89%AF%E7%A5%AD
和歌山県	笑い祭	和歌山県の祭り	https://ja.wikipedia.org/wiki/%E7%AC%91%E3%81%84%E7%A5%AD
和歌山県	紀州おどり ぶんだら節	和歌山県の祭り	https://ja.wikipedia.org/wiki/%E7%B4%80%E5%B7%9E%E3%81%8A%E3%81%A9%E3%82%8A_%E3%81%B6%E3%82%93%E3%81%A0%E3%82%89%E7%AF%80
和歌山県	花園の御田舞	和歌山県の祭り	https://ja.wikipedia.org/wiki/%E8%8A%B1%E5%9C%92%E3%81%AE%E5%BE%A1%E7%94%B0%E8%88%9E
和歌山県	那智の田楽	和歌山県の祭り	https://ja.wikipedia.org/wiki/%E9%82%A3%E6%99%BA%E3%81%AE%E7%94%B0%E6%A5%BD
鳥取県	BSSまつり	鳥取県の祭り	https://ja.wikipedia.org/wiki/BSS%E3%81%BE%E3%81%A4%E3%82%8A
鳥取県	よなご映像フェスティバル	鳥取県の祭り	https://ja.wikipedia.org/wiki/%E3%82%88%E3%81%AA%E3%81%94%E6%98%A0%E5%83%8F%E3%83%95%E3%82%A7%E3%82%B9%E3%83%86%E3%82%A3%E3%83%90%E3%83%AB
鳥取県	国際まんが博	鳥取県の祭り	https://ja.wikipedia.org/wiki/%E5%9B%BD%E9%9A%9B%E3%81%BE%E3%82%93%E3%81%8C%E5%8D%9A
鳥取県	大山ミュージックリゾート	鳥取県の祭り	https://ja.wikipedia.org/wiki/%E5%A4%A7%E5%B1%B1%E3%83%9F%E3%83%A5%E3%83%BC%E3%82%B8%E3%83%83%E3%82%AF%E3%83%AA%E3%82%BE%E3%83%BC%E3%83%88
鳥取県	米子がいな祭	鳥取県の祭り	https://ja.wikipedia.org/wiki/%E7%B1%B3%E5%AD%90%E3%81%8C%E3%81%84%E3%81%AA%E7%A5%AD
鳥取県	鳥取しゃんしゃん祭	鳥取県の祭り	https://ja.wikipedia.org/wiki/%E9%B3%A5%E5%8F%96%E3%81%97%E3%82%83%E3%82%93%E3%81%97%E3%82%83%E3%82%93%E7%A5%AD
鳥取県	麒麟獅子	鳥取県の祭り	https://ja.wikipedia.org/wiki/%E9%BA%92%E9%BA%9F%E7%8D%85%E5%AD%90
島根県	BSSまつり	島根県の祭り	https://ja.wikipedia.org/wiki/BSS%E3%81%BE%E3%81%A4%E3%82%8A
島根県	おおだ彼岸市	島根県の祭り	https://ja.wikipedia.org/wiki/%E3%81%8A%E3%81%8A%E3%81%A0%E5%BD%BC%E5%B2%B8%E5%B8%82
島根県	ごいせ祭	島根県の祭り	https://ja.wikipedia.org/wiki/%E3%81%94%E3%81%84%E3%81%9B%E7%A5%AD
島根県	でやんな祭	島根県の祭り	https://ja.wikipedia.org/wiki/%E3%81%A7%E3%82%84%E3%82%93%E3%81%AA%E7%A5%AD
島根県	ホーランエンヤ (島根県)	島根県の祭り	https://ja.wikipedia.org/wiki/%E3%83%9B%E3%83%BC%E3%83%A9%E3%83%B3%E3%82%A8%E3%83%B3%E3%83%A4_%28%E5%B3%B6%E6%A0%B9%E7%9C%8C%29
島根県	五十猛のグロ	島根県の祭り	https://ja.wikipedia.org/wiki/%E4%BA%94%E5%8D%81%E7%8C%9B%E3%81%AE%E3%82%B0%E3%83%AD
島根県	佐陀神能	島根県の祭り	https://ja.wikipedia.org/wiki/%E4%BD%90%E9%99%80%E7%A5%9E%E8%83%BD
島根県	大土地神楽	島根県の祭り	https://ja.wikipedia.org/wiki/%E5%A4%A7%E5%9C%9F%E5%9C%B0%E7%A5%9E%E6%A5%BD
島根県	島後久見神楽	島根県の祭り	https://ja.wikipedia.org/wiki/%E5%B3%B6%E5%BE%8C%E4%B9%85%E8%A6%8B%E7%A5%9E%E6%A5%BD
島根県	松江水郷祭湖上花火大会	島根県の花火大会	https://ja.wikipedia.org/wiki/%E6%9D%BE%E6%B1%9F%E6%B0%B4%E9%83%B7%E7%A5%AD%E6%B9%96%E4%B8%8A%E8%8A%B1%E7%81%AB%E5%A4%A7%E4%BC%9A
島根県	櫂伝馬船	島根県の祭り	https://ja.wikipedia.org/wiki/%E6%AB%82%E4%BC%9D%E9%A6%AC%E8%88%B9
島根県	石見神楽	島根県の祭り	https://ja.wikipedia.org/wiki/%E7%9F%B3%E8%A6%8B%E7%A5%9E%E6%A5%BD
島根県	神無月	島根県の祭り	https://ja.wikipedia.org/wiki/%E7%A5%9E%E7%84%A1%E6%9C%88
島根県	諸手船	島根県の祭り	https://ja.wikipedia.org/wiki/%E8%AB%B8%E6%89%8B%E8%88%B9
島根県	闘牛	島根県の祭り	https://ja.wikipedia.org/wiki/%E9%97%98%E7%89%9B
島根県	隠岐の牛突き	島根県の祭り	https://ja.wikipedia.org/wiki/%E9%9A%A0%E5%B2%90%E3%81%AE%E7%89%9B%E7%AA%81%E3%81%8D
島根県	隠岐の田楽と庭の舞	島根県の祭り	https://ja.wikipedia.org/wiki/%E9%9A%A0%E5%B2%90%E3%81%AE%E7%94%B0%E6%A5%BD%E3%81%A8%E5%BA%AD%E3%81%AE%E8%88%9E
島根県	隠岐国分寺蓮華会舞	島根県の祭り	https://ja.wikipedia.org/wiki/%E9%9A%A0%E5%B2%90%E5%9B%BD%E5%88%86%E5%AF%BA%E8%93%AE%E8%8F%AF%E4%BC%9A%E8%88%9E
島根県	隠岐島前神楽	島根県の祭り	https://ja.wikipedia.org/wiki/%E9%9A%A0%E5%B2%90%E5%B3%B6%E5%89%8D%E7%A5%9E%E6%A5%BD
島根県	鷺舞	島根県の祭り	https://ja.wikipedia.org/wiki/%E9%B7%BA%E8%88%9E
岡山県	うらじゃ	岡山市の祭り	https://ja.wikipedia.org/wiki/%E3%81%86%E3%82%89%E3%81%98%E3%82%83
岡山県	おかやま桃太郎まつり	岡山市の祭り	https://ja.wikipedia.org/wiki/%E3%81%8A%E3%81%8B%E3%82%84%E3%81%BE%E6%A1%83%E5%A4%AA%E9%83%8E%E3%81%BE%E3%81%A4%E3%82%8A
岡山県	おしぐらんご	岡山県の祭り	https://ja.wikipedia.org/wiki/%E3%81%8A%E3%81%97%E3%81%90%E3%82%89%E3%82%93%E3%81%94
岡山県	ひったか	岡山県の祭り	https://ja.wikipedia.org/wiki/%E3%81%B2%E3%81%A3%E3%81%9F%E3%81%8B
岡山県	三原渡り拍子	岡山県の祭り	https://ja.wikipedia.org/wiki/%E4%B8%89%E5%8E%9F%E6%B8%A1%E3%82%8A%E6%8B%8D%E5%AD%90
岡山県	久世祭り	岡山県の祭り	https://ja.wikipedia.org/wiki/%E4%B9%85%E4%B8%96%E7%A5%AD%E3%82%8A
岡山県	乙島まつり	岡山県の祭り	https://ja.wikipedia.org/wiki/%E4%B9%99%E5%B3%B6%E3%81%BE%E3%81%A4%E3%82%8A
岡山県	乙島祭り	岡山県の祭り	https://ja.wikipedia.org/wiki/%E4%B9%99%E5%B3%B6%E7%A5%AD%E3%82%8A
岡山県	亀石まつり	岡山市の祭り	https://ja.wikipedia.org/wiki/%E4%BA%80%E7%9F%B3%E3%81%BE%E3%81%A4%E3%82%8A
岡山県	勝山のお雛まつり	岡山県の祭り	https://ja.wikipedia.org/wiki/%E5%8B%9D%E5%B1%B1%E3%81%AE%E3%81%8A%E9%9B%9B%E3%81%BE%E3%81%A4%E3%82%8A
岡山県	勝山喧嘩だんじり	岡山県の祭り	https://ja.wikipedia.org/wiki/%E5%8B%9D%E5%B1%B1%E5%96%A7%E5%98%A9%E3%81%A0%E3%82%93%E3%81%98%E3%82%8A
岡山県	北房ぶり市	岡山県の祭り	https://ja.wikipedia.org/wiki/%E5%8C%97%E6%88%BF%E3%81%B6%E3%82%8A%E5%B8%82
岡山県	吉備津彦神社の御田植祭	岡山市の祭り	https://ja.wikipedia.org/wiki/%E5%90%89%E5%82%99%E6%B4%A5%E5%BD%A6%E7%A5%9E%E7%A4%BE%E3%81%AE%E5%BE%A1%E7%94%B0%E6%A4%8D%E7%A5%AD
岡山県	唐人おどり	岡山県の祭り	https://ja.wikipedia.org/wiki/%E5%94%90%E4%BA%BA%E3%81%8A%E3%81%A9%E3%82%8A
岡山県	岡山三大だんじり祭り	岡山県の祭り	https://ja.wikipedia.org/wiki/%E5%B2%A1%E5%B1%B1%E4%B8%89%E5%A4%A7%E3%81%A0%E3%82%93%E3%81%98%E3%82%8A%E7%A5%AD%E3%82%8A
岡山県	御神幸武器行列	岡山県の祭り	https://ja.wikipedia.org/wiki/%E5%BE%A1%E7%A5%9E%E5%B9%B8%E6%AD%A6%E5%99%A8%E8%A1%8C%E5%88%97
岡山県	松山踊り	岡山県の祭り	https://ja.wikipedia.org/wiki/%E6%9D%BE%E5%B1%B1%E8%B8%8A%E3%82%8A
岡山県	津山まつり	岡山県の祭り	https://ja.wikipedia.org/wiki/%E6%B4%A5%E5%B1%B1%E3%81%BE%E3%81%A4%E3%82%8A
岡山県	白石踊	岡山県の祭り	https://ja.wikipedia.org/wiki/%E7%99%BD%E7%9F%B3%E8%B8%8A
岡山県	福力荒神社大祭	岡山県の祭り	https://ja.wikipedia.org/wiki/%E7%A6%8F%E5%8A%9B%E8%8D%92%E7%A5%9E%E7%A4%BE%E5%A4%A7%E7%A5%AD
岡山県	素隠居	岡山県の祭り	https://ja.wikipedia.org/wiki/%E7%B4%A0%E9%9A%A0%E5%B1%85
岡山県	義民祭	岡山県の祭り	https://ja.wikipedia.org/wiki/%E7%BE%A9%E6%B0%91%E7%A5%AD
岡山県	西大寺の会陽	岡山市の祭り	https://ja.wikipedia.org/wiki/%E8%A5%BF%E5%A4%A7%E5%AF%BA%E3%81%AE%E4%BC%9A%E9%99%BD
岡山県	西大寺会陽	岡山市の祭り	https://ja.wikipedia.org/wiki/%E8%A5%BF%E5%A4%A7%E5%AF%BA%E4%BC%9A%E9%99%BD
岡山県	護法祭	岡山県の祭り	https://ja.wikipedia.org/wiki/%E8%AD%B7%E6%B3%95%E7%A5%AD
岡山県	鴻八幡宮例大祭	岡山県の祭り	https://ja.wikipedia.org/wiki/%E9%B4%BB%E5%85%AB%E5%B9%A1%E5%AE%AE%E4%BE%8B%E5%A4%A7%E7%A5%AD
広島県	おのみち住吉花火まつり	広島県の花火大会	https://ja.wikipedia.org/wiki/%E3%81%8A%E3%81%AE%E3%81%BF%E3%81%A1%E4%BD%8F%E5%90%89%E8%8A%B1%E7%81%AB%E3%81%BE%E3%81%A4%E3%82%8A
広島県	お手火祭り	広島県の祭り	https://ja.wikipedia.org/wiki/%E3%81%8A%E6%89%8B%E7%81%AB%E7%A5%AD%E3%82%8A
広島県	とうかさん	広島市の祭り	https://ja.wikipedia.org/wiki/%E3%81%A8%E3%81%86%E3%81%8B%E3%81%95%E3%82%93
広島県	とうろう流し (広島市)	広島市の祭り	https://ja.wikipedia.org/wiki/%E3%81%A8%E3%81%86%E3%82%8D%E3%81%86%E6%B5%81%E3%81%97_%28%E5%BA%83%E5%B3%B6%E5%B8%82%29
広島県	ひろしまドリミネーション	広島市の祭り	https://ja.wikipedia.org/wiki/%E3%81%B2%E3%82%8D%E3%81%97%E3%81%BE%E3%83%89%E3%83%AA%E3%83%9F%E3%83%8D%E3%83%BC%E3%82%B7%E3%83%A7%E3%83%B3
広島県	ひろしまフラワーフェスティバル	広島市の祭り	https://ja.wikipedia.org/wiki/%E3%81%B2%E3%82%8D%E3%81%97%E3%81%BE%E3%83%95%E3%83%A9%E3%83%AF%E3%83%BC%E3%83%95%E3%82%A7%E3%82%B9%E3%83%86%E3%82%A3%E3%83%90%E3%83%AB
広島県	ひろしま安芸高田神楽	広島県の祭り	https://ja.wikipedia.org/wiki/%E3%81%B2%E3%82%8D%E3%81%97%E3%81%BE%E5%AE%89%E8%8A%B8%E9%AB%98%E7%94%B0%E7%A5%9E%E6%A5%BD
広島県	やっさ祭り	広島県の祭り	https://ja.wikipedia.org/wiki/%E3%82%84%E3%81%A3%E3%81%95%E7%A5%AD%E3%82%8A
広島県	ベッチャー祭り	広島県の祭り	https://ja.wikipedia.org/wiki/%E3%83%99%E3%83%83%E3%83%81%E3%83%A3%E3%83%BC%E7%A5%AD%E3%82%8A
広島県	ホーランエ (広島県)	広島県の祭り	https://ja.wikipedia.org/wiki/%E3%83%9B%E3%83%BC%E3%83%A9%E3%83%B3%E3%82%A8_%28%E5%BA%83%E5%B3%B6%E7%9C%8C%29
広島県	二上りおどり	広島県の祭り	https://ja.wikipedia.org/wiki/%E4%BA%8C%E4%B8%8A%E3%82%8A%E3%81%8A%E3%81%A9%E3%82%8A
広島県	住吉神社 (広島市中区)	広島市の祭り	https://ja.wikipedia.org/wiki/%E4%BD%8F%E5%90%89%E7%A5%9E%E7%A4%BE_%28%E5%BA%83%E5%B3%B6%E5%B8%82%E4%B8%AD%E5%8C%BA%29
広島県	南の風EBAあそび	広島県の祭り	https://ja.wikipedia.org/wiki/%E5%8D%97%E3%81%AE%E9%A2%A8EBA%E3%81%82%E3%81%9D%E3%81%B3
広島県	因島水軍まつり	広島県の祭り	https://ja.wikipedia.org/wiki/%E5%9B%A0%E5%B3%B6%E6%B0%B4%E8%BB%8D%E3%81%BE%E3%81%A4%E3%82%8A
広島県	塩原の大山供養田植	広島県の祭り	https://ja.wikipedia.org/wiki/%E5%A1%A9%E5%8E%9F%E3%81%AE%E5%A4%A7%E5%B1%B1%E4%BE%9B%E9%A4%8A%E7%94%B0%E6%A4%8D
広島県	壬生の花田植	広島県の祭り	https://ja.wikipedia.org/wiki/%E5%A3%AC%E7%94%9F%E3%81%AE%E8%8A%B1%E7%94%B0%E6%A4%8D
広島県	大イノコ祭り	広島市の祭り	https://ja.wikipedia.org/wiki/%E5%A4%A7%E3%82%A4%E3%83%8E%E3%82%B3%E7%A5%AD%E3%82%8A
広島県	大崎上島櫂伝馬競漕	広島県の祭り	https://ja.wikipedia.org/wiki/%E5%A4%A7%E5%B4%8E%E4%B8%8A%E5%B3%B6%E6%AB%82%E4%BC%9D%E9%A6%AC%E7%AB%B6%E6%BC%95
広島県	安芸のはやし田	広島県の祭り	https://ja.wikipedia.org/wiki/%E5%AE%89%E8%8A%B8%E3%81%AE%E3%81%AF%E3%82%84%E3%81%97%E7%94%B0
広島県	宮島水中花火大会	広島県の花火大会	https://ja.wikipedia.org/wiki/%E5%AE%AE%E5%B3%B6%E6%B0%B4%E4%B8%AD%E8%8A%B1%E7%81%AB%E5%A4%A7%E4%BC%9A
広島県	小屋浦のマッカ	広島県の祭り	https://ja.wikipedia.org/wiki/%E5%B0%8F%E5%B1%8B%E6%B5%A6%E3%81%AE%E3%83%9E%E3%83%83%E3%82%AB
広島県	広島みなと夢花火大会	広島県の花火大会	https://ja.wikipedia.org/wiki/%E5%BA%83%E5%B3%B6%E3%81%BF%E3%81%AA%E3%81%A8%E5%A4%A2%E8%8A%B1%E7%81%AB%E5%A4%A7%E4%BC%9A
広島県	憧憬の路	広島県の祭り	https://ja.wikipedia.org/wiki/%E6%86%A7%E6%86%AC%E3%81%AE%E8%B7%AF
広島県	椋浦の法楽おどり	広島県の祭り	https://ja.wikipedia.org/wiki/%E6%A4%8B%E6%B5%A6%E3%81%AE%E6%B3%95%E6%A5%BD%E3%81%8A%E3%81%A9%E3%82%8A
広島県	甲山廿日えびす	広島県の祭り	https://ja.wikipedia.org/wiki/%E7%94%B2%E5%B1%B1%E5%BB%BF%E6%97%A5%E3%81%88%E3%81%B3%E3%81%99
広島県	石見神楽	広島県の祭り	https://ja.wikipedia.org/wiki/%E7%9F%B3%E8%A6%8B%E7%A5%9E%E6%A5%BD
広島県	福山ばら祭	広島県の祭り	https://ja.wikipedia.org/wiki/%E7%A6%8F%E5%B1%B1%E3%81%B0%E3%82%89%E7%A5%AD
広島県	管絃祭	広島県の祭り	https://ja.wikipedia.org/wiki/%E7%AE%A1%E7%B5%83%E7%A5%AD
広島県	胡子講	広島市の祭り	https://ja.wikipedia.org/wiki/%E8%83%A1%E5%AD%90%E8%AC%9B
広島県	能地春祭り	広島県の祭り	https://ja.wikipedia.org/wiki/%E8%83%BD%E5%9C%B0%E6%98%A5%E7%A5%AD%E3%82%8A
広島県	酒まつり	広島県の祭り	https://ja.wikipedia.org/wiki/%E9%85%92%E3%81%BE%E3%81%A4%E3%82%8A
山口県	Tys田主丸植木まつり&JA全農やまぐち園芸まつり	山口県の祭り	https://ja.wikipedia.org/wiki/Tys%E7%94%B0%E4%B8%BB%E4%B8%B8%E6%A4%8D%E6%9C%A8%E3%81%BE%E3%81%A4%E3%82%8A%26JA%E5%85%A8%E8%BE%B2%E3%82%84%E3%81%BE%E3%81%90%E3%81%A1%E5%9C%92%E8%8A%B8%E3%81%BE%E3%81%A4%E3%82%8A
山口県	おっぱいまつり	山口県の祭り	https://ja.wikipedia.org/wiki/%E3%81%8A%E3%81%A3%E3%81%B1%E3%81%84%E3%81%BE%E3%81%A4%E3%82%8A
山口県	アートふる山口	山口県の祭り	https://ja.wikipedia.org/wiki/%E3%82%A2%E3%83%BC%E3%83%88%E3%81%B5%E3%82%8B%E5%B1%B1%E5%8F%A3
山口県	先帝祭	山口県の祭り	https://ja.wikipedia.org/wiki/%E5%85%88%E5%B8%9D%E7%A5%AD
山口県	宇部市花火大会	山口県の花火大会	https://ja.wikipedia.org/wiki/%E5%AE%87%E9%83%A8%E5%B8%82%E8%8A%B1%E7%81%AB%E5%A4%A7%E4%BC%9A
山口県	山口七夕ちょうちんまつり	山口県の祭り	https://ja.wikipedia.org/wiki/%E5%B1%B1%E5%8F%A3%E4%B8%83%E5%A4%95%E3%81%A1%E3%82%87%E3%81%86%E3%81%A1%E3%82%93%E3%81%BE%E3%81%A4%E3%82%8A
山口県	山口天神祭	山口県の祭り	https://ja.wikipedia.org/wiki/%E5%B1%B1%E5%8F%A3%E5%A4%A9%E7%A5%9E%E7%A5%AD
山口県	山口祇園祭	山口県の祭り	https://ja.wikipedia.org/wiki/%E5%B1%B1%E5%8F%A3%E7%A5%87%E5%9C%92%E7%A5%AD
山口県	岩国行波の神舞	山口県の祭り	https://ja.wikipedia.org/wiki/%E5%B2%A9%E5%9B%BD%E8%A1%8C%E6%B3%A2%E3%81%AE%E7%A5%9E%E8%88%9E
山口県	新川市まつり	山口県の祭り	https://ja.wikipedia.org/wiki/%E6%96%B0%E5%B7%9D%E5%B8%82%E3%81%BE%E3%81%A4%E3%82%8A
山口県	油谷夏まつり	山口県の祭り	https://ja.wikipedia.org/wiki/%E6%B2%B9%E8%B0%B7%E5%A4%8F%E3%81%BE%E3%81%A4%E3%82%8A
山口県	湯田温泉白狐まつり	山口県の祭り	https://ja.wikipedia.org/wiki/%E6%B9%AF%E7%94%B0%E6%B8%A9%E6%B3%89%E7%99%BD%E7%8B%90%E3%81%BE%E3%81%A4%E3%82%8A
山口県	笑い講	山口県の祭り	https://ja.wikipedia.org/wiki/%E7%AC%91%E3%81%84%E8%AC%9B
山口県	萌えサミット	山口県の祭り	https://ja.wikipedia.org/wiki/%E8%90%8C%E3%81%88%E3%82%B5%E3%83%9F%E3%83%83%E3%83%88
山口県	萩夏まつり	山口県の祭り	https://ja.wikipedia.org/wiki/%E8%90%A9%E5%A4%8F%E3%81%BE%E3%81%A4%E3%82%8A
山口県	関門海峡花火大会	山口県の花火大会	https://ja.wikipedia.org/wiki/%E9%96%A2%E9%96%80%E6%B5%B7%E5%B3%A1%E8%8A%B1%E7%81%AB%E5%A4%A7%E4%BC%9A
山口県	青空天国いこいの広場	山口県の祭り	https://ja.wikipedia.org/wiki/%E9%9D%92%E7%A9%BA%E5%A4%A9%E5%9B%BD%E3%81%84%E3%81%93%E3%81%84%E3%81%AE%E5%BA%83%E5%A0%B4
徳島県	えびす祭り (徳島市)	徳島県の祭り	https://ja.wikipedia.org/wiki/%E3%81%88%E3%81%B3%E3%81%99%E7%A5%AD%E3%82%8A_%28%E5%BE%B3%E5%B3%B6%E5%B8%82%29
徳島県	にし阿波の花火	徳島県の花火大会	https://ja.wikipedia.org/wiki/%E3%81%AB%E3%81%97%E9%98%BF%E6%B3%A2%E3%81%AE%E8%8A%B1%E7%81%AB
徳島県	はな・はる・フェスタ	徳島県の祭り	https://ja.wikipedia.org/wiki/%E3%81%AF%E3%81%AA%E3%83%BB%E3%81%AF%E3%82%8B%E3%83%BB%E3%83%95%E3%82%A7%E3%82%B9%E3%82%BF
徳島県	やねこじき	徳島県の祭り	https://ja.wikipedia.org/wiki/%E3%82%84%E3%81%AD%E3%81%93%E3%81%98%E3%81%8D
徳島県	ビッグひな祭り	徳島県の祭り	https://ja.wikipedia.org/wiki/%E3%83%93%E3%83%83%E3%82%B0%E3%81%B2%E3%81%AA%E7%A5%AD%E3%82%8A
徳島県	七夕バルーンリリース	徳島県の祭り	https://ja.wikipedia.org/wiki/%E4%B8%83%E5%A4%95%E3%83%90%E3%83%AB%E3%83%BC%E3%83%B3%E3%83%AA%E3%83%AA%E3%83%BC%E3%82%B9
徳島県	三味線ブギウギ	阿波踊り	https://ja.wikipedia.org/wiki/%E4%B8%89%E5%91%B3%E7%B7%9A%E3%83%96%E3%82%AE%E3%82%A6%E3%82%AE
徳島県	南越谷阿波踊り	阿波踊り	https://ja.wikipedia.org/wiki/%E5%8D%97%E8%B6%8A%E8%B0%B7%E9%98%BF%E6%B3%A2%E8%B8%8A%E3%82%8A
徳島県	吉野川フェスティバル	徳島県の祭り	https://ja.wikipedia.org/wiki/%E5%90%89%E9%87%8E%E5%B7%9D%E3%83%95%E3%82%A7%E3%82%B9%E3%83%86%E3%82%A3%E3%83%90%E3%83%AB
徳島県	吉野川市納涼花火大会	徳島県の花火大会	https://ja.wikipedia.org/wiki/%E5%90%89%E9%87%8E%E5%B7%9D%E5%B8%82%E7%B4%8D%E6%B6%BC%E8%8A%B1%E7%81%AB%E5%A4%A7%E4%BC%9A
徳島県	四宮生重郎	阿波踊り	https://ja.wikipedia.org/wiki/%E5%9B%9B%E5%AE%AE%E7%94%9F%E9%87%8D%E9%83%8E
徳島県	多田小餘綾	阿波踊り	https://ja.wikipedia.org/wiki/%E5%A4%9A%E7%94%B0%E5%B0%8F%E9%A4%98%E7%B6%BE
徳島県	姓億政明	阿波踊り	https://ja.wikipedia.org/wiki/%E5%A7%93%E5%84%84%E6%94%BF%E6%98%8E
徳島県	寶船	阿波踊り	https://ja.wikipedia.org/wiki/%E5%AF%B6%E8%88%B9
徳島県	小松島港まつり	徳島県の祭り	https://ja.wikipedia.org/wiki/%E5%B0%8F%E6%9D%BE%E5%B3%B6%E6%B8%AF%E3%81%BE%E3%81%A4%E3%82%8A
徳島県	小金井阿波おどり	阿波踊り	https://ja.wikipedia.org/wiki/%E5%B0%8F%E9%87%91%E4%BA%95%E9%98%BF%E6%B3%A2%E3%81%8A%E3%81%A9%E3%82%8A
徳島県	徳島ひょうたん島水都祭	徳島県の祭り	https://ja.wikipedia.org/wiki/%E5%BE%B3%E5%B3%B6%E3%81%B2%E3%82%87%E3%81%86%E3%81%9F%E3%82%93%E5%B3%B6%E6%B0%B4%E9%83%BD%E7%A5%AD
徳島県	徳島市阿波おどり	徳島県の祭り	https://ja.wikipedia.org/wiki/%E5%BE%B3%E5%B3%B6%E5%B8%82%E9%98%BF%E6%B3%A2%E3%81%8A%E3%81%A9%E3%82%8A
徳島県	東京高円寺阿波おどり	阿波踊り	https://ja.wikipedia.org/wiki/%E6%9D%B1%E4%BA%AC%E9%AB%98%E5%86%86%E5%AF%BA%E9%98%BF%E6%B3%A2%E3%81%8A%E3%81%A9%E3%82%8A
徳島県	橘けんかだんじり祭り	徳島県の祭り	https://ja.wikipedia.org/wiki/%E6%A9%98%E3%81%91%E3%82%93%E3%81%8B%E3%81%A0%E3%82%93%E3%81%98%E3%82%8A%E7%A5%AD%E3%82%8A
徳島県	眉山 (さだまさし)	阿波踊り	https://ja.wikipedia.org/wiki/%E7%9C%89%E5%B1%B1_%28%E3%81%95%E3%81%A0%E3%81%BE%E3%81%95%E3%81%97%29
徳島県	蜂須賀まつり	徳島県の祭り	https://ja.wikipedia.org/wiki/%E8%9C%82%E9%A0%88%E8%B3%80%E3%81%BE%E3%81%A4%E3%82%8A
徳島県	西祖谷の神代踊	徳島県の祭り	https://ja.wikipedia.org/wiki/%E8%A5%BF%E7%A5%96%E8%B0%B7%E3%81%AE%E7%A5%9E%E4%BB%A3%E8%B8%8A
徳島県	阿波DANCE	阿波踊り	https://ja.wikipedia.org/wiki/%E9%98%BF%E6%B3%A2DANCE
徳島県	阿波おどり 鳴門の海賊	阿波踊り	https://ja.wikipedia.org/wiki/%E9%98%BF%E6%B3%A2%E3%81%8A%E3%81%A9%E3%82%8A_%E9%B3%B4%E9%96%80%E3%81%AE%E6%B5%B7%E8%B3%8A
徳島県	阿波の狸まつり	徳島県の祭り	https://ja.wikipedia.org/wiki/%E9%98%BF%E6%B3%A2%E3%81%AE%E7%8B%B8%E3%81%BE%E3%81%A4%E3%82%8A
徳島県	阿波の踊子	阿波踊り	https://ja.wikipedia.org/wiki/%E9%98%BF%E6%B3%A2%E3%81%AE%E8%B8%8A%E5%AD%90
徳島県	阿波踊り	阿波踊り	https://ja.wikipedia.org/wiki/%E9%98%BF%E6%B3%A2%E8%B8%8A%E3%82%8A
徳島県	鳴門市納涼花火大会	徳島県の花火大会	https://ja.wikipedia.org/wiki/%E9%B3%B4%E9%96%80%E5%B8%82%E7%B4%8D%E6%B6%BC%E8%8A%B1%E7%81%AB%E5%A4%A7%E4%BC%9A
徳島県	鳴門市阿波おどり	徳島県の祭り	https://ja.wikipedia.org/wiki/%E9%B3%B4%E9%96%80%E5%B8%82%E9%98%BF%E6%B3%A2%E3%81%8A%E3%81%A9%E3%82%8A
香川県	さかいで塩まつり	香川県の祭り	https://ja.wikipedia.org/wiki/%E3%81%95%E3%81%8B%E3%81%84%E3%81%A7%E5%A1%A9%E3%81%BE%E3%81%A4%E3%82%8A
香川県	さかいで大橋まつり	香川県の祭り	https://ja.wikipedia.org/wiki/%E3%81%95%E3%81%8B%E3%81%84%E3%81%A7%E5%A4%A7%E6%A9%8B%E3%81%BE%E3%81%A4%E3%82%8A
香川県	さぬき高松まつり	香川県の祭り	https://ja.wikipedia.org/wiki/%E3%81%95%E3%81%AC%E3%81%8D%E9%AB%98%E6%9D%BE%E3%81%BE%E3%81%A4%E3%82%8A
香川県	ひょうげ祭り	香川県の祭り	https://ja.wikipedia.org/wiki/%E3%81%B2%E3%82%87%E3%81%86%E3%81%92%E7%A5%AD%E3%82%8A
香川県	三木町いけのべ七夕まつり	香川県の祭り	https://ja.wikipedia.org/wiki/%E4%B8%89%E6%9C%A8%E7%94%BA%E3%81%84%E3%81%91%E3%81%AE%E3%81%B9%E4%B8%83%E5%A4%95%E3%81%BE%E3%81%A4%E3%82%8A
香川県	丸亀お城まつり	香川県の祭り	https://ja.wikipedia.org/wiki/%E4%B8%B8%E4%BA%80%E3%81%8A%E5%9F%8E%E3%81%BE%E3%81%A4%E3%82%8A
香川県	地車	香川県の祭り	https://ja.wikipedia.org/wiki/%E5%9C%B0%E8%BB%8A
香川県	地車囃子	香川県の祭り	https://ja.wikipedia.org/wiki/%E5%9C%B0%E8%BB%8A%E5%9B%83%E5%AD%90
香川県	大野原八幡神社秋季例大祭	香川県の祭り	https://ja.wikipedia.org/wiki/%E5%A4%A7%E9%87%8E%E5%8E%9F%E5%85%AB%E5%B9%A1%E7%A5%9E%E7%A4%BE%E7%A7%8B%E5%AD%A3%E4%BE%8B%E5%A4%A7%E7%A5%AD
香川県	引田ひなまつり	香川県の祭り	https://ja.wikipedia.org/wiki/%E5%BC%95%E7%94%B0%E3%81%B2%E3%81%AA%E3%81%BE%E3%81%A4%E3%82%8A
香川県	柞田秋祭り	香川県の祭り	https://ja.wikipedia.org/wiki/%E6%9F%9E%E7%94%B0%E7%A7%8B%E7%A5%AD%E3%82%8A
香川県	滝宮の念仏踊	香川県の祭り	https://ja.wikipedia.org/wiki/%E6%BB%9D%E5%AE%AE%E3%81%AE%E5%BF%B5%E4%BB%8F%E8%B8%8A
香川県	獅子舞フェスタ	香川県の祭り	https://ja.wikipedia.org/wiki/%E7%8D%85%E5%AD%90%E8%88%9E%E3%83%95%E3%82%A7%E3%82%B9%E3%82%BF
香川県	琴弾八幡宮大祭	香川県の祭り	https://ja.wikipedia.org/wiki/%E7%90%B4%E5%BC%BE%E5%85%AB%E5%B9%A1%E5%AE%AE%E5%A4%A7%E7%A5%AD
香川県	綾子踊	香川県の祭り	https://ja.wikipedia.org/wiki/%E7%B6%BE%E5%AD%90%E8%B8%8A
香川県	豊浜ちょうさ祭	香川県の祭り	https://ja.wikipedia.org/wiki/%E8%B1%8A%E6%B5%9C%E3%81%A1%E3%82%87%E3%81%86%E3%81%95%E7%A5%AD
香川県	高松冬のまつり	香川県の祭り	https://ja.wikipedia.org/wiki/%E9%AB%98%E6%9D%BE%E5%86%AC%E3%81%AE%E3%81%BE%E3%81%A4%E3%82%8A
香川県	高松秋のまつり・仏生山大名行列	香川県の祭り	https://ja.wikipedia.org/wiki/%E9%AB%98%E6%9D%BE%E7%A7%8B%E3%81%AE%E3%81%BE%E3%81%A4%E3%82%8A%E3%83%BB%E4%BB%8F%E7%94%9F%E5%B1%B1%E5%A4%A7%E5%90%8D%E8%A1%8C%E5%88%97
愛媛県	おんまく	愛媛県の祭り	https://ja.wikipedia.org/wiki/%E3%81%8A%E3%82%93%E3%81%BE%E3%81%8F
愛媛県	お供馬の走り込み	愛媛県の祭り	https://ja.wikipedia.org/wiki/%E3%81%8A%E4%BE%9B%E9%A6%AC%E3%81%AE%E8%B5%B0%E3%82%8A%E8%BE%BC%E3%81%BF
愛媛県	かきくらべ	愛媛県の祭り	https://ja.wikipedia.org/wiki/%E3%81%8B%E3%81%8D%E3%81%8F%E3%82%89%E3%81%B9
愛媛県	でちこんか	愛媛県の祭り	https://ja.wikipedia.org/wiki/%E3%81%A7%E3%81%A1%E3%81%93%E3%82%93%E3%81%8B
愛媛県	どろんこ祭り	愛媛県の祭り	https://ja.wikipedia.org/wiki/%E3%81%A9%E3%82%8D%E3%82%93%E3%81%93%E7%A5%AD%E3%82%8A
愛媛県	にいはま納涼花火大会	愛媛県の花火大会	https://ja.wikipedia.org/wiki/%E3%81%AB%E3%81%84%E3%81%AF%E3%81%BE%E7%B4%8D%E6%B6%BC%E8%8A%B1%E7%81%AB%E5%A4%A7%E4%BC%9A
愛媛県	みなと祭り・天神祭り花火大会	愛媛県の祭り	https://ja.wikipedia.org/wiki/%E3%81%BF%E3%81%AA%E3%81%A8%E7%A5%AD%E3%82%8A%E3%83%BB%E5%A4%A9%E7%A5%9E%E7%A5%AD%E3%82%8A%E8%8A%B1%E7%81%AB%E5%A4%A7%E4%BC%9A
愛媛県	るり姫祭り	愛媛県の祭り	https://ja.wikipedia.org/wiki/%E3%82%8B%E3%82%8A%E5%A7%AB%E7%A5%AD%E3%82%8A
愛媛県	丹原祭り	愛媛県の祭り	https://ja.wikipedia.org/wiki/%E4%B8%B9%E5%8E%9F%E7%A5%AD%E3%82%8A
愛媛県	伊予三島太鼓祭り	愛媛県の祭り	https://ja.wikipedia.org/wiki/%E4%BC%8A%E4%BA%88%E4%B8%89%E5%B3%B6%E5%A4%AA%E9%BC%93%E7%A5%AD%E3%82%8A
愛媛県	和霊大祭	愛媛県の祭り	https://ja.wikipedia.org/wiki/%E5%92%8C%E9%9C%8A%E5%A4%A7%E7%A5%AD
愛媛県	四国中央紙まつり	愛媛県の祭り	https://ja.wikipedia.org/wiki/%E5%9B%9B%E5%9B%BD%E4%B8%AD%E5%A4%AE%E7%B4%99%E3%81%BE%E3%81%A4%E3%82%8A
愛媛県	土居太鼓祭り	愛媛県の祭り	https://ja.wikipedia.org/wiki/%E5%9C%9F%E5%B1%85%E5%A4%AA%E9%BC%93%E7%A5%AD%E3%82%8A
愛媛県	小松祭り	愛媛県の祭り	https://ja.wikipedia.org/wiki/%E5%B0%8F%E6%9D%BE%E7%A5%AD%E3%82%8A
愛媛県	川之江太鼓祭り	愛媛県の祭り	https://ja.wikipedia.org/wiki/%E5%B7%9D%E4%B9%8B%E6%B1%9F%E5%A4%AA%E9%BC%93%E7%A5%AD%E3%82%8A
愛媛県	新居大島八幡宮祭礼	愛媛県の祭り	https://ja.wikipedia.org/wiki/%E6%96%B0%E5%B1%85%E5%A4%A7%E5%B3%B6%E5%85%AB%E5%B9%A1%E5%AE%AE%E7%A5%AD%E7%A4%BC
愛媛県	新居浜太鼓祭り	愛媛県の祭り	https://ja.wikipedia.org/wiki/%E6%96%B0%E5%B1%85%E6%B5%9C%E5%A4%AA%E9%BC%93%E7%A5%AD%E3%82%8A
愛媛県	東予祭り	愛媛県の祭り	https://ja.wikipedia.org/wiki/%E6%9D%B1%E4%BA%88%E7%A5%AD%E3%82%8A
愛媛県	松山港まつり	愛媛県の祭り	https://ja.wikipedia.org/wiki/%E6%9D%BE%E5%B1%B1%E6%B8%AF%E3%81%BE%E3%81%A4%E3%82%8A
愛媛県	松山野球拳おどり	愛媛県の祭り	https://ja.wikipedia.org/wiki/%E6%9D%BE%E5%B1%B1%E9%87%8E%E7%90%83%E6%8B%B3%E3%81%8A%E3%81%A9%E3%82%8A
愛媛県	水軍レース	愛媛県の花火大会	https://ja.wikipedia.org/wiki/%E6%B0%B4%E8%BB%8D%E3%83%AC%E3%83%BC%E3%82%B9
愛媛県	真穴の座敷雛	愛媛県の祭り	https://ja.wikipedia.org/wiki/%E7%9C%9F%E7%A9%B4%E3%81%AE%E5%BA%A7%E6%95%B7%E9%9B%9B
愛媛県	西条祭り	愛媛県の祭り	https://ja.wikipedia.org/wiki/%E8%A5%BF%E6%9D%A1%E7%A5%AD%E3%82%8A
愛媛県	闘牛	愛媛県の祭り	https://ja.wikipedia.org/wiki/%E9%97%98%E7%89%9B
愛媛県	鹿踊 (宇和島市)	愛媛県の祭り	https://ja.wikipedia.org/wiki/%E9%B9%BF%E8%B8%8A_%28%E5%AE%87%E5%92%8C%E5%B3%B6%E5%B8%82%29
高知県	どろめ祭り	高知県の祭り	https://ja.wikipedia.org/wiki/%E3%81%A9%E3%82%8D%E3%82%81%E7%A5%AD%E3%82%8A
高知県	よさこい	高知県の祭り	https://ja.wikipedia.org/wiki/%E3%82%88%E3%81%95%E3%81%93%E3%81%84
高知県	よさこい祭り	高知県の祭り	https://ja.wikipedia.org/wiki/%E3%82%88%E3%81%95%E3%81%93%E3%81%84%E7%A5%AD%E3%82%8A
高知県	シットロト踊り	高知県の祭り	https://ja.wikipedia.org/wiki/%E3%82%B7%E3%83%83%E3%83%88%E3%83%AD%E3%83%88%E8%B8%8A%E3%82%8A
高知県	吉良川の御田祭	高知県の祭り	https://ja.wikipedia.org/wiki/%E5%90%89%E8%89%AF%E5%B7%9D%E3%81%AE%E5%BE%A1%E7%94%B0%E7%A5%AD
福岡県	あしや人形感謝祭	福岡県の祭り	https://ja.wikipedia.org/wiki/%E3%81%82%E3%81%97%E3%82%84%E4%BA%BA%E5%BD%A2%E6%84%9F%E8%AC%9D%E7%A5%AD
福岡県	おおむた『大蛇山』まつり	福岡県の祭り	https://ja.wikipedia.org/wiki/%E3%81%8A%E3%81%8A%E3%82%80%E3%81%9F%E3%80%8E%E5%A4%A7%E8%9B%87%E5%B1%B1%E3%80%8F%E3%81%BE%E3%81%A4%E3%82%8A
福岡県	おしろい祭り	福岡県の祭り	https://ja.wikipedia.org/wiki/%E3%81%8A%E3%81%97%E3%82%8D%E3%81%84%E7%A5%AD%E3%82%8A
福岡県	くきのうみ花火の祭典	北九州市の祭り	https://ja.wikipedia.org/wiki/%E3%81%8F%E3%81%8D%E3%81%AE%E3%81%86%E3%81%BF%E8%8A%B1%E7%81%AB%E3%81%AE%E7%A5%AD%E5%85%B8
福岡県	こっぱげ面	福岡県の祭り	https://ja.wikipedia.org/wiki/%E3%81%93%E3%81%A3%E3%81%B1%E3%81%92%E9%9D%A2
福岡県	みあれ祭	福岡県の祭り	https://ja.wikipedia.org/wiki/%E3%81%BF%E3%81%82%E3%82%8C%E7%A5%AD
福岡県	みやま納涼花火大会	福岡県の花火大会	https://ja.wikipedia.org/wiki/%E3%81%BF%E3%82%84%E3%81%BE%E7%B4%8D%E6%B6%BC%E8%8A%B1%E7%81%AB%E5%A4%A7%E4%BC%9A
福岡県	わっしょい百万夏まつり	北九州市の祭り	https://ja.wikipedia.org/wiki/%E3%82%8F%E3%81%A3%E3%81%97%E3%82%87%E3%81%84%E7%99%BE%E4%B8%87%E5%A4%8F%E3%81%BE%E3%81%A4%E3%82%8A
福岡県	シーサイドももち花火ファンタジアFUKUOKA	福岡市の祭り	https://ja.wikipedia.org/wiki/%E3%82%B7%E3%83%BC%E3%82%B5%E3%82%A4%E3%83%89%E3%82%82%E3%82%82%E3%81%A1%E8%8A%B1%E7%81%AB%E3%83%95%E3%82%A1%E3%83%B3%E3%82%BF%E3%82%B8%E3%82%A2FUKUOKA
福岡県	中島祇園祭り	福岡県の祭り	https://ja.wikipedia.org/wiki/%E4%B8%AD%E5%B3%B6%E7%A5%87%E5%9C%92%E7%A5%AD%E3%82%8A
福岡県	二島祇園	北九州市の祭り	https://ja.wikipedia.org/wiki/%E4%BA%8C%E5%B3%B6%E7%A5%87%E5%9C%92
福岡県	八屋祇園	福岡県の祭り	https://ja.wikipedia.org/wiki/%E5%85%AB%E5%B1%8B%E7%A5%87%E5%9C%92
福岡県	前田祇園山笠	北九州市の祭り	https://ja.wikipedia.org/wiki/%E5%89%8D%E7%94%B0%E7%A5%87%E5%9C%92%E5%B1%B1%E7%AC%A0
福岡県	博多おくんち	福岡市の祭り	https://ja.wikipedia.org/wiki/%E5%8D%9A%E5%A4%9A%E3%81%8A%E3%81%8F%E3%82%93%E3%81%A1
福岡県	博多どんたく	福岡市の祭り	https://ja.wikipedia.org/wiki/%E5%8D%9A%E5%A4%9A%E3%81%A9%E3%82%93%E3%81%9F%E3%81%8F
福岡県	博多松囃子	福岡市の祭り	https://ja.wikipedia.org/wiki/%E5%8D%9A%E5%A4%9A%E6%9D%BE%E5%9B%83%E5%AD%90
福岡県	博多祇園山笠	福岡市の祭り	https://ja.wikipedia.org/wiki/%E5%8D%9A%E5%A4%9A%E7%A5%87%E5%9C%92%E5%B1%B1%E7%AC%A0
福岡県	小倉祇園太鼓	北九州市の祭り	https://ja.wikipedia.org/wiki/%E5%B0%8F%E5%80%89%E7%A5%87%E5%9C%92%E5%A4%AA%E9%BC%93
福岡県	小呂島祇園山笠	福岡市の祭り	https://ja.wikipedia.org/wiki/%E5%B0%8F%E5%91%82%E5%B3%B6%E7%A5%87%E5%9C%92%E5%B1%B1%E7%AC%A0
福岡県	川渡り神幸祭	福岡県の祭り	https://ja.wikipedia.org/wiki/%E5%B7%9D%E6%B8%A1%E3%82%8A%E7%A5%9E%E5%B9%B8%E7%A5%AD
福岡県	戸畑祇園大山笠	北九州市の祭り	https://ja.wikipedia.org/wiki/%E6%88%B8%E7%95%91%E7%A5%87%E5%9C%92%E5%A4%A7%E5%B1%B1%E7%AC%A0
福岡県	放生会 (筥崎宮)	福岡市の祭り	https://ja.wikipedia.org/wiki/%E6%94%BE%E7%94%9F%E4%BC%9A_%28%E7%AD%A5%E5%B4%8E%E5%AE%AE%29
福岡県	春日あんどん祭り	福岡県の花火大会	https://ja.wikipedia.org/wiki/%E6%98%A5%E6%97%A5%E3%81%82%E3%82%93%E3%81%A9%E3%82%93%E7%A5%AD%E3%82%8A
福岡県	春日の婿押し	福岡県の祭り	https://ja.wikipedia.org/wiki/%E6%98%A5%E6%97%A5%E3%81%AE%E5%A9%BF%E6%8A%BC%E3%81%97
福岡県	水天宮春大祭	福岡県の祭り	https://ja.wikipedia.org/wiki/%E6%B0%B4%E5%A4%A9%E5%AE%AE%E6%98%A5%E5%A4%A7%E7%A5%AD
福岡県	江浦町祇園祭	福岡県の祭り	https://ja.wikipedia.org/wiki/%E6%B1%9F%E6%B5%A6%E7%94%BA%E7%A5%87%E5%9C%92%E7%A5%AD
福岡県	津屋崎祇園山笠	福岡県の祭り	https://ja.wikipedia.org/wiki/%E6%B4%A5%E5%B1%8B%E5%B4%8E%E7%A5%87%E5%9C%92%E5%B1%B1%E7%AC%A0
福岡県	浮立	福岡県の祭り	https://ja.wikipedia.org/wiki/%E6%B5%AE%E7%AB%8B
福岡県	渡瀬祇園祭	福岡県の祭り	https://ja.wikipedia.org/wiki/%E6%B8%A1%E7%80%AC%E7%A5%87%E5%9C%92%E7%A5%AD
福岡県	直方山笠	福岡県の祭り	https://ja.wikipedia.org/wiki/%E7%9B%B4%E6%96%B9%E5%B1%B1%E7%AC%A0
福岡県	福岡五大祭	福岡県の祭り	https://ja.wikipedia.org/wiki/%E7%A6%8F%E5%B2%A1%E4%BA%94%E5%A4%A7%E7%A5%AD
福岡県	筑後川花火大会	福岡県の花火大会	https://ja.wikipedia.org/wiki/%E7%AD%91%E5%BE%8C%E5%B7%9D%E8%8A%B1%E7%81%AB%E5%A4%A7%E4%BC%9A
福岡県	苅田山笠	福岡県の祭り	https://ja.wikipedia.org/wiki/%E8%8B%85%E7%94%B0%E5%B1%B1%E7%AC%A0
福岡県	西日本大濠花火大会	福岡市の祭り	https://ja.wikipedia.org/wiki/%E8%A5%BF%E6%97%A5%E6%9C%AC%E5%A4%A7%E6%BF%A0%E8%8A%B1%E7%81%AB%E5%A4%A7%E4%BC%9A
福岡県	起業祭	北九州市の祭り	https://ja.wikipedia.org/wiki/%E8%B5%B7%E6%A5%AD%E7%A5%AD
福岡県	関門海峡花火大会	福岡県の花火大会	https://ja.wikipedia.org/wiki/%E9%96%A2%E9%96%80%E6%B5%B7%E5%B3%A1%E8%8A%B1%E7%81%AB%E5%A4%A7%E4%BC%9A
福岡県	飯塚山笠	福岡県の祭り	https://ja.wikipedia.org/wiki/%E9%A3%AF%E5%A1%9A%E5%B1%B1%E7%AC%A0
福岡県	鬼夜	福岡県の祭り	https://ja.wikipedia.org/wiki/%E9%AC%BC%E5%A4%9C
福岡県	黒崎祇園山笠	北九州市の祭り	https://ja.wikipedia.org/wiki/%E9%BB%92%E5%B4%8E%E7%A5%87%E5%9C%92%E5%B1%B1%E7%AC%A0
佐賀県	伊万里トンテントン祭り	佐賀県の祭り	https://ja.wikipedia.org/wiki/%E4%BC%8A%E4%B8%87%E9%87%8C%E3%83%88%E3%83%B3%E3%83%86%E3%83%B3%E3%83%88%E3%83%B3%E7%A5%AD%E3%82%8A
佐賀県	佐賀城下栄の国まつり	佐賀県の祭り	https://ja.wikipedia.org/wiki/%E4%BD%90%E8%B3%80%E5%9F%8E%E4%B8%8B%E6%A0%84%E3%81%AE%E5%9B%BD%E3%81%BE%E3%81%A4%E3%82%8A
佐賀県	唐津くんち	佐賀県の祭り	https://ja.wikipedia.org/wiki/%E5%94%90%E6%B4%A5%E3%81%8F%E3%82%93%E3%81%A1
佐賀県	小友祇園山笠	佐賀県の祭り	https://ja.wikipedia.org/wiki/%E5%B0%8F%E5%8F%8B%E7%A5%87%E5%9C%92%E5%B1%B1%E7%AC%A0
佐賀県	栄の国祭り	佐賀県の祭り	https://ja.wikipedia.org/wiki/%E6%A0%84%E3%81%AE%E5%9B%BD%E7%A5%AD%E3%82%8A
佐賀県	浜崎祇園山笠	佐賀県の祭り	https://ja.wikipedia.org/wiki/%E6%B5%9C%E5%B4%8E%E7%A5%87%E5%9C%92%E5%B1%B1%E7%AC%A0
佐賀県	浮立	佐賀県の祭り	https://ja.wikipedia.org/wiki/%E6%B5%AE%E7%AB%8B
佐賀県	白鬚神社の田楽	佐賀県の祭り	https://ja.wikipedia.org/wiki/%E7%99%BD%E9%AC%9A%E7%A5%9E%E7%A4%BE%E3%81%AE%E7%94%B0%E6%A5%BD
佐賀県	相知くんち	佐賀県の祭り	https://ja.wikipedia.org/wiki/%E7%9B%B8%E7%9F%A5%E3%81%8F%E3%82%93%E3%81%A1
佐賀県	精霊流し	佐賀県の祭り	https://ja.wikipedia.org/wiki/%E7%B2%BE%E9%9C%8A%E6%B5%81%E3%81%97
佐賀県	見島のカセドリ	佐賀県の祭り	https://ja.wikipedia.org/wiki/%E8%A6%8B%E5%B3%B6%E3%81%AE%E3%82%AB%E3%82%BB%E3%83%89%E3%83%AA
長崎県	YOSAKOIさせぼ祭り	長崎県の祭り	https://ja.wikipedia.org/wiki/YOSAKOI%E3%81%95%E3%81%9B%E3%81%BC%E7%A5%AD%E3%82%8A
長崎県	きらきらフェスティバル	長崎県の祭り	https://ja.wikipedia.org/wiki/%E3%81%8D%E3%82%89%E3%81%8D%E3%82%89%E3%83%95%E3%82%A7%E3%82%B9%E3%83%86%E3%82%A3%E3%83%90%E3%83%AB
長崎県	させぼシーサイドフェスティバル	長崎県の祭り	https://ja.wikipedia.org/wiki/%E3%81%95%E3%81%9B%E3%81%BC%E3%82%B7%E3%83%BC%E3%82%B5%E3%82%A4%E3%83%89%E3%83%95%E3%82%A7%E3%82%B9%E3%83%86%E3%82%A3%E3%83%90%E3%83%AB
長崎県	オーモンデー	長崎県の祭り	https://ja.wikipedia.org/wiki/%E3%82%AA%E3%83%BC%E3%83%A2%E3%83%B3%E3%83%87%E3%83%BC
長崎県	ペーロン	長崎県の祭り	https://ja.wikipedia.org/wiki/%E3%83%9A%E3%83%BC%E3%83%AD%E3%83%B3
長崎県	佐世保くんち	長崎県の祭り	https://ja.wikipedia.org/wiki/%E4%BD%90%E4%B8%96%E4%BF%9D%E3%81%8F%E3%82%93%E3%81%A1
長崎県	佐世保初売り	長崎県の祭り	https://ja.wikipedia.org/wiki/%E4%BD%90%E4%B8%96%E4%BF%9D%E5%88%9D%E5%A3%B2%E3%82%8A
長崎県	千灯籠まつり	長崎県の祭り	https://ja.wikipedia.org/wiki/%E5%8D%83%E7%81%AF%E7%B1%A0%E3%81%BE%E3%81%A4%E3%82%8A
長崎県	島原水まつり	長崎県の祭り	https://ja.wikipedia.org/wiki/%E5%B3%B6%E5%8E%9F%E6%B0%B4%E3%81%BE%E3%81%A4%E3%82%8A
長崎県	有川神楽	長崎県の祭り	https://ja.wikipedia.org/wiki/%E6%9C%89%E5%B7%9D%E7%A5%9E%E6%A5%BD
長崎県	来る福招き猫まつり	長崎県の祭り	https://ja.wikipedia.org/wiki/%E6%9D%A5%E3%82%8B%E7%A6%8F%E6%8B%9B%E3%81%8D%E7%8C%AB%E3%81%BE%E3%81%A4%E3%82%8A
長崎県	浮立	長崎県の祭り	https://ja.wikipedia.org/wiki/%E6%B5%AE%E7%AB%8B
長崎県	竹ン芸	長崎県の祭り	https://ja.wikipedia.org/wiki/%E7%AB%B9%E3%83%B3%E8%8A%B8
長崎県	精霊流し	長崎県の祭り	https://ja.wikipedia.org/wiki/%E7%B2%BE%E9%9C%8A%E6%B5%81%E3%81%97
長崎県	西海アメリカンフェスティバル	長崎県の祭り	https://ja.wikipedia.org/wiki/%E8%A5%BF%E6%B5%B7%E3%82%A2%E3%83%A1%E3%83%AA%E3%82%AB%E3%83%B3%E3%83%95%E3%82%A7%E3%82%B9%E3%83%86%E3%82%A3%E3%83%90%E3%83%AB
長崎県	郷ノ浦祇園山笠	長崎県の祭り	https://ja.wikipedia.org/wiki/%E9%83%B7%E3%83%8E%E6%B5%A6%E7%A5%87%E5%9C%92%E5%B1%B1%E7%AC%A0
長崎県	長崎くんち	長崎県の祭り	https://ja.wikipedia.org/wiki/%E9%95%B7%E5%B4%8E%E3%81%8F%E3%82%93%E3%81%A1
長崎県	長崎ランタンフェスティバル	長崎県の祭り	https://ja.wikipedia.org/wiki/%E9%95%B7%E5%B4%8E%E3%83%A9%E3%83%B3%E3%82%BF%E3%83%B3%E3%83%95%E3%82%A7%E3%82%B9%E3%83%86%E3%82%A3%E3%83%90%E3%83%AB
長崎県	長崎帆船まつり	長崎県の祭り	https://ja.wikipedia.org/wiki/%E9%95%B7%E5%B4%8E%E5%B8%86%E8%88%B9%E3%81%BE%E3%81%A4%E3%82%8A
長崎県	鳥刺し踊り	長崎県の祭り	https://ja.wikipedia.org/wiki/%E9%B3%A5%E5%88%BA%E3%81%97%E8%B8%8A%E3%82%8A
熊本県	なんかん夏まつり	熊本県の祭り	https://ja.wikipedia.org/wiki/%E3%81%AA%E3%82%93%E3%81%8B%E3%82%93%E5%A4%8F%E3%81%BE%E3%81%A4%E3%82%8A
熊本県	やつしろ全国花火競技大会	熊本県の花火大会	https://ja.wikipedia.org/wiki/%E3%82%84%E3%81%A4%E3%81%97%E3%82%8D%E5%85%A8%E5%9B%BD%E8%8A%B1%E7%81%AB%E7%AB%B6%E6%8A%80%E5%A4%A7%E4%BC%9A
熊本県	山鹿灯籠まつり	熊本県の祭り	https://ja.wikipedia.org/wiki/%E5%B1%B1%E9%B9%BF%E7%81%AF%E7%B1%A0%E3%81%BE%E3%81%A4%E3%82%8A
熊本県	火の国まつり	熊本県の祭り	https://ja.wikipedia.org/wiki/%E7%81%AB%E3%81%AE%E5%9B%BD%E3%81%BE%E3%81%A4%E3%82%8A
熊本県	犬子ひょうたん祭	熊本県の祭り	https://ja.wikipedia.org/wiki/%E7%8A%AC%E5%AD%90%E3%81%B2%E3%82%87%E3%81%86%E3%81%9F%E3%82%93%E7%A5%AD
熊本県	玉名納涼花火大会	熊本県の花火大会	https://ja.wikipedia.org/wiki/%E7%8E%89%E5%90%8D%E7%B4%8D%E6%B6%BC%E8%8A%B1%E7%81%AB%E5%A4%A7%E4%BC%9A
熊本県	砥川獅子舞	熊本県の祭り	https://ja.wikipedia.org/wiki/%E7%A0%A5%E5%B7%9D%E7%8D%85%E5%AD%90%E8%88%9E
熊本県	精霊流し	熊本県の祭り	https://ja.wikipedia.org/wiki/%E7%B2%BE%E9%9C%8A%E6%B5%81%E3%81%97
熊本県	藤崎八旛宮秋季例大祭	熊本県の祭り	https://ja.wikipedia.org/wiki/%E8%97%A4%E5%B4%8E%E5%85%AB%E6%97%9B%E5%AE%AE%E7%A7%8B%E5%AD%A3%E4%BE%8B%E5%A4%A7%E7%A5%AD
大分県	うすき竹宵	大分県の祭り	https://ja.wikipedia.org/wiki/%E3%81%86%E3%81%99%E3%81%8D%E7%AB%B9%E5%AE%B5
大分県	さいすくい	大分県の祭り	https://ja.wikipedia.org/wiki/%E3%81%95%E3%81%84%E3%81%99%E3%81%8F%E3%81%84
大分県	べっぷクリスマスHanabiファンタジア	大分県の花火大会	https://ja.wikipedia.org/wiki/%E3%81%B9%E3%81%A3%E3%81%B7%E3%82%AF%E3%83%AA%E3%82%B9%E3%83%9E%E3%82%B9Hanabi%E3%83%95%E3%82%A1%E3%83%B3%E3%82%BF%E3%82%B8%E3%82%A2
大分県	べっぷ火の海まつり	大分県の祭り	https://ja.wikipedia.org/wiki/%E3%81%B9%E3%81%A3%E3%81%B7%E7%81%AB%E3%81%AE%E6%B5%B7%E3%81%BE%E3%81%A4%E3%82%8A
大分県	ケベス祭	大分県の祭り	https://ja.wikipedia.org/wiki/%E3%82%B1%E3%83%99%E3%82%B9%E7%A5%AD
大分県	ホーランエンヤ (大分県)	大分県の祭り	https://ja.wikipedia.org/wiki/%E3%83%9B%E3%83%BC%E3%83%A9%E3%83%B3%E3%82%A8%E3%83%B3%E3%83%A4_%28%E5%A4%A7%E5%88%86%E7%9C%8C%29
大分県	三輪流臼杵神楽	大分県の祭り	https://ja.wikipedia.org/wiki/%E4%B8%89%E8%BC%AA%E6%B5%81%E8%87%BC%E6%9D%B5%E7%A5%9E%E6%A5%BD
大分県	中津祇園	大分県の祭り	https://ja.wikipedia.org/wiki/%E4%B8%AD%E6%B4%A5%E7%A5%87%E5%9C%92
大分県	修正鬼会	大分県の祭り	https://ja.wikipedia.org/wiki/%E4%BF%AE%E6%AD%A3%E9%AC%BC%E4%BC%9A
大分県	別府八湯温泉まつり	大分県の祭り	https://ja.wikipedia.org/wiki/%E5%88%A5%E5%BA%9C%E5%85%AB%E6%B9%AF%E6%B8%A9%E6%B3%89%E3%81%BE%E3%81%A4%E3%82%8A
大分県	千年あかり	大分県の祭り	https://ja.wikipedia.org/wiki/%E5%8D%83%E5%B9%B4%E3%81%82%E3%81%8B%E3%82%8A
大分県	古要神社の傀儡子の舞と相撲	大分県の祭り	https://ja.wikipedia.org/wiki/%E5%8F%A4%E8%A6%81%E7%A5%9E%E7%A4%BE%E3%81%AE%E5%82%80%E5%84%A1%E5%AD%90%E3%81%AE%E8%88%9E%E3%81%A8%E7%9B%B8%E6%92%B2
大分県	吉弘楽	大分県の祭り	https://ja.wikipedia.org/wiki/%E5%90%89%E5%BC%98%E6%A5%BD
大分県	国東のとうや行事	大分県の祭り	https://ja.wikipedia.org/wiki/%E5%9B%BD%E6%9D%B1%E3%81%AE%E3%81%A8%E3%81%86%E3%82%84%E8%A1%8C%E4%BA%8B
大分県	大分七夕まつり	大分県の祭り	https://ja.wikipedia.org/wiki/%E5%A4%A7%E5%88%86%E4%B8%83%E5%A4%95%E3%81%BE%E3%81%A4%E3%82%8A
大分県	大分県の盆踊り	大分県の祭り	https://ja.wikipedia.org/wiki/%E5%A4%A7%E5%88%86%E7%9C%8C%E3%81%AE%E7%9B%86%E8%B8%8A%E3%82%8A
大分県	天領日田おひなまつり	大分県の祭り	https://ja.wikipedia.org/wiki/%E5%A4%A9%E9%A0%98%E6%97%A5%E7%94%B0%E3%81%8A%E3%81%B2%E3%81%AA%E3%81%BE%E3%81%A4%E3%82%8A
大分県	姫島盆踊り	大分県の祭り	https://ja.wikipedia.org/wiki/%E5%A7%AB%E5%B3%B6%E7%9B%86%E8%B8%8A%E3%82%8A
大分県	宇佐神宮御神能	大分県の祭り	https://ja.wikipedia.org/wiki/%E5%AE%87%E4%BD%90%E7%A5%9E%E5%AE%AE%E5%BE%A1%E7%A5%9E%E8%83%BD
大分県	小松明火祭り	大分県の祭り	https://ja.wikipedia.org/wiki/%E5%B0%8F%E6%9D%BE%E6%98%8E%E7%81%AB%E7%A5%AD%E3%82%8A
大分県	山家踊り	大分県の祭り	https://ja.wikipedia.org/wiki/%E5%B1%B1%E5%AE%B6%E8%B8%8A%E3%82%8A
大分県	庄内神楽	大分県の祭り	https://ja.wikipedia.org/wiki/%E5%BA%84%E5%86%85%E7%A5%9E%E6%A5%BD
大分県	府内戦紙	大分県の祭り	https://ja.wikipedia.org/wiki/%E5%BA%9C%E5%86%85%E6%88%A6%E7%B4%99
大分県	御嶽神楽	大分県の祭り	https://ja.wikipedia.org/wiki/%E5%BE%A1%E5%B6%BD%E7%A5%9E%E6%A5%BD
大分県	扇山火まつり	大分県の祭り	https://ja.wikipedia.org/wiki/%E6%89%87%E5%B1%B1%E7%81%AB%E3%81%BE%E3%81%A4%E3%82%8A
大分県	日田祇園祭	大分県の祭り	https://ja.wikipedia.org/wiki/%E6%97%A5%E7%94%B0%E7%A5%87%E5%9C%92%E7%A5%AD
大分県	杵築盆踊り	大分県の祭り	https://ja.wikipedia.org/wiki/%E6%9D%B5%E7%AF%89%E7%9B%86%E8%B8%8A%E3%82%8A
大分県	樋山路盆踊り	大分県の祭り	https://ja.wikipedia.org/wiki/%E6%A8%8B%E5%B1%B1%E8%B7%AF%E7%9B%86%E8%B8%8A%E3%82%8A
大分県	泉都大祭	大分県の祭り	https://ja.wikipedia.org/wiki/%E6%B3%89%E9%83%BD%E5%A4%A7%E7%A5%AD
大分県	緒方チューリップフェスタ	大分県の祭り	https://ja.wikipedia.org/wiki/%E7%B7%92%E6%96%B9%E3%83%81%E3%83%A5%E3%83%BC%E3%83%AA%E3%83%83%E3%83%97%E3%83%95%E3%82%A7%E3%82%B9%E3%82%BF
大分県	緒方五千石祭	大分県の祭り	https://ja.wikipedia.org/wiki/%E7%B7%92%E6%96%B9%E4%BA%94%E5%8D%83%E7%9F%B3%E7%A5%AD
大分県	臼杵祇園まつり	大分県の祭り	https://ja.wikipedia.org/wiki/%E8%87%BC%E6%9D%B5%E7%A5%87%E5%9C%92%E3%81%BE%E3%81%A4%E3%82%8A
大分県	蛎瀬神楽	大分県の祭り	https://ja.wikipedia.org/wiki/%E8%9B%8E%E7%80%AC%E7%A5%9E%E6%A5%BD
大分県	鶴崎踊	大分県の祭り	https://ja.wikipedia.org/wiki/%E9%B6%B4%E5%B4%8E%E8%B8%8A
大分県	鶴市花傘鉾神事	大分県の祭り	https://ja.wikipedia.org/wiki/%E9%B6%B4%E5%B8%82%E8%8A%B1%E5%82%98%E9%89%BE%E7%A5%9E%E4%BA%8B
宮崎県	下水流臼太鼓踊	宮崎県の祭り	https://ja.wikipedia.org/wiki/%E4%B8%8B%E6%B0%B4%E6%B5%81%E8%87%BC%E5%A4%AA%E9%BC%93%E8%B8%8A
宮崎県	六月灯	宮崎県の祭り	https://ja.wikipedia.org/wiki/%E5%85%AD%E6%9C%88%E7%81%AF
宮崎県	宮崎映画祭	宮崎県の祭り	https://ja.wikipedia.org/wiki/%E5%AE%AE%E5%B4%8E%E6%98%A0%E7%94%BB%E7%A5%AD
宮崎県	宮崎神宮大祭	宮崎県の祭り	https://ja.wikipedia.org/wiki/%E5%AE%AE%E5%B4%8E%E7%A5%9E%E5%AE%AE%E5%A4%A7%E7%A5%AD
宮崎県	弥五郎どん祭り	宮崎県の祭り	https://ja.wikipedia.org/wiki/%E5%BC%A5%E4%BA%94%E9%83%8E%E3%81%A9%E3%82%93%E7%A5%AD%E3%82%8A
宮崎県	日向ひょっとこ夏祭り	宮崎県の祭り	https://ja.wikipedia.org/wiki/%E6%97%A5%E5%90%91%E3%81%B2%E3%82%87%E3%81%A3%E3%81%A8%E3%81%93%E5%A4%8F%E7%A5%AD%E3%82%8A
宮崎県	細島みなと祭り	宮崎県の祭り	https://ja.wikipedia.org/wiki/%E7%B4%B0%E5%B3%B6%E3%81%BF%E3%81%AA%E3%81%A8%E7%A5%AD%E3%82%8A
宮崎県	西都古墳まつり	宮崎県の祭り	https://ja.wikipedia.org/wiki/%E8%A5%BF%E9%83%BD%E5%8F%A4%E5%A2%B3%E3%81%BE%E3%81%A4%E3%82%8A
宮崎県	起きよ祭り	宮崎県の祭り	https://ja.wikipedia.org/wiki/%E8%B5%B7%E3%81%8D%E3%82%88%E7%A5%AD%E3%82%8A
宮崎県	餅勧進	宮崎県の祭り	https://ja.wikipedia.org/wiki/%E9%A4%85%E5%8B%A7%E9%80%B2
宮崎県	高千穂の夜神楽	宮崎県の祭り	https://ja.wikipedia.org/wiki/%E9%AB%98%E5%8D%83%E7%A9%82%E3%81%AE%E5%A4%9C%E7%A5%9E%E6%A5%BD
鹿児島県	いずみマチ・テラス	鹿児島県の祭り	https://ja.wikipedia.org/wiki/%E3%81%84%E3%81%9A%E3%81%BF%E3%83%9E%E3%83%81%E3%83%BB%E3%83%86%E3%83%A9%E3%82%B9
鹿児島県	おはら祭	鹿児島県の祭り	https://ja.wikipedia.org/wiki/%E3%81%8A%E3%81%AF%E3%82%89%E7%A5%AD
鹿児島県	かごしま錦江湾サマーナイト大花火大会	鹿児島県の花火大会	https://ja.wikipedia.org/wiki/%E3%81%8B%E3%81%94%E3%81%97%E3%81%BE%E9%8C%A6%E6%B1%9F%E6%B9%BE%E3%82%B5%E3%83%9E%E3%83%BC%E3%83%8A%E3%82%A4%E3%83%88%E5%A4%A7%E8%8A%B1%E7%81%AB%E5%A4%A7%E4%BC%9A
鹿児島県	せっぺとべ	鹿児島県の祭り	https://ja.wikipedia.org/wiki/%E3%81%9B%E3%81%A3%E3%81%BA%E3%81%A8%E3%81%B9
鹿児島県	やくしま森祭り	鹿児島県の祭り	https://ja.wikipedia.org/wiki/%E3%82%84%E3%81%8F%E3%81%97%E3%81%BE%E6%A3%AE%E7%A5%AD%E3%82%8A
鹿児島県	トシドン	鹿児島県の祭り	https://ja.wikipedia.org/wiki/%E3%83%88%E3%82%B7%E3%83%89%E3%83%B3
鹿児島県	ドヤドヤサー	鹿児島県の祭り	https://ja.wikipedia.org/wiki/%E3%83%89%E3%83%A4%E3%83%89%E3%83%A4%E3%82%B5%E3%83%BC
鹿児島県	ボゼ	鹿児島県の祭り	https://ja.wikipedia.org/wiki/%E3%83%9C%E3%82%BC
鹿児島県	ヨッカブイ	鹿児島県の祭り	https://ja.wikipedia.org/wiki/%E3%83%A8%E3%83%83%E3%82%AB%E3%83%96%E3%82%A4
鹿児島県	八月踊	鹿児島県の祭り	https://ja.wikipedia.org/wiki/%E5%85%AB%E6%9C%88%E8%B8%8A
鹿児島県	六月灯	鹿児島県の祭り	https://ja.wikipedia.org/wiki/%E5%85%AD%E6%9C%88%E7%81%AF
鹿児島県	初午祭 (鹿児島神宮)	鹿児島県の祭り	https://ja.wikipedia.org/wiki/%E5%88%9D%E5%8D%88%E7%A5%AD_%28%E9%B9%BF%E5%85%90%E5%B3%B6%E7%A5%9E%E5%AE%AE%29
鹿児島県	大王殿祭り	鹿児島県の祭り	https://ja.wikipedia.org/wiki/%E5%A4%A7%E7%8E%8B%E6%AE%BF%E7%A5%AD%E3%82%8A
鹿児島県	川内大綱引	鹿児島県の祭り	https://ja.wikipedia.org/wiki/%E5%B7%9D%E5%86%85%E5%A4%A7%E7%B6%B1%E5%BC%95
鹿児島県	川内川花火大会	鹿児島県の花火大会	https://ja.wikipedia.org/wiki/%E5%B7%9D%E5%86%85%E5%B7%9D%E8%8A%B1%E7%81%AB%E5%A4%A7%E4%BC%9A
鹿児島県	弥五郎どん祭り	鹿児島県の祭り	https://ja.wikipedia.org/wiki/%E5%BC%A5%E4%BA%94%E9%83%8E%E3%81%A9%E3%82%93%E7%A5%AD%E3%82%8A
鹿児島県	指宿温泉祭	鹿児島県の祭り	https://ja.wikipedia.org/wiki/%E6%8C%87%E5%AE%BF%E6%B8%A9%E6%B3%89%E7%A5%AD
鹿児島県	新田神社 (薩摩川内市)	鹿児島県の祭り	https://ja.wikipedia.org/wiki/%E6%96%B0%E7%94%B0%E7%A5%9E%E7%A4%BE_%28%E8%96%A9%E6%91%A9%E5%B7%9D%E5%86%85%E5%B8%82%29
鹿児島県	本町の八月踊り	鹿児島県の祭り	https://ja.wikipedia.org/wiki/%E6%9C%AC%E7%94%BA%E3%81%AE%E5%85%AB%E6%9C%88%E8%B8%8A%E3%82%8A
鹿児島県	浜下り	鹿児島県の祭り	https://ja.wikipedia.org/wiki/%E6%B5%9C%E4%B8%8B%E3%82%8A
鹿児島県	薩摩硫黄島のメンドン	鹿児島県の祭り	https://ja.wikipedia.org/wiki/%E8%96%A9%E6%91%A9%E7%A1%AB%E9%BB%84%E5%B3%B6%E3%81%AE%E3%83%A1%E3%83%B3%E3%83%89%E3%83%B3
鹿児島県	闘牛	鹿児島県の祭り	https://ja.wikipedia.org/wiki/%E9%97%98%E7%89%9B
鹿児島県	餅勧進	鹿児島県の祭り	https://ja.wikipedia.org/wiki/%E9%A4%85%E5%8B%A7%E9%80%B2
沖縄県	ゆかる日 まさる日 さんしんの日	沖縄県の祭り	https://ja.wikipedia.org/wiki/%E3%82%86%E3%81%8B%E3%82%8B%E6%97%A5_%E3%81%BE%E3%81%95%E3%82%8B%E6%97%A5_%E3%81%95%E3%82%93%E3%81%97%E3%82%93%E3%81%AE%E6%97%A5
沖縄県	アンガマ	沖縄県の祭り	https://ja.wikipedia.org/wiki/%E3%82%A2%E3%83%B3%E3%82%AC%E3%83%9E
沖縄県	クイチャーフェスティバル	沖縄県の祭り	https://ja.wikipedia.org/wiki/%E3%82%AF%E3%82%A4%E3%83%81%E3%83%A3%E3%83%BC%E3%83%95%E3%82%A7%E3%82%B9%E3%83%86%E3%82%A3%E3%83%90%E3%83%AB
沖縄県	シヌグ	沖縄県の祭り	https://ja.wikipedia.org/wiki/%E3%82%B7%E3%83%8C%E3%82%B0
沖縄県	パーントゥ	沖縄県の祭り	https://ja.wikipedia.org/wiki/%E3%83%91%E3%83%BC%E3%83%B3%E3%83%88%E3%82%A5
沖縄県	伊江島ゆり祭り	沖縄県の祭り	https://ja.wikipedia.org/wiki/%E4%BC%8A%E6%B1%9F%E5%B3%B6%E3%82%86%E3%82%8A%E7%A5%AD%E3%82%8A
沖縄県	具志堅のシニグ	沖縄県の祭り	https://ja.wikipedia.org/wiki/%E5%85%B7%E5%BF%97%E5%A0%85%E3%81%AE%E3%82%B7%E3%83%8B%E3%82%B0
沖縄県	名護夏祭り	沖縄県の祭り	https://ja.wikipedia.org/wiki/%E5%90%8D%E8%AD%B7%E5%A4%8F%E7%A5%AD%E3%82%8A
沖縄県	沖縄の産業まつり	沖縄県の祭り	https://ja.wikipedia.org/wiki/%E6%B2%96%E7%B8%84%E3%81%AE%E7%94%A3%E6%A5%AD%E3%81%BE%E3%81%A4%E3%82%8A
沖縄県	沖縄サンバカーニバル	沖縄県の祭り	https://ja.wikipedia.org/wiki/%E6%B2%96%E7%B8%84%E3%82%B5%E3%83%B3%E3%83%90%E3%82%AB%E3%83%BC%E3%83%8B%E3%83%90%E3%83%AB
沖縄県	沖縄全島エイサーまつり	沖縄県の祭り	https://ja.wikipedia.org/wiki/%E6%B2%96%E7%B8%84%E5%85%A8%E5%B3%B6%E3%82%A8%E3%82%A4%E3%82%B5%E3%83%BC%E3%81%BE%E3%81%A4%E3%82%8A
沖縄県	沖縄国際カーニバル	沖縄県の祭り	https://ja.wikipedia.org/wiki/%E6%B2%96%E7%B8%84%E5%9B%BD%E9%9A%9B%E3%82%AB%E3%83%BC%E3%83%8B%E3%83%90%E3%83%AB
沖縄県	浜下り	沖縄県の祭り	https://ja.wikipedia.org/wiki/%E6%B5%9C%E4%B8%8B%E3%82%8A
沖縄県	浦添てだこまつり	沖縄県の祭り	https://ja.wikipedia.org/wiki/%E6%B5%A6%E6%B7%BB%E3%81%A6%E3%81%A0%E3%81%93%E3%81%BE%E3%81%A4%E3%82%8A
沖縄県	海神祭	沖縄県の祭り	https://ja.wikipedia.org/wiki/%E6%B5%B7%E7%A5%9E%E7%A5%AD
沖縄県	爬竜	沖縄県の祭り	https://ja.wikipedia.org/wiki/%E7%88%AC%E7%AB%9C
沖縄県	琉球海炎祭	沖縄県の花火大会	https://ja.wikipedia.org/wiki/%E7%90%89%E7%90%83%E6%B5%B7%E7%82%8E%E7%A5%AD
沖縄県	琉球競馬	沖縄県の祭り	https://ja.wikipedia.org/wiki/%E7%90%89%E7%90%83%E7%AB%B6%E9%A6%AC
沖縄県	糸満ハーレー	沖縄県の祭り	https://ja.wikipedia.org/wiki/%E7%B3%B8%E6%BA%80%E3%83%8F%E3%83%BC%E3%83%AC%E3%83%BC
沖縄県	綱引き (嘉陽)	沖縄県の祭り	https://ja.wikipedia.org/wiki/%E7%B6%B1%E5%BC%95%E3%81%8D_%28%E5%98%89%E9%99%BD%29
沖縄県	臼太鼓	沖縄県の祭り	https://ja.wikipedia.org/wiki/%E8%87%BC%E5%A4%AA%E9%BC%93
沖縄県	豊年祭 (嘉陽)	沖縄県の祭り	https://ja.wikipedia.org/wiki/%E8%B1%8A%E5%B9%B4%E7%A5%AD_%28%E5%98%89%E9%99%BD%29
沖縄県	豊見城ハーリー	沖縄県の祭り	https://ja.wikipedia.org/wiki/%E8%B1%8A%E8%A6%8B%E5%9F%8E%E3%83%8F%E3%83%BC%E3%83%AA%E3%83%BC
沖縄県	那覇ハーリー	沖縄県の祭り	https://ja.wikipedia.org/wiki/%E9%82%A3%E8%A6%87%E3%83%8F%E3%83%BC%E3%83%AA%E3%83%BC
沖縄県	那覇大綱挽まつり	沖縄県の祭り	https://ja.wikipedia.org/wiki/%E9%82%A3%E8%A6%87%E5%A4%A7%E7%B6%B1%E6%8C%BD%E3%81%BE%E3%81%A4%E3%82%8A
沖縄県	闘牛	沖縄県の祭り	https://ja.wikipedia.org/wiki/%E9%97%98%E7%89%9B
