host	prefecture	site	first	last	fetch	robots	fail	denied	capped	bytes
kyoiku.pref.ibaraki.jp	茨城県	県庁教委	2026-09-07	2026-09-10	640	0	1	0	0	29070820
www.city.naka.lg.jp	茨城県	那珂市	2026-09-07	2026-09-10	472	0	1	0	0	32013210
www.city.kashima.ibaraki.jp	茨城県	鹿嶋市	2026-09-07	2026-09-10	463	0	10	0	0	12501460
www.city.mito.lg.jp	茨城県	水戸市	2026-09-07	2026-09-09	455	0	51	0	0	13590095
www.city.hitachiomiya.lg.jp	茨城県	常陸大宮市	2026-09-07	2026-09-10	448	0	2	0	0	8333328
www.city.ryugasaki.ibaraki.jp	茨城県	龍ケ崎市	2026-09-07	2026-09-10	426	0	3	0	0	10813344
www.city.yuki.lg.jp	茨城県	結城市	2026-09-07	2026-09-10	416	0	3	0	0	7468356
www.city.ushiku.lg.jp	茨城県	牛久市	2026-09-07	2026-09-10	409	0	1	0	0	8187631
www.vill.tokai.ibaraki.jp	茨城県	東海村	2026-09-07	2026-09-10	407	0	7	0	0	21649534
www.city.shimotsuma.lg.jp	茨城県	下妻市	2026-09-07	2026-09-10	405	0	4	0	0	6263935
www.city.kasama.lg.jp	茨城県	笠間市	2026-09-07	2026-09-10	398	0	3	0	0	9357203
www.city.moriya.ibaraki.jp	茨城県	守谷市	2026-09-07	2026-09-10	382	0	5	0	0	9614833
www.city.namegata.ibaraki.jp	茨城県	行方市	2026-09-07	2026-09-10	378	0	16	0	0	6315705
www.city.itako.lg.jp	茨城県	潮来市	2026-09-07	2026-09-10	377	0	12	0	0	10746500
www.town.ibaraki.lg.jp	茨城県	茨城町	2026-09-07	2026-09-10	375	0	1	0	0	27581969
www.city.kamisu.ibaraki.jp	茨城県	神栖市	2026-09-07	2026-09-10	373	0	8	0	0	6379459
www.city.hitachinaka.lg.jp	茨城県	ひたちなか市	2026-09-07	2026-09-10	368	0	1	0	0	15386534
www.vill.miho.lg.jp	茨城県	美浦村	2026-09-07	2026-09-10	362	0	1	0	0	5612201
www.city.chikusei.lg.jp	茨城県	筑西市	2026-09-07	2026-09-10	355	0	10	0	0	9698277
www.town.ibaraki-yachiyo.lg.jp	茨城県	八千代町	2026-09-07	2026-09-10	348	0	17	0	0	4606703
www.town.tone.ibaraki.jp	茨城県	利根町	2026-09-07	2026-09-10	340	0	2	0	0	7581931
www.town.ami.lg.jp	茨城県	阿見町	2026-09-07	2026-09-08	335	0	1	0	0	6449097
www.city.toride.ibaraki.jp	茨城県	取手市	2026-09-07	2026-09-10	333	0	33	0	0	6994128
www.city.inashiki.lg.jp	茨城県	稲敷市	2026-09-07	2026-09-08	314	0	15	0	0	8313791
www.city.ibaraki-koga.lg.jp	茨城県	古河市	2026-09-07	2026-09-10	300	0	4	0	0	12560297
www.town.shirosato.lg.jp	茨城県	城里町	2026-09-07	2026-09-10	299	0	3	0	0	4437955
www.town.ibaraki-kawachi.lg.jp	茨城県	河内町	2026-09-07	2026-09-10	298	0	8	0	0	4946528
www.pref.ibaraki.jp	茨城県	県庁	2026-09-07	2026-09-10	294	0	4	0	0	11017274
www.city.hitachiota.ibaraki.jp	茨城県	常陸太田市	2026-09-07	2026-09-09	289	0	5	0	0	5477611
www.city.tsuchiura.lg.jp	茨城県	土浦市	2026-09-07	2026-09-10	288	0	5	0	0	6985716
www.city.joso.lg.jp	茨城県	常総市	2026-09-07	2026-09-08	282	0	9	0	0	6150560
www.town.oarai.lg.jp	茨城県	大洗町	2026-09-07	2026-09-10	279	0	34	0	0	101297225
www.pref.chiba.lg.jp	千葉県	県庁	2026-09-11	2026-09-11	277	0	4	0	0	7355804
www.town.goka.lg.jp	茨城県	五霞町	2026-09-07	2026-09-10	275	0	5	0	0	4488037
www.city.tsukubamirai.lg.jp	茨城県	つくばみらい市	2026-09-07	2026-09-10	274	0	1	0	0	5508636
www.town.ibaraki-sakai.lg.jp	茨城県	境町	2026-09-07	2026-09-08	272	0	1	0	0	4706648
www.pref.saitama.lg.jp	埼玉県	県庁	2026-09-11	2026-09-11	266	0	6	0	0	6512346
www.pref.tochigi.lg.jp	栃木県	県庁	2026-09-11	2026-09-11	266	0	4	0	0	5352726
www.pref.wakayama.lg.jp	和歌山県	県庁	2026-09-12	2026-09-12	266	0	2	0	0	5180857
www.pref.aichi.jp	愛知県	県庁	2026-09-08	2026-09-10	265	0	2	0	0	6182994
www.pref.shizuoka.jp	静岡県	県庁	2026-09-07	2026-09-10	265	0	1	0	0	7484672
www.kankou-hitachi.jp	茨城県	日立市観光	2026-09-07	2026-09-08	262	0	4	0	0	4655802
www.city.ishioka.lg.jp	茨城県	石岡市	2026-09-07	2026-09-10	261	0	1	0	0	5832981
www.city.omitama.lg.jp	茨城県	小美玉市	2026-09-07	2026-09-08	261	0	11	0	0	27176745
www.city.kitaibaraki.lg.jp	茨城県	北茨城市	2026-09-07	2026-09-08	260	0	28	0	0	4588578
www.city.tsukuba.lg.jp	茨城県	つくば市	2026-09-07	2026-09-10	256	0	10	0	0	15868237
www.pref.mie.lg.jp	三重県	県庁	2026-09-12	2026-09-12	252	0	3	0	0	7054783
www.pref.gifu.lg.jp	岐阜県	県庁	2026-09-12	2026-09-12	251	0	16	0	0	7782705
www.pref.kanagawa.jp	神奈川県	逗子市観光	2026-09-11	2026-09-11	250	0	8	0	0	4457042
www.city.takahagi.ibaraki.jp	茨城県	高萩市	2026-09-07	2026-09-10	225	0	3	0	0	4343195
www.kasumigaura-kankou.jp	茨城県	かすみがうら市観光	2026-09-07	2026-09-08	220	0	26	0	0	2136606
hokota-tpa.org	茨城県	鉾田市観光	2026-09-07	2026-09-08	209	0	1	0	0	27501776
www.city.hokota.lg.jp	茨城県	鉾田市	2026-09-07	2026-09-10	209	0	6	0	0	4590358
www.kankou-sakuragawa.jp	茨城県	桜川市観光	2026-09-07	2026-09-08	209	0	2	0	0	2613948
www.daigo-kanko.jp	茨城県	大子町観光	2026-09-07	2026-09-08	208	0	7	0	0	11099271
www.kyoiku.metro.tokyo.lg.jp	東京都	県庁教委	2026-09-11	2026-09-11	203	0	7	0	0	119783506
www.town.daigo.ibaraki.jp	茨城県	大子町	2026-09-07	2026-09-09	203	0	5	0	0	8435072
www.city.bando.lg.jp	茨城県	坂東市	2026-09-07	2026-09-08	191	0	2	0	0	3463473
www.kitaibarakishi-kankokyokai.gr.jp	茨城県	北茨城市観光	2026-09-07	2026-09-08	182	0	7	0	0	2075158
www.city.sakuragawa.lg.jp	茨城県	桜川市	2026-09-07	2026-09-10	178	0	0	0	0	12084002
www.ishioka-kankou.com	茨城県	石岡市観光	2026-09-07	2026-09-08	171	0	0	0	0	53359560
www.city.kasumigaura.lg.jp	茨城県	かすみがうら市	2026-09-07	2026-09-10	167	0	1	0	0	2220494
www.city.seto.aichi.jp	愛知県	瀬戸市	2026-09-08	2026-09-10	164	0	1	0	0	6762555
www.takahagi-kanko.jp	茨城県	高萩市観光	2026-09-07	2026-09-08	162	0	3	0	0	2724774
ttca.jp	茨城県	つくば市観光	2026-09-07	2026-09-08	156	0	4	0	0	25365540
www.city.nagoya.jp	愛知県	名古屋市	2026-09-08	2026-09-10	151	0	1	0	0	7972514
www.city.inuyama.aichi.jp	愛知県	犬山市	2026-09-08	2026-09-08	150	0	1	0	0	6683249
www.kogakanko.jp	茨城県	古河市観光	2026-09-07	2026-09-08	150	0	4	0	0	10172373
www.city.handa.lg.jp	愛知県	半田市	2026-09-08	2026-09-10	146	0	1	0	0	4779303
www.city.hekinan.lg.jp	愛知県	碧南市	2026-09-08	2026-09-10	140	0	0	0	0	6984603
www.city.anjo.aichi.jp	愛知県	安城市	2026-09-08	2026-09-10	138	0	0	0	0	5007930
www.city.gamagori.lg.jp	愛知県	蒲郡市	2026-09-08	2026-09-10	134	0	1	0	0	4349645
www.city.kosai.shizuoka.jp	静岡県	湖西市	2026-09-08	2026-09-10	132	0	0	0	0	4787223
www.city.tsushima.lg.jp	愛知県	津島市	2026-09-08	2026-09-10	131	0	1	0	0	2093914
www.toride-kankou.net	茨城県	取手市観光	2026-09-07	2026-09-08	131	0	53	0	0	1399991
bandokanko.jp	茨城県	坂東市観光	2026-09-07	2026-09-08	123	0	1	0	0	6305613
okazaki-kanko.jp	愛知県	岡崎市観光	2026-09-08	2026-09-08	109	0	0	0	0	16357455
www.tourismtoyota.jp	愛知県	豊田市観光	2026-09-08	2026-09-08	109	0	0	0	0	69075133
kasugai-kanko.jp	愛知県	春日井市観光	2026-09-08	2026-09-08	108	0	18	0	0	6715533
www.city.nishio.aichi.jp	愛知県	西尾市	2026-09-08	2026-09-10	103	0	1	0	0	2418799
omitan.net	茨城県	小美玉市観光	2026-09-07	2026-09-08	100	0	5	0	0	1445700
www.joso-kankou.com	茨城県	常総市観光	2026-09-07	2026-09-08	100	0	5	0	0	1903350
www.city.kariya.lg.jp	愛知県	刈谷市	2026-09-08	2026-09-10	99	0	1	0	0	3170779
www.town.ashiya.lg.jp	福岡県	芦屋町	2026-09-19	2026-09-19	99	4	3	0	0	2191773
www.city.toyokawa.lg.jp	愛知県	豊川市	2026-09-08	2026-09-10	98	0	0	0	0	7251422
www.honokuni.or.jp	愛知県	豊橋市観光	2026-09-08	2026-09-08	96	0	1	0	0	3333043
www.138ss.com	愛知県	一宮市観光	2026-09-08	2026-09-08	94	0	0	0	0	4133853
mirai-kankou.com	茨城県	つくばみらい市観光	2026-09-07	2026-09-08	91	0	4	0	0	2156278
www.kanko-hitachiota.com	茨城県	常陸太田市観光	2026-09-07	2026-09-08	86	0	5	0	0	1185757
www.town.hisayama.fukuoka.jp	福岡県	久山町	2026-09-19	2026-09-19	83	3	0	0	0	3386786
www.tokoname-kankou.net	愛知県	常滑市観光	2026-09-08	2026-09-08	82	0	5	0	0	4993643
www.oarai-info.jp	茨城県	大洗町観光	2026-09-07	2026-09-08	80	0	11	0	0	4637064
www.city.konan.lg.jp	愛知県	江南市	2026-09-08	2026-09-08	77	0	1	0	0	5476419
www.town.sasaguri.fukuoka.jp	福岡県	篠栗町	2026-09-19	2026-09-19	77	3	0	0	0	2950239
www.chikuseikanko.jp	茨城県	筑西市観光	2026-09-07	2026-09-08	76	0	15	0	0	1021998
www.town.shingu.fukuoka.jp	福岡県	新宮町	2026-09-19	2026-09-19	75	3	0	0	0	3869198
kanko-itoshima.jp	福岡県	糸島市観光	2026-09-19	2026-09-19	73	3	3	0	0	4822071
www.town.shime.lg.jp	福岡県	志免町	2026-09-19	2026-09-19	72	4	3	0	0	1380154
www.city.ichinomiya.aichi.jp	愛知県	一宮市	2026-09-08	2026-09-10	71	0	1	0	0	2309368
www.city.asakura.lg.jp	福岡県	朝倉市	2026-09-19	2026-09-19	70	4	3	0	0	2759341
www.town.sue.fukuoka.jp	福岡県	須恵町	2026-09-19	2026-09-19	69	3	0	0	0	3196984
www.city.nakagawa.lg.jp	福岡県	那珂川市	2026-09-19	2026-09-19	68	4	3	0	0	1703690
www.city.tokoname.aichi.jp	愛知県	常滑市	2026-09-08	2026-09-08	68	0	1	0	0	1563429
town.kotake.lg.jp	福岡県	小竹町	2026-09-19	2026-09-19	67	4	0	6	0	8683843
www.metro.tokyo.lg.jp	東京都	県庁	2026-09-11	2026-09-11	67	0	1	0	0	42664667
www.city.hitachi.lg.jp	茨城県	日立市	2026-09-07	2026-09-08	64	0	1	0	0	2648021
www.town.umi.lg.jp	福岡県	宇美町	2026-09-19	2026-09-19	61	4	3	0	0	1493573
www.toyokawa-map.net	愛知県	豊川市観光	2026-09-08	2026-09-08	60	0	0	0	0	2649228
www.city.omaezaki.shizuoka.jp	静岡県	御前崎市	2026-09-08	2026-09-10	59	0	8	0	0	1815902
www.town.higashiizu.lg.jp	静岡県	東伊豆町	2026-09-08	2026-09-10	59	0	8	0	0	2424235
www.town.kannami.shizuoka.jp	静岡県	函南町	2026-09-08	2026-09-10	59	0	8	0	0	3288745
www.town.nagaizumi.lg.jp	静岡県	長泉町	2026-09-08	2026-09-10	59	0	8	0	0	2968046
www.city.sayama.saitama.jp	埼玉県	狭山市	2026-09-11	2026-09-11	58	0	1	0	0	2083341
www.city.katori.lg.jp	千葉県	香取市	2026-09-11	2026-09-11	57	0	0	0	0	2099179
www.city.toyota.aichi.jp	愛知県	豊田市	2026-09-08	2026-09-10	57	0	1	0	0	2909869
www.town.aikawa.kanagawa.jp	神奈川県	愛川町	2026-09-11	2026-09-11	57	0	0	0	0	3678533
nishiokanko.com	愛知県	西尾市観光	2026-09-08	2026-09-08	56	0	2	0	0	2744589
www.city.aichi-miyoshi.lg.jp	愛知県	みよし市	2026-09-08	2026-09-10	56	0	0	0	0	3051796
www.city.fujimi.saitama.jp	埼玉県	富士見市	2026-09-11	2026-09-11	56	0	1	0	0	1677573
www.city.fukutsu.lg.jp	福岡県	福津市	2026-09-19	2026-09-19	56	3	0	0	0	3383117
www.city.hasuda.saitama.jp	埼玉県	蓮田市	2026-09-11	2026-09-11	56	0	1	0	0	722670
www.city.inagi.tokyo.jp	東京都	稲城市	2026-09-11	2026-09-11	56	0	1	0	0	2162136
www.city.iwakura.aichi.jp	愛知県	岩倉市	2026-09-08	2026-09-10	56	0	1	0	0	1639865
www.city.kasukabe.lg.jp	埼玉県	春日部市	2026-09-11	2026-09-11	56	0	0	0	0	3938069
www.city.kimitsu.lg.jp	千葉県	君津市	2026-09-11	2026-09-11	56	0	1	0	0	1484315
www.city.kokubunji.tokyo.jp	東京都	国分寺市	2026-09-11	2026-09-11	56	0	1	0	0	2116893
www.city.kuki.lg.jp	埼玉県	久喜市	2026-09-11	2026-09-11	56	0	1	0	0	1857938
www.city.machida.tokyo.jp	東京都	町田市	2026-09-11	2026-09-11	56	0	0	0	0	3783126
www.city.okazaki.lg.jp	愛知県	岡崎市	2026-09-08	2026-09-10	56	0	1	0	0	1389821
www.city.oyama.tochigi.jp	栃木県	小山市	2026-09-11	2026-09-11	56	0	0	0	0	2009820
www.city.sabae.fukui.jp	福井県	鯖江市	2026-09-12	2026-09-12	56	0	0	0	0	2057421
www.city.shiojiri.lg.jp	長野県	塩尻市	2026-09-12	2026-09-12	56	0	1	0	0	1726585
www.city.taito.lg.jp	東京都	台東区	2026-09-11	2026-09-11	56	0	1	0	0	1252339
www.city.tochigi.lg.jp	栃木県	栃木市	2026-09-11	2026-09-11	56	0	1	0	0	1652036
www.city.toda.saitama.jp	埼玉県	戸田市	2026-09-11	2026-09-11	56	0	1	0	0	1526102
www.city.yaizu.lg.jp	静岡県	焼津市	2026-09-08	2026-09-10	56	0	1	0	0	1510912
www.vill.nakagawa.nagano.jp	長野県	中川村	2026-09-12	2026-09-12	56	0	1	0	0	1415404
www.city.aizuwakamatsu.fukushima.jp	福島県	会津若松市	2026-09-12	2026-09-12	55	0	1	0	0	1213294
www.city.akishima.lg.jp	東京都	昭島市	2026-09-11	2026-09-11	55	0	2	0	0	1980751
www.city.arakawa.tokyo.jp	東京都	荒川区	2026-09-11	2026-09-11	55	0	0	0	0	2442081
www.city.asaka.lg.jp	埼玉県	朝霞市	2026-09-11	2026-09-11	55	0	1	0	0	1586755
www.city.ayase.kanagawa.jp	神奈川県	綾瀬市	2026-09-11	2026-09-11	55	0	3	0	0	2885956
www.city.bungotakada.oita.jp	大分県	豊後高田市	2026-09-19	2026-09-19	55	2	1	0	0	1404477
www.city.chikushino.fukuoka.jp	福岡県	筑紫野市	2026-09-19	2026-09-19	55	4	3	0	0	1630159
www.city.chino.lg.jp	長野県	茅野市	2026-09-12	2026-09-12	55	0	1	0	0	1898651
www.city.chiyoda.lg.jp	東京都	千代田区	2026-09-11	2026-09-11	55	0	1	0	0	1135439
www.city.chofu.lg.jp	東京都	調布市	2026-09-11	2026-09-11	55	0	0	0	0	1726368
www.city.dazaifu.lg.jp	福岡県	太宰府市	2026-09-19	2026-09-19	55	4	3	0	0	1761304
www.city.edogawa.tokyo.jp	東京都	江戸川区	2026-09-11	2026-09-11	55	0	1	0	0	1220298
www.city.fujimino.saitama.jp	埼玉県	ふじみ野市	2026-09-11	2026-09-11	55	0	0	0	0	3435944
www.city.fukui.lg.jp	福井県	福井市	2026-09-12	2026-09-12	55	0	1	0	0	1797464
www.city.fukuoka.lg.jp	福岡県	福岡市	2026-09-19	2026-09-19	55	4	3	0	0	2709001
www.city.gojo.lg.jp	奈良県	五條市	2026-09-12	2026-09-12	55	0	0	0	0	1987747
www.city.hachioji.tokyo.jp	東京都	八王子市	2026-09-11	2026-09-11	55	0	0	0	0	2256789
www.city.hadano.kanagawa.jp	神奈川県	秦野市	2026-09-11	2026-09-11	55	0	0	0	0	3565228
www.city.hidaka.lg.jp	埼玉県	日高市	2026-09-11	2026-09-11	55	0	0	0	0	2704353
www.city.higashikurume.lg.jp	東京都	東久留米市	2026-09-11	2026-09-11	55	0	0	0	0	2370816
www.city.higashiyamato.lg.jp	東京都	東大和市	2026-09-11	2026-09-11	55	0	1	0	0	2063701
www.city.hikone.lg.jp	滋賀県	彦根市	2026-09-12	2026-09-12	55	0	0	0	0	3614313
www.city.hiratsuka.kanagawa.jp	神奈川県	平塚市	2026-09-11	2026-09-11	55	0	0	0	0	2364223
www.city.hitoyoshi.lg.jp	熊本県	人吉市	2026-09-20	2026-09-20	55	2	2	0	0	4762119
www.city.ichikikushikino.lg.jp	鹿児島県	いちき串木野市	2026-09-20	2026-09-20	55	3	0	0	0	1093817
www.city.iruma.saitama.jp	埼玉県	入間市	2026-09-11	2026-09-11	55	0	0	0	0	2912842
www.city.isumi.lg.jp	千葉県	いすみ市	2026-09-11	2026-09-11	55	0	0	0	0	2267069
www.city.kamagaya.chiba.jp	千葉県	鎌ケ谷市	2026-09-11	2026-09-11	55	0	0	0	0	1318036
www.city.kamakura.kanagawa.jp	神奈川県	鎌倉市	2026-09-11	2026-09-11	55	0	1	0	0	941597
www.city.kashiba.lg.jp	奈良県	香芝市	2026-09-12	2026-09-12	55	0	1	0	0	1433612
www.city.kashiwa.lg.jp	千葉県	柏市	2026-09-11	2026-09-11	55	0	0	0	0	2084535
www.city.kashiwazaki.lg.jp	新潟県	柏崎市	2026-09-12	2026-09-12	55	0	0	0	0	3951140
www.city.kasugai.lg.jp	愛知県	春日井市	2026-09-08	2026-09-10	55	0	1	0	0	856605
www.city.kitamoto.lg.jp	埼玉県	北本市	2026-09-11	2026-09-11	55	0	0	0	0	2756536
www.city.kitanagoya.lg.jp	愛知県	北名古屋市	2026-09-08	2026-09-10	55	0	1	0	0	1616022
www.city.komaki.aichi.jp	愛知県	小牧市	2026-09-08	2026-09-10	55	0	0	0	0	3323110
www.city.koto.lg.jp	東京都	江東区	2026-09-11	2026-09-11	55	0	1	0	0	1097816
www.city.kunisaki.oita.jp	大分県	国東市	2026-09-19	2026-09-19	55	2	1	0	0	1782976
www.city.matsumoto.nagano.jp	長野県	松本市	2026-09-12	2026-09-12	55	0	1	0	0	1896354
www.city.minamikyushu.lg.jp	鹿児島県	南九州市	2026-09-20	2026-09-20	55	2	0	0	0	3323780
www.city.minamishimabara.lg.jp	長崎県	南島原市	2026-09-19	2026-09-19	55	2	1	0	0	6948853
www.city.minato.tokyo.jp	東京都	港区	2026-09-11	2026-09-11	55	0	0	0	0	10659885
www.city.miyakonojo.miyazaki.jp	宮崎県	都城市	2026-09-20	2026-09-20	55	2	1	0	0	1610493
www.city.miyawaka.lg.jp	福岡県	宮若市	2026-09-19	2026-09-19	55	4	30	0	0	5165860
www.city.musashimurayama.lg.jp	東京都	武蔵村山市	2026-09-11	2026-09-11	55	0	1	0	0	1065804
www.city.nagakute.lg.jp	愛知県	長久手市	2026-09-08	2026-09-10	55	0	0	0	0	3765912
www.city.nagaoka.niigata.jp	新潟県	長岡市	2026-09-12	2026-09-12	55	0	0	0	0	1805127
www.city.narashino.lg.jp	千葉県	習志野市	2026-09-11	2026-09-11	55	0	0	0	0	3359320
www.city.niiza.lg.jp	埼玉県	新座市	2026-09-11	2026-09-11	55	0	1	0	0	1799470
www.city.nikko.lg.jp	栃木県	日光市	2026-09-11	2026-09-11	55	0	1	0	0	2362720
www.city.nishinoomote.lg.jp	鹿児島県	西之表市	2026-09-20	2026-09-20	55	3	0	0	0	1186563
www.city.nishitokyo.lg.jp	東京都	西東京市	2026-09-11	2026-09-11	55	0	1	0	0	1384826
www.city.nisshin.lg.jp	愛知県	日進市	2026-09-08	2026-09-10	55	0	1	0	0	2274721
www.city.omura.nagasaki.jp	長崎県	大村市	2026-09-19	2026-09-19	55	4	1	0	0	1000397
www.city.ota.tokyo.jp	東京都	大田区	2026-09-11	2026-09-11	55	0	0	0	0	3012704
www.city.sado.niigata.jp	新潟県	佐渡市	2026-09-12	2026-09-12	55	0	1	0	0	2003782
www.city.sagamihara.kanagawa.jp	神奈川県	相模原市	2026-09-11	2026-09-11	55	0	1	0	0	2995492
www.city.saikai.nagasaki.jp	長崎県	西海市	2026-09-19	2026-09-19	55	2	0	0	0	2011517
www.city.sammu.lg.jp	千葉県	山武市	2026-09-11	2026-09-11	55	0	1	0	0	1785388
www.city.sanjo.niigata.jp	新潟県	三条市	2026-09-12	2026-09-12	55	0	1	0	0	2654496
www.city.satsumasendai.lg.jp	鹿児島県	薩摩川内市	2026-09-20	2026-09-20	55	3	0	0	0	3186260
www.city.shibata.lg.jp	新潟県	新発田市	2026-09-12	2026-09-12	55	0	1	0	0	1149493
www.city.shibuya.tokyo.jp	東京都	渋谷区	2026-09-11	2026-09-11	55	0	1	0	0	6642244
www.city.shiga-konan.lg.jp	滋賀県	湖南市	2026-09-12	2026-09-12	55	0	0	0	0	3293775
www.city.shiki.lg.jp	埼玉県	志木市	2026-09-11	2026-09-11	55	0	1	0	0	1623254
www.city.shimabara.lg.jp	長崎県	島原市	2026-09-19	2026-09-19	55	2	1	0	0	19784104
www.city.shinshiro.lg.jp	愛知県	新城市	2026-09-08	2026-09-10	55	0	1	0	0	2469869
www.city.shiroi.chiba.jp	千葉県	白井市	2026-09-11	2026-09-11	55	0	0	0	0	3033591
www.city.suginami.tokyo.jp	東京都	杉並区	2026-09-11	2026-09-11	55	0	1	0	0	2389924
www.city.tachikawa.lg.jp	東京都	立川市	2026-09-11	2026-09-11	55	0	1	0	0	2770668
www.city.tainai.niigata.jp	新潟県	胎内市	2026-09-12	2026-09-12	55	0	1	0	0	865900
www.city.tajimi.lg.jp	岐阜県	多治見市	2026-09-12	2026-09-12	55	0	1	0	0	2178723
www.city.tama.lg.jp	東京都	多摩市	2026-09-11	2026-09-11	55	0	1	0	0	1593393
www.city.tarumizu.lg.jp	鹿児島県	垂水市	2026-09-20	2026-09-20	55	3	14	0	0	1089726
www.city.tokyo-nakano.lg.jp	東京都	中野区	2026-09-11	2026-09-11	55	0	1	0	0	1204454
www.city.toyohashi.lg.jp	愛知県	豊橋市	2026-09-08	2026-09-10	55	0	1	0	0	3497486
www.city.tsurugashima.lg.jp	埼玉県	鶴ヶ島市	2026-09-11	2026-09-11	55	0	0	0	0	1651611
www.city.uonuma.lg.jp	新潟県	魚沼市	2026-09-12	2026-09-12	55	0	1	0	0	2522679
www.city.utsunomiya.lg.jp	栃木県	宇都宮市	2026-09-11	2026-09-11	55	0	1	0	0	1742184
www.city.wako.lg.jp	埼玉県	和光市	2026-09-11	2026-09-11	55	0	1	0	0	2887124
www.city.warabi.saitama.jp	埼玉県	蕨市	2026-09-11	2026-09-11	55	0	1	0	0	1607808
www.city.yachimata.lg.jp	千葉県	八街市	2026-09-11	2026-09-11	55	0	1	0	0	1636294
www.city.yamato.lg.jp	神奈川県	大和市	2026-09-11	2026-09-11	55	0	0	0	0	2896702
www.city.yamatotakada.nara.jp	奈良県	大和高田市	2026-09-12	2026-09-12	55	0	0	0	0	2580113
www.city.yotsukaido.chiba.jp	千葉県	四街道市	2026-09-11	2026-09-11	55	0	1	0	0	1158023
www.city.yufu.oita.jp	大分県	由布市	2026-09-19	2026-09-19	55	2	7	0	0	2731630
www.city.zama.kanagawa.jp	神奈川県	座間市	2026-09-11	2026-09-11	55	0	1	0	0	1877438
www.higashikushira.com	鹿児島県	東串良町	2026-09-20	2026-09-20	55	3	2	0	0	1061824
www.inacity.jp	長野県	伊那市	2026-09-12	2026-09-12	55	0	1	0	0	1468035
www.kariya-guide.com	愛知県	刈谷市観光	2026-09-08	2026-09-08	55	0	1	0	0	1356415
www.kawauchimura.jp	福島県	川内村	2026-09-12	2026-09-12	55	0	1	0	0	821385
www.odaitown.jp	三重県	大台町	2026-09-12	2026-09-12	55	0	0	0	0	2012902
www.sazacho-nagasaki.jp	長崎県	佐々町	2026-09-19	2026-09-19	55	2	1	0	0	3991559
www.tomioka-town.jp	福島県	富岡町	2026-09-12	2026-09-12	55	0	1	0	0	1344834
www.town-kawasaki.com	福岡県	川崎町	2026-09-19	2026-09-19	55	2	0	0	0	4060348
www.town.aga.niigata.jp	新潟県	阿賀町	2026-09-12	2026-09-12	55	0	0	0	0	3376909
www.town.aichi-togo.lg.jp	愛知県	東郷町	2026-09-08	2026-09-10	55	0	0	0	0	3109821
www.town.aizumisato.fukushima.jp	福島県	会津美里町	2026-09-12	2026-09-12	55	0	0	0	0	1620993
www.town.aya.miyazaki.jp	宮崎県	綾町	2026-09-20	2026-09-20	55	2	7	0	0	1401718
www.town.chiyoda.gunma.jp	群馬県	千代田町	2026-09-12	2026-09-12	55	0	1	0	0	1018269
www.town.fukuchi.lg.jp	福岡県	福智町	2026-09-19	2026-09-19	55	3	0	0	0	1850993
www.town.fukui-wakasa.lg.jp	福井県	若狭町	2026-09-12	2026-09-12	55	0	0	0	0	2315039
www.town.furudono.fukushima.jp	福島県	古殿町	2026-09-12	2026-09-12	55	0	0	0	0	1041091
www.town.hatoyama.saitama.jp	埼玉県	鳩山町	2026-09-11	2026-09-11	55	0	1	0	0	1022518
www.town.hayama.lg.jp	神奈川県	葉山町	2026-09-11	2026-09-11	55	0	0	0	0	2182078
www.town.hiji.lg.jp	大分県	日出町	2026-09-19	2026-09-19	55	2	0	0	0	2698865
www.town.hirogawa.wakayama.jp	和歌山県	広川町	2026-09-12	2026-09-12	55	0	1	0	0	819814
www.town.hirono.fukushima.jp	福島県	広野町	2026-09-12	2026-09-12	55	0	1	0	0	1322289
www.town.ichikawamisato.yamanashi.jp	山梨県	市川三郷町	2026-09-12	2026-09-12	55	0	1	0	0	1049117
www.town.kamitonda.lg.jp	和歌山県	上富田町	2026-09-12	2026-09-12	55	0	0	0	0	1362966
www.town.kanmaki.nara.jp	奈良県	上牧町	2026-09-12	2026-09-12	55	0	0	0	0	2447609
www.town.kanna.gunma.jp	群馬県	神流町	2026-09-12	2026-09-12	55	0	0	0	0	2474522
www.town.kasamatsu.gifu.jp	岐阜県	笠松町	2026-09-12	2026-09-12	55	0	1	0	0	654859
www.town.kawagoe.mie.jp	三重県	川越町	2026-09-12	2026-09-12	55	0	1	0	0	1148064
www.town.kawai.nara.jp	奈良県	河合町	2026-09-12	2026-09-12	55	0	1	0	0	2401540
www.town.kiho.lg.jp	三重県	紀宝町	2026-09-12	2026-09-12	55	0	3	0	0	2620330
www.town.kikai.lg.jp	鹿児島県	喜界町	2026-09-20	2026-09-20	55	2	1	0	0	894012
www.town.kinko.lg.jp	鹿児島県	錦江町	2026-09-20	2026-09-20	55	3	1	0	0	1054831
www.town.kitagata.gifu.jp	岐阜県	北方町	2026-09-12	2026-09-12	55	0	0	0	0	3194173
www.town.koge.lg.jp	福岡県	上毛町	2026-09-19	2026-09-19	55	3	0	0	0	1833813
www.town.kumamoto-takamori.lg.jp	熊本県	高森町	2026-09-20	2026-09-20	55	2	1	0	0	1259712
www.town.kurate.lg.jp	福岡県	鞍手町	2026-09-19	2026-09-19	55	4	3	0	0	934475
www.town.mihama.mie.jp	三重県	御浜町	2026-09-12	2026-09-12	55	0	0	0	0	1562768
www.town.minakami.gunma.jp	群馬県	みなかみ町	2026-09-12	2026-09-12	55	0	1	0	0	1294443
www.town.minamiaizu.lg.jp	福島県	南会津町	2026-09-12	2026-09-12	55	0	0	0	0	2030882
www.town.minamitane.kagoshima.jp	鹿児島県	南種子町	2026-09-20	2026-09-20	55	2	66	0	0	987800
www.town.miyake.lg.jp	奈良県	三宅町	2026-09-12	2026-09-12	55	0	2	0	0	1145695
www.town.miyota.nagano.jp	長野県	御代田町	2026-09-12	2026-09-12	55	0	3	0	0	4654181
www.town.nagasu.lg.jp	熊本県	長洲町	2026-09-20	2026-09-20	55	2	1	0	0	2304337
www.town.nakai.kanagawa.jp	神奈川県	中井町	2026-09-11	2026-09-11	55	0	0	0	0	2960079
www.town.namegawa.saitama.jp	埼玉県	滑川町	2026-09-11	2026-09-11	55	0	0	0	0	2375196
www.town.nankan.lg.jp	熊本県	南関町	2026-09-20	2026-09-20	55	2	1	0	0	909254
www.town.ogawa.saitama.jp	埼玉県	小川町	2026-09-11	2026-09-11	55	0	0	0	0	3122873
www.town.oiso.kanagawa.jp	神奈川県	大磯町	2026-09-11	2026-09-11	55	0	0	0	0	2569909
www.town.ojika.lg.jp	長崎県	小値賀町	2026-09-19	2026-09-19	55	2	0	0	0	876310
www.town.okutama.tokyo.jp	東京都	奥多摩町	2026-09-11	2026-09-11	55	0	0	0	0	870135
www.town.saitama-miyoshi.lg.jp	埼玉県	三芳町	2026-09-11	2026-09-11	55	0	1	0	0	1230454
www.town.sakae.chiba.jp	千葉県	栄町	2026-09-11	2026-09-11	55	0	1	0	0	898532
www.town.sakahogi.gifu.jp	岐阜県	坂祝町	2026-09-12	2026-09-12	55	0	0	0	0	1994447
www.town.shintomi.lg.jp	宮崎県	新富町	2026-09-20	2026-09-20	55	3	0	0	0	3649710
www.town.shisui.chiba.jp	千葉県	酒々井町	2026-09-11	2026-09-11	55	0	0	0	0	819042
www.town.soeda.fukuoka.jp	福岡県	添田町	2026-09-19	2026-09-19	55	2	1	0	0	1442060
www.town.sugito.lg.jp	埼玉県	杉戸町	2026-09-11	2026-09-11	55	0	2	0	0	1288638
www.town.taiki.mie.jp	三重県	大紀町	2026-09-12	2026-09-12	55	0	0	0	0	2258445
www.town.takahama.fukui.jp	福井県	高浜町	2026-09-12	2026-09-12	55	0	1	0	0	1176275
www.town.takanabe.lg.jp	宮崎県	高鍋町	2026-09-20	2026-09-20	55	2	0	0	0	2232947
www.town.takanezawa.tochigi.jp	栃木県	高根沢町	2026-09-11	2026-09-11	55	0	2	0	0	1478485
www.town.tatsuno.lg.jp	長野県	辰野町	2026-09-12	2026-09-12	55	0	0	0	0	2001296
www.town.toin.lg.jp	三重県	東員町	2026-09-12	2026-09-12	55	0	0	0	0	2538016
www.town.yokoze.saitama.jp	埼玉県	横瀬町	2026-09-11	2026-09-11	55	0	0	0	0	2740876
www.town.yorii.saitama.jp	埼玉県	寄居町	2026-09-11	2026-09-11	55	0	1	0	0	1241295
www.town.yoshimi.saitama.jp	埼玉県	吉見町	2026-09-11	2026-09-11	55	0	0	0	0	2310098
www.town.yoshinogari.lg.jp	佐賀県	吉野ヶ里町	2026-09-19	2026-09-19	55	2	0	0	0	1306443
www.town.yoshitomi.lg.jp	福岡県	吉富町	2026-09-19	2026-09-19	55	3	3	0	0	1099274
www.uken.net	鹿児島県	宇検村	2026-09-20	2026-09-20	55	3	1	0	0	1080479
www.vill.hakuba.lg.jp	長野県	白馬村	2026-09-12	2026-09-12	55	0	0	0	0	2518986
www.vill.hara.lg.jp	長野県	原村	2026-09-12	2026-09-12	55	0	4	0	0	1202018
www.vill.higashishirakawa.gifu.jp	岐阜県	東白川村	2026-09-12	2026-09-12	55	0	1	0	0	1962380
www.vill.izumizaki.fukushima.jp	福島県	泉崎村	2026-09-12	2026-09-12	55	0	1	0	0	1010327
www.vill.kamikitayama.nara.jp	奈良県	上北山村	2026-09-12	2026-09-12	55	0	0	0	0	2565166
www.vill.kijimadaira.lg.jp	長野県	木島平村	2026-09-12	2026-09-12	55	0	1	0	0	1296910
www.vill.nosegawa.nara.jp	奈良県	野迫川村	2026-09-12	2026-09-12	55	0	0	0	0	1050651
www.vill.otama.fukushima.jp	福島県	大玉村	2026-09-12	2026-09-12	55	0	0	0	0	1692822
www.vill.samegawa.fukushima.jp	福島県	鮫川村	2026-09-12	2026-09-12	55	0	0	0	0	1116225
www.vill.takagi.lg.jp	長野県	喬木村	2026-09-12	2026-09-12	55	0	0	0	0	1610883
www.vill.yamato.lg.jp	鹿児島県	大和村	2026-09-20	2026-09-20	55	3	1	0	0	1056783
www.vill.yugawa.fukushima.jp	福島県	湯川村	2026-09-12	2026-09-12	55	0	11	0	0	1462021
www.village.ikusaka.nagano.jp	長野県	生坂村	2026-09-12	2026-09-12	55	0	2	0	0	942154
www.yoron.jp	鹿児島県	与論町	2026-09-20	2026-09-20	55	2	1	0	0	5249093
www.city.fujioka.gunma.jp	群馬県	藤岡市	2026-09-12	2026-09-12	54	0	0	0	0	2674102
www.city.iizuka.lg.jp	福岡県	飯塚市	2026-09-19	2026-09-19	54	4	3	0	0	1964626
www.city.kuwana.lg.jp	三重県	桑名市	2026-09-12	2026-09-12	54	0	2	0	0	1445780
www.city.odawara.kanagawa.jp	神奈川県	小田原市	2026-09-11	2026-09-11	54	0	0	0	0	8749785
www.city.zushi.kanagawa.jp	神奈川県	逗子市	2026-09-11	2026-09-11	54	0	1	0	0	1553032
www.kanko-komono.com	三重県	菰野町観光	2026-09-12	2026-09-12	54	0	0	0	0	6741864
www.town-takachiho.jp	宮崎県	高千穂町	2026-09-20	2026-09-20	54	2	0	0	0	2169007
www.town.keisen.fukuoka.jp	福岡県	桂川町	2026-09-19	2026-09-19	54	2	0	0	0	630936
www.town.meiwa.gunma.jp	群馬県	明和町	2026-09-12	2026-09-12	54	0	0	0	0	3153659
www.town.meiwa.mie.jp	三重県	明和町	2026-09-12	2026-09-12	54	0	0	0	0	2720164
www.town.nanbu.yamanashi.jp	山梨県	南部町	2026-09-12	2026-09-12	54	0	5	0	0	1001843
www.town.yanaizu.fukushima.jp	福島県	柳津町	2026-09-12	2026-09-12	54	0	1	0	0	1307993
asukamura.jp	奈良県	明日香村	2026-09-12	2026-09-12	53	0	0	0	0	1840510
kimotsuki-town.jp	鹿児島県	肝付町	2026-09-20	2026-09-20	53	2	0	0	0	1593667
www.city-kirishima.jp	鹿児島県	霧島市	2026-09-20	2026-09-20	53	2	1	0	0	1157034
www.city.arida.lg.jp	和歌山県	有田市	2026-09-12	2026-09-12	53	0	1	0	0	912372
www.city.fuchu.tokyo.jp	東京都	府中市	2026-09-11	2026-09-11	53	0	1	0	0	1029118
www.city.fujiyoshida.yamanashi.jp	山梨県	富士吉田市	2026-09-12	2026-09-12	53	0	1	0	0	1247912
www.city.kakegawa.shizuoka.jp	静岡県	掛川市	2026-09-08	2026-09-10	53	0	1	0	0	1923438
www.city.kasuga.fukuoka.jp	福岡県	春日市	2026-09-19	2026-09-19	53	8	3	44	0	994347
www.city.kisarazu.lg.jp	千葉県	木更津市	2026-09-11	2026-09-11	53	0	0	0	0	3164934
www.city.kobayashi.lg.jp	宮崎県	小林市	2026-09-20	2026-09-20	53	3	0	0	0	5174906
www.city.komae.tokyo.jp	東京都	狛江市	2026-09-11	2026-09-11	53	0	1	0	0	4814635
www.city.nakano.nagano.jp	長野県	中野市	2026-09-12	2026-09-12	53	0	0	0	0	1514440
www.city.obu.aichi.jp	愛知県	大府市	2026-09-08	2026-09-10	53	0	1	0	0	1423736
www.city.okegawa.lg.jp	埼玉県	桶川市	2026-09-11	2026-09-11	53	0	1	0	0	3383843
www.city.otsuki.yamanashi.jp	山梨県	大月市	2026-09-12	2026-09-12	53	0	1	0	0	2669872
www.city.shiraoka.lg.jp	埼玉県	白岡市	2026-09-11	2026-09-11	53	0	1	0	0	2562109
www.city.yashio.lg.jp	埼玉県	八潮市	2026-09-11	2026-09-11	53	0	1	0	0	912934
www.town.aichi-higashiura.lg.jp	愛知県	東浦町	2026-09-08	2026-09-10	53	0	0	0	0	2583726
www.town.gokase.miyazaki.jp	宮崎県	五ヶ瀬町	2026-09-20	2026-09-20	53	2	0	0	0	1573812
www.town.hachijo.tokyo.jp	東京都	八丈町	2026-09-11	2026-09-11	53	0	1	0	0	5278163
www.town.minamiizu.shizuoka.jp	静岡県	南伊豆町	2026-09-08	2026-09-10	53	0	0	0	0	1329410
www.town.minowa.lg.jp	長野県	箕輪町	2026-09-12	2026-09-12	53	0	0	0	0	3160182
www.town.mizuho.tokyo.jp	東京都	瑞穂町	2026-09-11	2026-09-11	53	0	1	0	0	4127543
www.town.moroyama.saitama.jp	埼玉県	毛呂山町	2026-09-11	2026-09-11	53	0	0	0	0	2701917
www.town.nagomi.lg.jp	熊本県	和水町	2026-09-20	2026-09-20	53	2	1	0	0	2178040
www.town.okuma.fukushima.jp	福島県	大熊町	2026-09-12	2026-09-12	53	0	1	0	0	1503399
www.town.taragi.lg.jp	熊本県	多良木町	2026-09-20	2026-09-20	53	4	0	0	0	2247731
www.vill.okuwa.lg.jp	長野県	大桑村	2026-09-12	2026-09-12	53	0	1	0	0	809328
www.city.ebino.lg.jp	宮崎県	えびの市	2026-09-20	2026-09-20	52	2	0	0	0	2418369
www.city.fuji.shizuoka.jp	静岡県	富士市	2026-09-08	2026-09-10	52	0	6	0	0	3172511
www.city.gobo.lg.jp	和歌山県	御坊市	2026-09-12	2026-09-12	52	0	0	0	0	2070313
www.city.itabashi.tokyo.jp	東京都	板橋区	2026-09-11	2026-09-11	52	0	1	0	0	1314341
www.city.kanoya.lg.jp	鹿児島県	鹿屋市	2026-09-20	2026-09-20	52	2	1	0	0	1738680
www.city.minami-alps.yamanashi.jp	山梨県	南アルプス市	2026-09-12	2026-09-12	52	0	0	0	0	1537768
www.city.shibukawa.lg.jp	群馬県	渋川市	2026-09-12	2026-09-12	52	0	0	0	0	10930374
www.city.tahara.aichi.jp	愛知県	田原市	2026-09-08	2026-09-10	52	0	1	0	0	1523982
www.city.takashima.lg.jp	滋賀県	高島市	2026-09-12	2026-09-12	52	0	0	0	0	3360961
www.city.tenri.nara.jp	奈良県	天理市	2026-09-12	2026-09-12	52	0	0	0	0	2279555
www.city.tomi.nagano.jp	長野県	東御市	2026-09-12	2026-09-12	52	0	8	0	0	2975901
www.town.iijima.lg.jp	長野県	飯島町	2026-09-12	2026-09-12	52	0	0	0	0	2351189
www.town.kawanehon.shizuoka.jp	静岡県	川根本町	2026-09-08	2026-09-10	52	0	0	0	0	2582443
www.town.taki.mie.jp	三重県	多気町	2026-09-12	2026-09-12	52	0	0	0	0	1752876
www.town.wadomari.lg.jp	鹿児島県	和泊町	2026-09-20	2026-09-20	52	3	1	0	0	1378621
www.town.yoshioka.lg.jp	群馬県	吉岡町	2026-09-12	2026-09-12	52	0	1	0	0	1504688
www.tsuchiura-kankou.jp	茨城県	土浦市観光	2026-09-07	2026-09-08	52	0	1	0	0	3483773
www.vill.narusawa.yamanashi.jp	山梨県	鳴沢村	2026-09-12	2026-09-12	52	0	0	0	0	432066
www.vill.showa.gunma.jp	群馬県	昭和村	2026-09-12	2026-09-12	52	0	1	0	0	985136
www.city.hanyu.lg.jp	埼玉県	羽生市	2026-09-11	2026-09-11	51	0	0	0	0	1086683
www.city.katsuragi.nara.jp	奈良県	葛城市	2026-09-12	2026-09-12	51	0	1	0	0	2665846
www.city.meguro.tokyo.jp	東京都	目黒区	2026-09-11	2026-09-11	51	0	0	0	0	2164996
www.city.nara.lg.jp	奈良県	奈良市	2026-09-12	2026-09-12	51	0	1	0	0	1737394
www.city.oita.oita.jp	大分県	大分市	2026-09-19	2026-09-19	51	2	0	0	0	3119506
www.city.shimoda.shizuoka.jp	静岡県	下田市	2026-09-08	2026-09-10	51	0	9	0	0	2099639
www.city.sukagawa.fukushima.jp	福島県	須賀川市	2026-09-12	2026-09-12	51	0	0	0	0	3258247
www.city.tamura.lg.jp	福島県	田村市	2026-09-12	2026-09-12	51	0	1	0	0	1417944
www.town.higashisonogi.lg.jp	長崎県	東彼杵町	2026-09-19	2026-09-19	51	2	0	0	0	3462492
www.town.oshima.tokyo.jp	東京都	大島町	2026-09-11	2026-09-11	51	0	3	0	0	793396
www.uenomura.jp	群馬県	上野村	2026-09-12	2026-09-12	51	0	2	0	0	1512336
www1.city.obama.fukui.jp	福井県	小浜市	2026-09-12	2026-09-12	51	0	1	0	0	985358
www.city.ise.mie.jp	三重県	伊勢市	2026-09-12	2026-09-12	50	0	1	0	0	5662995
www.city.kamo.niigata.jp	新潟県	加茂市	2026-09-12	2026-09-12	50	0	1	0	0	970492
www.city.tsuru.yamanashi.jp	山梨県	都留市	2026-09-12	2026-09-12	50	0	0	0	0	1733244
www.city.uenohara.yamanashi.jp	山梨県	上野原市	2026-09-12	2026-09-12	50	0	1	0	0	1589286
www.city.yukuhashi.fukuoka.jp	福岡県	行橋市	2026-09-19	2026-09-19	50	4	3	0	0	1445678
www.kouratown.jp	滋賀県	甲良町	2026-09-12	2026-09-12	50	0	1	0	0	1550981
www.town.mutsuzawa.chiba.jp	千葉県	睦沢町	2026-09-11	2026-09-11	50	0	1	0	0	1346298
www.town.otaki.chiba.jp	千葉県	大多喜町	2026-09-11	2026-09-11	50	0	0	0	0	2525867
www.town.shimizu.shizuoka.jp	静岡県	清水町	2026-09-08	2026-09-10	50	0	7	0	0	793797
www.vill.chikuhoku.lg.jp	長野県	筑北村	2026-09-12	2026-09-12	50	0	2	0	0	807125
www.vill.kosuge.yamanashi.jp	山梨県	小菅村	2026-09-12	2026-09-12	50	0	4	0	0	2721908
www.vill.nishigo.fukushima.jp	福島県	西郷村	2026-09-12	2026-09-12	50	0	2	0	0	2450500
www.city.buzen.lg.jp	福岡県	豊前市	2026-09-19	2026-09-19	49	5	18	0	0	582372
www.city.fujisawa.kanagawa.jp	神奈川県	藤沢市	2026-09-11	2026-09-11	49	0	0	0	0	2186903
www.city.kiyose.lg.jp	東京都	清瀬市	2026-09-11	2026-09-11	49	0	1	0	0	1532978
www.city.koganei.lg.jp	東京都	小金井市	2026-09-11	2026-09-11	49	0	1	0	0	1885786
www.city.kumagaya.lg.jp	埼玉県	熊谷市	2026-09-11	2026-09-11	49	0	1	0	0	1178347
www.city.shimada.shizuoka.jp	静岡県	島田市	2026-09-08	2026-09-10	49	0	1	0	0	1671415
www.city.tanabe.lg.jp	和歌山県	田辺市	2026-09-12	2026-09-12	49	0	0	0	0	3238020
www.city.tokorozawa.saitama.jp	埼玉県	所沢市	2026-09-11	2026-09-11	49	0	1	0	0	1201848
www.town.kagoshima-osaki.lg.jp	鹿児島県	大崎町	2026-09-20	2026-09-20	49	3	1	0	0	773269
www.town.kamikawa.saitama.jp	埼玉県	神川町	2026-09-11	2026-09-11	49	0	0	0	0	1894159
www.town.kanra.lg.jp	群馬県	甘楽町	2026-09-12	2026-09-12	49	0	1	0	0	562621
www.town.kumamoto-oguni.lg.jp	熊本県	小国町	2026-09-20	2026-09-20	49	2	4	0	0	82223294
www.city.bunkyo.lg.jp	東京都	文京区	2026-09-11	2026-09-11	48	0	0	0	0	1677383
www.city.fukushima.fukushima.jp	福島県	福島市	2026-09-12	2026-09-12	48	0	0	0	0	3713086
www.city.isehara.kanagawa.jp	神奈川県	伊勢原市	2026-09-11	2026-09-11	48	0	0	0	0	814567
www.city.kagoshima.lg.jp	鹿児島県	鹿児島市	2026-09-20	2026-09-20	48	3	0	0	0	2006529
www.city.koshu.yamanashi.jp	山梨県	甲州市	2026-09-12	2026-09-12	48	0	1	0	0	2380595
www.city.omihachiman.lg.jp	滋賀県	近江八幡市	2026-09-12	2026-09-12	48	0	0	0	0	2352381
www.city.tsukumi.oita.jp	大分県	津久見市	2026-09-19	2026-09-19	48	2	3	0	0	1210343
www.nirasaki-kankou.jp	山梨県	韮崎市観光	2026-09-12	2026-09-12	48	0	0	0	0	2324046
www.tochigi-kankou.or.jp	栃木県	栃木市観光	2026-09-11	2026-09-11	48	0	1	0	0	2940142
www.tokunoshima-kanko.com	鹿児島県	徳之島町観光	2026-09-20	2026-09-20	48	4	8	0	0	4672976
www.town.nagano-takamori.lg.jp	長野県	高森町	2026-09-12	2026-09-12	48	0	1	0	0	862002
www.town.tochigi-haga.lg.jp	栃木県	芳賀町	2026-09-11	2026-09-11	48	0	0	0	0	676556
www.town.yamanouchi.nagano.jp	長野県	山ノ内町	2026-09-12	2026-09-12	48	0	0	0	0	1767697
www.city-nakatsu.jp	大分県	中津市	2026-09-19	2026-09-19	47	2	1	0	0	1114988
www.city.hamamatsu.shizuoka.jp	静岡県	浜松市	2026-09-08	2026-09-10	47	0	0	0	0	769295
www.city.isesaki.lg.jp	群馬県	伊勢崎市	2026-09-12	2026-09-12	47	0	0	0	0	2354415
www.city.kurume.fukuoka.jp	福岡県	久留米市	2026-09-19	2026-09-19	47	4	3	0	0	2221263
www.city.moka.lg.jp	栃木県	真岡市	2026-09-11	2026-09-11	47	0	0	0	0	3692933
www.city.nakatsugawa.lg.jp	岐阜県	中津川市	2026-09-12	2026-09-12	47	0	0	0	0	2641434
www.city.otsu.lg.jp	滋賀県	大津市	2026-09-12	2026-09-12	47	0	0	0	0	3770526
www.town.aichi-mihama.lg.jp	愛知県	美浜町	2026-09-08	2026-09-10	47	0	0	0	0	2666523
www.town.setouchi.lg.jp	鹿児島県	瀬戸内町	2026-09-20	2026-09-20	47	3	2	0	0	903160
www.town.shimogo.fukushima.jp	福島県	下郷町	2026-09-12	2026-09-12	47	0	0	0	0	1577630
www.city.fujinomiya.lg.jp	静岡県	富士宮市	2026-09-08	2026-09-10	46	0	6	0	0	1268684
www.city.kunitachi.tokyo.jp	東京都	国立市	2026-09-11	2026-09-11	46	0	0	0	0	2996480
www.city.nihonmatsu.lg.jp	福島県	二本松市	2026-09-12	2026-09-12	46	0	2	0	0	853425
www.city.niigata.lg.jp	新潟県	新潟市	2026-09-12	2026-09-12	46	0	1	0	0	1197196
www.city.nogata.fukuoka.jp	福岡県	直方市	2026-09-19	2026-09-19	46	3	0	0	0	1741965
www.city.wakayama.wakayama.jp	和歌山県	和歌山市	2026-09-12	2026-09-12	46	0	1	0	0	1629035
www.town.kasuya.fukuoka.jp	福岡県	粕屋町	2026-09-19	2026-09-19	46	3	0	0	0	777734
www.town.kijo.lg.jp	宮崎県	木城町	2026-09-20	2026-09-20	46	2	0	0	0	2414782
www.town.tamamura.lg.jp	群馬県	玉村町	2026-09-12	2026-09-12	46	0	0	0	0	749883
www.vill.takayama.gunma.jp	群馬県	高山村	2026-09-12	2026-09-12	46	0	1	0	0	1178633
kizuna.town.tamaki.mie.jp	三重県	玉城町	2026-09-12	2026-09-12	45	0	0	0	0	717014
okagaki-kankou.com	福岡県	岡垣町観光	2026-09-19	2026-09-19	45	4	0	0	0	2885552
www.city.abiko.chiba.jp	千葉県	我孫子市	2026-09-11	2026-09-11	45	0	1	0	0	940686
www.city.fukui-sakai.lg.jp	福井県	坂井市	2026-09-12	2026-09-12	45	0	3	0	0	1414324
www.city.fukuroi.shizuoka.jp	静岡県	袋井市	2026-09-08	2026-09-10	45	0	0	0	0	2329568
www.city.hino.lg.jp	東京都	日野市	2026-09-11	2026-09-11	45	0	1	0	0	1121010
www.city.yanagawa.fukuoka.jp	福岡県	柳川市	2026-09-19	2026-09-19	45	4	3	0	0	1216893
www.city.yasu.lg.jp	滋賀県	野洲市	2026-09-12	2026-09-12	45	0	0	0	0	2801905
www.town.chonan.chiba.jp	千葉県	長南町	2026-09-11	2026-09-11	45	0	1	0	0	1967106
www.town.morimachi.shizuoka.jp	静岡県	森町	2026-09-08	2026-09-10	45	0	8	0	0	1414315
www.town.shinano.lg.jp	長野県	信濃町	2026-09-12	2026-09-12	45	0	1	0	0	1160730
www.ubuyama-v.jp	熊本県	産山村	2026-09-20	2026-09-20	45	3	0	0	0	1995974
www.city.arao.lg.jp	熊本県	荒尾市	2026-09-20	2026-09-20	44	2	1	0	0	1208425
www.city.katsushika.lg.jp	東京都	葛飾区	2026-09-11	2026-09-11	44	0	1	0	0	1422630
www.city.kiryu.lg.jp	群馬県	桐生市	2026-09-12	2026-09-12	44	0	1	0	0	2340540
www.city.moriyama.lg.jp	滋賀県	守山市	2026-09-12	2026-09-12	44	0	1	0	0	1195727
www.city.setagaya.lg.jp	東京都	世田谷区	2026-09-11	2026-09-11	44	0	0	0	0	2421427
www.fuji-oyama.jp	静岡県	小山町	2026-09-08	2026-09-10	44	0	2	0	0	1341852
www.himeshima.jp	大分県	姫島村	2026-09-19	2026-09-19	44	2	0	0	0	2725076
www.town.anan.nagano.jp	長野県	阿南町	2026-09-12	2026-09-12	44	0	1	0	0	1950465
www.town.kushimoto.wakayama.jp	和歌山県	串本町	2026-09-12	2026-09-12	44	0	0	0	0	1141820
www.town.yoshida.shizuoka.jp	静岡県	吉田町	2026-09-08	2026-09-10	44	0	9	0	0	3008518
www.vill.kitaaiki.nagano.jp	長野県	北相木村	2026-09-12	2026-09-12	44	0	1	0	0	835748
www.city.gose.nara.jp	奈良県	御所市	2026-09-12	2026-09-12	43	0	1	0	0	925245
www.city.inzai.lg.jp	千葉県	印西市	2026-09-11	2026-09-11	43	0	1	0	0	782382
www.city.kagoshima-izumi.lg.jp	鹿児島県	出水市	2026-09-20	2026-09-20	43	2	0	0	0	1143903
www.city.musashino.lg.jp	東京都	武蔵野市	2026-09-11	2026-09-11	43	0	1	0	0	1910523
www.city.nerima.tokyo.jp	東京都	練馬区	2026-09-11	2026-09-11	43	0	0	0	0	3588009
www.city.saiki.oita.jp	大分県	佐伯市	2026-09-19	2026-09-19	43	2	1	1	0	6002653
www.city.sakura.lg.jp	千葉県	佐倉市	2026-09-11	2026-09-11	43	0	0	0	0	2693567
www.town.ikeda.fukui.jp	福井県	池田町	2026-09-12	2026-09-12	43	0	3	0	0	862064
www.town.minamiosumi.lg.jp	鹿児島県	南大隅町	2026-09-20	2026-09-20	43	3	1	0	0	721934
www.town.tsunan.niigata.jp	新潟県	津南町	2026-09-12	2026-09-12	43	0	2	0	0	1032125
www.vill.aoki.nagano.jp	長野県	青木村	2026-09-12	2026-09-12	43	0	1	0	0	1580127
hamanako-kosai.jp	静岡県	湖西市観光	2026-09-08	2026-09-08	42	0	0	0	0	1139911
www.bungo-ohno.jp	大分県	豊後大野市	2026-09-19	2026-09-19	42	2	1	0	0	803175
www.city.ageo.lg.jp	埼玉県	上尾市	2026-09-11	2026-09-11	42	0	1	0	0	894132
www.city.fukaya.saitama.jp	埼玉県	深谷市	2026-09-11	2026-09-11	42	0	0	0	0	2550481
www.city.gyoda.lg.jp	埼玉県	行田市	2026-09-11	2026-09-11	42	0	0	0	0	2230320
www.city.inabe.mie.jp	三重県	いなべ市	2026-09-12	2026-09-12	42	0	1	0	0	895877
www.city.kawaguchi.lg.jp	埼玉県	川口市	2026-09-11	2026-09-11	42	0	0	0	0	2835785
www.city.kazo.lg.jp	埼玉県	加須市	2026-09-11	2026-09-11	42	0	0	0	0	2871450
www.city.takeo.lg.jp	佐賀県	武雄市	2026-09-19	2026-09-19	42	3	1	0	0	673267
www.city.usa.oita.jp	大分県	宇佐市	2026-09-19	2026-09-19	42	3	0	0	0	2091672
www.kankou-kiso.com	長野県	木曽町観光	2026-09-12	2026-09-12	42	0	0	0	0	3076363
www.town.kozaki.chiba.jp	千葉県	神崎町	2026-09-11	2026-09-11	42	0	1	0	0	1559564
www.town.miyako.lg.jp	福岡県	みやこ町	2026-09-19	2026-09-19	42	2	1	0	0	948717
www.town.oi.kanagawa.jp	神奈川県	大井町	2026-09-11	2026-09-11	42	0	2	0	0	869914
www.town.onga.lg.jp	福岡県	遠賀町	2026-09-19	2026-09-19	42	4	6	0	0	976275
www.town.tagami.niigata.jp	新潟県	田上町	2026-09-12	2026-09-12	42	0	4	0	0	610295
www.town.tomika.gifu.jp	岐阜県	富加町	2026-09-12	2026-09-12	42	0	2	0	0	837718
www.vill.achi.lg.jp	長野県	阿智村	2026-09-12	2026-09-12	42	0	1	0	0	907753
www.vill.yamazoe.nara.jp	奈良県	山添村	2026-09-12	2026-09-12	42	0	3	0	0	1733161
www.yamanashi-kankou.jp	山梨県	昭和町観光	2026-09-12	2026-09-12	42	0	0	0	0	783735
www2.town.asahi.mie.jp	三重県	朝日町	2026-09-12	2026-09-12	42	0	5	0	0	440450
www.city.chiba.jp	千葉県	千葉市	2026-09-11	2026-09-11	41	0	6	0	0	935589
www.city.echizen.lg.jp	福井県	越前市	2026-09-12	2026-09-12	41	0	1	0	0	1335009
www.city.gifu.lg.jp	岐阜県	岐阜市	2026-09-12	2026-09-12	41	0	1	0	0	2848873
www.city.higashimatsuyama.lg.jp	埼玉県	東松山市	2026-09-11	2026-09-11	41	0	1	0	0	1243281
www.city.hokuto.yamanashi.jp	山梨県	北杜市	2026-09-12	2026-09-12	41	0	0	0	0	3638097
www.city.ibusuki.lg.jp	鹿児島県	指宿市	2026-09-20	2026-09-20	41	2	1	0	0	1381181
www.city.kikugawa.shizuoka.jp	静岡県	菊川市	2026-09-08	2026-09-10	41	0	2	0	0	698350
www.city.koshi.lg.jp	熊本県	合志市	2026-09-20	2026-09-20	41	2	1	1	0	6066148
www.city.miyama.lg.jp	福岡県	みやま市	2026-09-19	2026-09-19	41	3	0	0	0	2369235
www.city.nagano.nagano.jp	長野県	長野市	2026-09-12	2026-09-12	41	0	0	0	0	1504237
www.city.numata.gunma.jp	群馬県	沼田市	2026-09-12	2026-09-12	41	0	1	0	0	1087866
www.city.omuta.lg.jp	福岡県	大牟田市	2026-09-19	2026-09-19	41	4	3	0	0	9481687
www.city.sodegaura.lg.jp	千葉県	袖ケ浦市	2026-09-11	2026-09-11	41	0	1	0	0	1557593
www.city.susono.shizuoka.jp	静岡県	裾野市	2026-09-08	2026-09-10	41	0	8	0	0	1923060
www.city.tomioka.lg.jp	群馬県	富岡市	2026-09-12	2026-09-12	41	0	2	0	0	812349
www.city.yachiyo.lg.jp	千葉県	八千代市	2026-09-11	2026-09-11	41	0	1	0	0	1301254
www.city.yaita.tochigi.jp	栃木県	矢板市	2026-09-11	2026-09-11	41	0	1	0	0	1830655
www.nebamura.jp	長野県	根羽村	2026-09-12	2026-09-12	41	0	0	0	0	2043266
www.satsuma-net.jp	鹿児島県	さつま町	2026-09-20	2026-09-20	41	3	1	0	0	2282047
www.tokunoshima-town.org	鹿児島県	徳之島町	2026-09-20	2026-09-20	41	2	1	0	0	791745
www.town.isen.kagoshima.jp	鹿児島県	伊仙町	2026-09-20	2026-09-20	41	3	2	0	0	889913
www.town.ishikawa.fukushima.jp	福島県	石川町	2026-09-12	2026-09-12	41	0	7	0	0	7353266
www.town.kimino.wakayama.jp	和歌山県	紀美野町	2026-09-12	2026-09-12	41	0	0	0	0	1866237
www.town.nagashima.lg.jp	鹿児島県	長島町	2026-09-20	2026-09-20	41	2	0	0	0	798837
www.town.naraha.lg.jp	福島県	楢葉町	2026-09-12	2026-09-12	41	0	1	0	0	644128
www.town.susami.lg.jp	和歌山県	すさみ町	2026-09-12	2026-09-12	41	0	0	0	0	544809
www.town.tanagura.fukushima.jp	福島県	棚倉町	2026-09-12	2026-09-12	41	0	1	0	0	752936
www.town.tatsugo.lg.jp	鹿児島県	龍郷町	2026-09-20	2026-09-20	41	2	1	0	0	580273
www.vill.kitayama.wakayama.jp	和歌山県	北山村	2026-09-12	2026-09-12	41	0	0	0	0	690261
www.vill.miyada.nagano.jp	長野県	宮田村	2026-09-12	2026-09-12	41	0	0	0	0	168678
inagi-kanko.jp	東京都	稲城市観光	2026-09-12	2026-09-12	40	0	1	0	0	1527299
iwakura-kanko.com	愛知県	岩倉市観光	2026-09-12	2026-09-12	40	0	1	0	0	893647
official.shinkamigoto.net	長崎県	新上五島町	2026-09-20	2026-09-20	40	2	0	0	0	4793552
ryuoh.org	滋賀県	竜王町観光	2026-09-12	2026-09-12	40	0	0	0	0	3289974
shimizu-kankou.jp	静岡県	清水町観光	2026-09-12	2026-09-12	40	0	2	0	0	553865
toho.main.jp	福岡県	東峰村	2026-09-19	2026-09-19	40	2	1	0	0	6558253
ukitrip.city.uki.kumamoto.jp	熊本県	宇城市観光	2026-09-20	2026-09-20	40	1	0	0	0	2549769
webtown.nagayo.jp	長崎県	長与町	2026-09-19	2026-09-19	40	2	1	1	0	5934900
www.akamura.net	福岡県	赤村	2026-09-19	2026-09-19	40	2	2	0	0	853718
www.city.akune.lg.jp	鹿児島県	阿久根市	2026-09-20	2026-09-20	40	2	0	0	0	1697439
www.city.annaka.lg.jp	群馬県	安中市	2026-09-12	2026-09-12	40	0	1	0	0	1445458
www.city.aso.kumamoto.jp	熊本県	阿蘇市	2026-09-20	2026-09-20	40	2	0	1	0	1257673
www.city.azumino.nagano.jp	長野県	安曇野市	2026-09-12	2026-09-12	40	0	1	0	0	1460291
www.city.funabashi.lg.jp	千葉県	船橋市	2026-09-11	2026-09-11	40	0	2	0	0	3148634
www.city.fussa.tokyo.jp	東京都	福生市	2026-09-11	2026-09-11	40	0	1	0	0	919590
www.city.gero.lg.jp	岐阜県	下呂市	2026-09-12	2026-09-12	40	0	1	0	0	1238567
www.city.gujo.gifu.jp	岐阜県	郡上市	2026-09-12	2026-09-12	40	0	0	0	0	1921719
www.city.hioki.kagoshima.jp	鹿児島県	日置市	2026-09-20	2026-09-20	40	2	2	0	0	882465
www.city.hita.oita.jp	大分県	日田市	2026-09-19	2026-09-19	40	2	1	0	0	1353093
www.city.ichikawa.lg.jp	千葉県	市川市	2026-09-11	2026-09-11	40	0	1	0	0	1566042
www.city.kai.yamanashi.jp	山梨県	甲斐市	2026-09-12	2026-09-12	40	0	1	0	0	1207625
www.city.kamiamakusa.kumamoto.jp	熊本県	上天草市	2026-09-20	2026-09-20	40	2	0	0	0	2146568
www.city.kamogawa.lg.jp	千葉県	鴨川市	2026-09-11	2026-09-11	40	0	1	0	0	1463278
www.city.katsuura.lg.jp	千葉県	勝浦市	2026-09-11	2026-09-11	40	0	1	0	0	839541
www.city.katsuyama.fukui.jp	福井県	勝山市	2026-09-12	2026-09-12	40	0	1	0	0	924123
www.city.kinokawa.lg.jp	和歌山県	紀の川市	2026-09-12	2026-09-12	40	0	1	0	0	1215703
www.city.kitakyushu.lg.jp	福岡県	北九州市	2026-09-19	2026-09-19	40	2	0	0	0	1253706
www.city.koga.fukuoka.jp	福岡県	古賀市	2026-09-19	2026-09-19	40	4	33	0	0	1876092
www.city.kumamoto.jp	熊本県	熊本市	2026-09-20	2026-09-20	40	2	1	0	0	22903429
www.city.kushima.lg.jp	宮崎県	串間市	2026-09-20	2026-09-20	40	2	5	0	0	776200
www.city.makinohara.shizuoka.jp	静岡県	牧之原市	2026-09-08	2026-09-10	40	0	1	0	0	1239156
www.city.midori.gunma.jp	群馬県	みどり市	2026-09-12	2026-09-12	40	0	1	0	0	1630145
www.city.minamata.lg.jp	熊本県	水俣市	2026-09-20	2026-09-20	40	2	1	0	0	4627570
www.city.mishima.shizuoka.jp	静岡県	三島市	2026-09-08	2026-09-10	40	0	1	0	0	1709702
www.city.mitsuke.niigata.jp	新潟県	見附市	2026-09-12	2026-09-12	40	0	1	0	0	1121422
www.city.mizuho.lg.jp	岐阜県	瑞穂市	2026-09-12	2026-09-12	40	0	1	0	0	1515809
www.city.motomiya.lg.jp	福島県	本宮市	2026-09-12	2026-09-12	40	0	1	0	0	1206680
www.city.nagareyama.chiba.jp	千葉県	流山市	2026-09-11	2026-09-11	40	0	1	0	0	860258
www.city.nagasaki.lg.jp	長崎県	長崎市	2026-09-19	2026-09-19	40	2	1	0	0	1727453
www.city.nakama.lg.jp	福岡県	中間市	2026-09-19	2026-09-19	40	4	3	0	0	919773
www.city.onojo.fukuoka.jp	福岡県	大野城市	2026-09-19	2026-09-19	40	4	6	0	0	6791288
www.city.owariasahi.lg.jp	愛知県	尾張旭市	2026-09-08	2026-09-10	40	0	1	0	0	1396433
www.city.sakado.lg.jp	埼玉県	坂戸市	2026-09-11	2026-09-11	40	0	1	0	0	967040
www.city.saku.nagano.jp	長野県	佐久市	2026-09-12	2026-09-12	40	0	1	0	0	2230438
www.city.shibushi.lg.jp	鹿児島県	志布志市	2026-09-20	2026-09-20	40	2	1	0	0	1194141
www.city.shimotsuke.lg.jp	栃木県	下野市	2026-09-11	2026-09-11	40	0	1	0	0	4136366
www.city.shingu.lg.jp	和歌山県	新宮市	2026-09-12	2026-09-12	40	0	2	0	0	1692463
www.city.soka.saitama.jp	埼玉県	草加市	2026-09-11	2026-09-11	40	0	0	0	0	1805186
www.city.takasaki.gunma.jp	群馬県	高崎市	2026-09-12	2026-09-12	40	0	1	0	0	1002729
www.city.tochigi-sakura.lg.jp	栃木県	さくら市	2026-09-11	2026-09-11	40	0	0	0	0	3066818
www.city.tomisato.lg.jp	千葉県	富里市	2026-09-11	2026-09-11	40	0	1	0	0	991619
www.city.tsushima.nagasaki.jp	長崎県	対馬市	2026-09-19	2026-09-19	40	2	0	0	0	1341580
www.city.ueda.nagano.jp	長野県	上田市	2026-09-12	2026-09-12	40	0	1	0	0	1689198
www.city.unzen.nagasaki.jp	長崎県	雲仙市	2026-09-19	2026-09-19	40	2	6	0	0	4588723
www.city.uto.lg.jp	熊本県	宇土市	2026-09-20	2026-09-20	40	2	1	0	0	1001386
www.city.yamaga.kumamoto.jp	熊本県	山鹿市	2026-09-20	2026-09-20	40	2	2	0	0	4896785
www.city.yamagata.gifu.jp	岐阜県	山県市	2026-09-12	2026-09-12	40	0	1	0	0	1293564
www.city.yatsushiro.lg.jp	熊本県	八代市	2026-09-20	2026-09-20	40	2	2	0	0	2683434
www.city.yokosuka.kanagawa.jp	神奈川県	横須賀市	2026-09-11	2026-09-11	40	0	0	0	0	3201941
www.city.yoshikawa.saitama.jp	埼玉県	吉川市	2026-09-11	2026-09-11	40	0	1	0	0	854134
www.doshi-kanko.jp			2026-09-12	2026-09-12	40	0	0	0	0	654795
www.fussakanko.jp	東京都	福生市観光	2026-09-12	2026-09-12	40	0	0	0	0	1884591
www.hayama-kankou.jp	神奈川県	葉山町観光	2026-09-12	2026-09-12	40	0	0	0	0	1177601
www.higashiomi.net	滋賀県	東近江市観光	2026-09-12	2026-09-12	40	0	0	0	0	1704642
www.hiratsuka-kankou.com	神奈川県	平塚市観光	2026-09-12	2026-09-12	40	0	0	0	0	7995752
www.ichikai-kankou.jp	栃木県	市貝町観光	2026-09-11	2026-09-11	40	0	0	0	0	1684744
www.ichikawa-kankou.jp	千葉県	市川市観光	2026-09-11	2026-09-12	40	0	1	0	0	1981615
www.joho.tagawa.fukuoka.jp	福岡県	田川市	2026-09-19	2026-09-19	40	2	4	0	0	7094358
www.kamisu-kanko.jp	茨城県	神栖市観光	2026-09-11	2026-09-12	40	0	0	0	0	4893238
www.kanko-chiyoda.jp	東京都	千代田区観光	2026-09-12	2026-09-12	40	0	1	0	0	3249776
www.kanko-satsuma.jp	鹿児島県	さつま町観光	2026-09-20	2026-09-20	40	2	2	0	0	937188
www.kankou-hadano.jp	神奈川県	秦野市観光	2026-09-12	2026-09-12	40	0	329	0	0	1754932
www.kankou-ogawa.com	埼玉県	小川町観光	2026-09-12	2026-09-12	40	0	3	0	0	970724
www.kankou-sugito.jp	埼玉県	杉戸町観光	2026-09-12	2026-09-12	40	0	69	0	0	47287392
www.kashima-kanko.com	茨城県	鹿嶋市観光	2026-09-11	2026-09-12	40	0	0	0	0	955001
www.kimitsu-kankou.com	千葉県	君津市観光	2026-09-12	2026-09-12	40	0	9	0	0	2710863
www.konosu-kanko.jp	埼玉県	鴻巣市観光	2026-09-12	2026-09-12	40	0	9	0	0	3446298
www.kuki-kanko.jp	埼玉県	久喜市観光	2026-09-12	2026-09-12	40	0	0	0	0	13562543
www.kumamura.com	熊本県	球磨村	2026-09-20	2026-09-20	40	2	2	0	0	5213967
www.minamiaiki.jp	長野県	南相木村	2026-09-12	2026-09-12	40	0	1	0	0	1085977
www.mishima-kankou.com	静岡県	三島市観光	2026-09-12	2026-09-12	40	0	1	0	0	3740185
www.nagakute-kanko.jp	愛知県	長久手市観光	2026-09-12	2026-09-12	40	0	6	0	0	7956899
www.nakano-kanko.com	東京都	中野区観光	2026-09-12	2026-09-12	40	0	0	0	0	2289333
www.nikko-kankou.org	栃木県	日光市観光	2026-09-11	2026-09-11	40	0	0	0	0	6307434
www.sayama-kanko.jp	埼玉県	狭山市観光	2026-09-12	2026-09-12	40	0	1	0	0	1993717
www.shimotsuma-kankou.jp	茨城県	下妻市観光	2026-09-07	2026-09-12	40	0	2	0	0	410333
www.tokigawa-kankou.com	埼玉県	ときがわ町観光	2026-09-12	2026-09-12	40	0	0	0	0	714069
www.town.agematsu.nagano.jp	長野県	上松町	2026-09-12	2026-09-12	40	0	1	0	0	607604
www.town.aizubange.fukushima.jp	福島県	会津坂下町	2026-09-12	2026-09-12	40	0	1	0	0	989637
www.town.amagi.lg.jp	鹿児島県	天城町	2026-09-20	2026-09-20	40	2	1	0	0	1463849
www.town.ando.nara.jp	奈良県	安堵町	2026-09-12	2026-09-12	40	0	1	0	0	938136
www.town.asagiri.lg.jp	熊本県	あさぎり町	2026-09-20	2026-09-20	40	2	2	0	0	5987107
www.town.asakawa.fukushima.jp	福島県	浅川町	2026-09-12	2026-09-12	40	0	1	0	0	848550
www.town.chikuzen.fukuoka.jp	福岡県	筑前町	2026-09-19	2026-09-19	40	2	1	0	0	508227
www.town.eiheiji.lg.jp	福井県	永平寺町	2026-09-12	2026-09-12	40	0	1	0	0	825839
www.town.fujikawa.yamanashi.jp	山梨県	富士川町	2026-09-12	2026-09-12	40	0	1	0	0	2829001
www.town.fukushima-futaba.lg.jp	福島県	双葉町	2026-09-12	2026-09-12	40	0	1	0	0	2746105
www.town.fuso.lg.jp	愛知県	扶桑町	2026-09-08	2026-09-10	40	0	1	0	0	735596
www.town.genkai.lg.jp	佐賀県	玄海町	2026-09-19	2026-09-19	40	2	1	0	0	996935
www.town.ginan.lg.jp	岐阜県	岐南町	2026-09-12	2026-09-12	40	0	1	0	0	3069355
www.town.godo.gifu.jp	岐阜県	神戸町	2026-09-12	2026-09-12	40	0	2	0	0	3438843
www.town.gyokuto.kumamoto.jp	熊本県	玉東町	2026-09-20	2026-09-20	40	2	4	0	0	4737624
www.town.higashiagatsuma.gunma.jp	群馬県	東吾妻町	2026-09-12	2026-09-12	40	0	2	0	0	1296960
www.town.hikawa.kumamoto.jp	熊本県	氷川町	2026-09-20	2026-09-20	40	2	2	0	0	3281492
www.town.ibigawa.lg.jp	岐阜県	揖斐川町	2026-09-12	2026-09-12	40	0	1	0	0	1008417
www.town.ichikai.tochigi.jp	栃木県	市貝町	2026-09-11	2026-09-11	40	0	1	0	0	1892461
www.town.itakura.gunma.jp	群馬県	板倉町	2026-09-12	2026-09-12	40	0	1	0	0	557535
www.town.itoda.lg.jp	福岡県	糸田町	2026-09-19	2026-09-19	40	3	2	0	0	935120
www.town.kadogawa.lg.jp	宮崎県	門川町	2026-09-20	2026-09-20	40	2	0	0	0	1357347
www.town.kaisei.kanagawa.jp	神奈川県	開成町	2026-09-11	2026-09-11	40	0	2	0	0	4330660
www.town.kamimine.lg.jp	佐賀県	上峰町	2026-09-19	2026-09-19	40	3	1	3	0	4585290
www.town.kaneyama.fukushima.jp	福島県	金山町	2026-09-12	2026-09-12	40	0	1	0	0	524156
www.town.kanie.aichi.jp	愛知県	蟹江町	2026-09-08	2026-09-10	40	0	1	0	0	866273
www.town.katsuragi.wakayama.jp	和歌山県	かつらぎ町	2026-09-12	2026-09-12	40	0	2	0	0	798240
www.town.kawajima.saitama.jp	埼玉県	川島町	2026-09-11	2026-09-11	40	0	1	0	0	2230984
www.town.kawamata.lg.jp	福島県	川俣町	2026-09-12	2026-09-12	40	0	1	0	0	864343
www.town.kikuyo.lg.jp	熊本県	菊陽町	2026-09-20	2026-09-20	40	2	1	0	0	4609581
www.town.kisosaki.lg.jp	三重県	木曽岬町	2026-09-12	2026-09-12	40	0	8	0	0	848389
www.town.koori.fukushima.jp	福島県	桑折町	2026-09-12	2026-09-12	40	0	1	0	0	837130
www.town.koryo.nara.jp	奈良県	広陵町	2026-09-12	2026-09-12	40	0	0	0	0	962595
www.town.kosa.lg.jp	熊本県	甲佐町	2026-09-20	2026-09-20	40	2	96	0	0	1786942
www.town.kouhoku.saga.jp	佐賀県	江北町	2026-09-19	2026-09-19	40	2	1	0	0	6037803
www.town.kozagawa.lg.jp	和歌山県	古座川町	2026-09-12	2026-09-12	40	0	0	0	0	1615041
www.town.kumamoto-kashima.lg.jp	熊本県	嘉島町	2026-09-20	2026-09-20	40	2	0	0	0	1338448
www.town.kunimi.fukushima.jp	福島県	国見町	2026-09-12	2026-09-12	40	0	2	0	0	810838
www.town.kunitomi.miyazaki.jp	宮崎県	国富町	2026-09-20	2026-09-20	40	3	4	0	0	1005449
www.town.kyonan.chiba.jp	千葉県	鋸南町	2026-09-11	2026-09-11	40	0	1	0	0	1297114
www.town.mashiki.lg.jp	熊本県	益城町	2026-09-20	2026-09-20	40	2	1	0	0	5400603
www.town.matsubushi.lg.jp	埼玉県	松伏町	2026-09-11	2026-09-11	40	0	2	0	0	1345011
www.town.mimata.lg.jp	宮崎県	三股町	2026-09-20	2026-09-20	40	3	0	0	0	1638190
www.town.minamiechizen.lg.jp	福井県	南越前町	2026-09-12	2026-09-12	40	0	2	0	0	1398780
www.town.mishima.fukushima.jp	福島県	三島町	2026-09-12	2026-09-12	40	0	1	0	0	1125002
www.town.miyashiro.lg.jp	埼玉県	宮代町	2026-09-11	2026-09-11	40	0	1	0	0	1398789
www.town.mizumaki.lg.jp	福岡県	水巻町	2026-09-19	2026-09-19	40	2	0	0	0	2135176
www.town.nachikatsuura.wakayama.jp	和歌山県	那智勝浦町	2026-09-12	2026-09-12	40	0	1	0	0	1542736
www.town.nagara.chiba.jp	千葉県	長柄町	2026-09-11	2026-09-11	40	0	2	0	0	846694
www.town.nagiso.nagano.jp	長野県	南木曽町	2026-09-12	2026-09-12	40	0	1	0	0	927060
www.town.nara-kawanishi.lg.jp	奈良県	川西町	2026-09-12	2026-09-12	40	0	0	0	0	648302
www.town.nishikatsura.yamanashi.jp	山梨県	西桂町	2026-09-12	2026-09-12	40	0	2	0	0	2000906
www.town.oharu.aichi.jp	愛知県	大治町	2026-09-08	2026-09-10	40	0	2	0	0	2324574
www.town.oizumi.gunma.jp	群馬県	大泉町	2026-09-12	2026-09-12	40	0	0	0	0	1369707
www.town.omachi.lg.jp	佐賀県	大町町	2026-09-19	2026-09-19	40	2	2	0	0	5248965
www.town.ooki.lg.jp	福岡県	大木町	2026-09-19	2026-09-19	40	4	0	0	0	1368607
www.town.ora.gunma.jp	群馬県	邑楽町	2026-09-12	2026-09-12	40	0	0	0	0	1033073
www.town.oto.fukuoka.jp	福岡県	大任町	2026-09-19	2026-09-19	40	2	2	0	0	3697957
www.town.oyodo.lg.jp	奈良県	大淀町	2026-09-12	2026-09-12	40	0	1	0	0	758799
www.town.samukawa.kanagawa.jp	神奈川県	寒川町	2026-09-11	2026-09-11	40	0	0	0	0	3395078
www.town.sango.nara.jp	奈良県	三郷町	2026-09-12	2026-09-12	40	0	1	0	0	930050
www.town.shimoichi.lg.jp	奈良県	下市町	2026-09-12	2026-09-12	40	0	1	0	0	734211
www.town.shimosuwa.lg.jp	長野県	下諏訪町	2026-09-12	2026-09-12	40	0	1	0	0	980699
www.town.shioya.tochigi.jp	栃木県	塩谷町	2026-09-11	2026-09-11	40	0	2	0	0	2043036
www.town.tachiarai.fukuoka.jp	福岡県	大刀洗町	2026-09-19	2026-09-19	40	2	1	0	0	7851947
www.town.takaharu.lg.jp	宮崎県	高原町	2026-09-20	2026-09-20	40	2	2	0	0	1056991
www.town.takatori.nara.jp	奈良県	高取町	2026-09-12	2026-09-12	40	0	1	0	0	594443
www.town.taketoyo.lg.jp	愛知県	武豊町	2026-09-08	2026-09-10	40	0	1	0	0	977338
www.town.tarui.lg.jp	岐阜県	垂井町	2026-09-12	2026-09-12	40	0	1	0	0	1794299
www.town.tokigawa.lg.jp	埼玉県	ときがわ町	2026-09-11	2026-09-11	40	0	1	0	0	1393431
www.town.toyoyama.lg.jp	愛知県	豊山町	2026-09-08	2026-09-10	40	0	1	0	0	924500
www.town.wakayama-inami.lg.jp	和歌山県	印南町	2026-09-12	2026-09-12	40	0	0	0	0	707565
www.town.watarai.lg.jp	三重県	度会町	2026-09-12	2026-09-12	40	0	1	0	0	596172
www.town.yabuki.fukushima.jp	福島県	矢吹町	2026-09-12	2026-09-12	40	0	1	0	0	723096
www.town.yamatsuri.fukushima.jp	福島県	矢祭町	2026-09-12	2026-09-12	40	0	1	0	0	718608
www.town.yokoshibahikari.chiba.jp	千葉県	横芝光町	2026-09-11	2026-09-11	40	0	1	0	0	857386
www.town.yugawara.kanagawa.jp	神奈川県	湯河原町	2026-09-11	2026-09-11	40	0	1	0	0	1184469
www.town.yunomae.lg.jp	熊本県	湯前町	2026-09-20	2026-09-20	40	2	3	0	0	4671793
www.town.yusui.kagoshima.jp	鹿児島県	湧水町	2026-09-20	2026-09-20	40	2	2	0	0	803914
www.urugi.jp	長野県	売木村	2026-09-12	2026-09-12	40	0	0	0	0	27327489
www.ushikukankou.com	茨城県	牛久市観光	2026-09-11	2026-09-12	40	0	0	0	0	1765953
www.vill-nakajima.jp	福島県	中島村	2026-09-12	2026-09-12	40	0	1	0	0	876239
www.vill-tenryu.jp	長野県	天龍村	2026-09-12	2026-09-12	40	0	0	0	0	2516038
www.vill.aogashima.tokyo.jp	東京都	青ヶ島村	2026-09-11	2026-09-11	40	0	2	0	0	8025018
www.vill.chosei.chiba.jp	千葉県	長生村	2026-09-11	2026-09-11	40	0	1	0	0	847365
www.vill.hirata.fukushima.jp	福島県	平田村	2026-09-12	2026-09-12	40	0	1	0	0	1192605
www.vill.iitate.fukushima.jp	福島県	飯舘村	2026-09-12	2026-09-12	40	0	1	0	0	826367
www.vill.kawakami.nagano.jp	長野県	川上村	2026-09-12	2026-09-12	40	0	1	0	0	466884
www.vill.kurotaki.nara.jp	奈良県	黒滝村	2026-09-12	2026-09-12	40	0	1	0	0	751708
www.vill.minamiaso.lg.jp	熊本県	南阿蘇村	2026-09-20	2026-09-20	40	2	2	0	0	5309612
www.vill.mizukami.lg.jp	熊本県	水上村	2026-09-20	2026-09-20	40	2	1	0	0	4641648
www.vill.nagano-toyooka.lg.jp	長野県	豊丘村	2026-09-12	2026-09-12	40	0	2	0	0	583179
www.vill.nishimera.lg.jp	宮崎県	西米良村	2026-09-20	2026-09-20	40	3	4	0	0	3587956
www.vill.ogawa.nagano.jp	長野県	小川村	2026-09-12	2026-09-12	40	0	1	0	0	504104
www.vill.otaki.nagano.jp	長野県	王滝村	2026-09-12	2026-09-12	40	0	1	0	0	398827
www.vill.sagara.lg.jp	熊本県	相良村	2026-09-20	2026-09-20	40	2	1	0	0	1013550
www.vill.shimokitayama.nara.jp	奈良県	下北山村	2026-09-12	2026-09-12	40	0	1	0	0	992314
www.vill.shinto.gunma.jp	群馬県	榛東村	2026-09-12	2026-09-12	40	0	0	0	0	2453404
www.vill.soni.nara.jp	奈良県	曽爾村	2026-09-12	2026-09-12	40	0	1	0	0	1275842
www.vill.tobishima.aichi.jp	愛知県	飛島村	2026-09-08	2026-09-10	40	0	1	0	0	1314497
www.vill.yamae.lg.jp	熊本県	山江村	2026-09-20	2026-09-20	40	2	1	0	0	2992087
www.vill.yamagata.nagano.jp	長野県	山形村	2026-09-12	2026-09-12	40	0	1	0	0	1041780
www.vill.yamanakako.lg.jp	山梨県	山中湖村	2026-09-12	2026-09-12	40	0	2	0	0	1560645
www.vill.yasuoka.nagano.jp	長野県	泰阜村	2026-09-12	2026-09-12	40	0	1	0	0	782759
www.visitogasawara.com	東京都	小笠原村観光	2026-09-11	2026-09-11	40	0	1	0	0	3023666
www.wakokanko.com	埼玉県	和光市観光	2026-09-12	2026-09-12	40	0	0	0	0	2748218
www.yachiyo-kankou.com	千葉県	八千代市観光	2026-09-11	2026-09-12	40	0	1	0	0	1310106
www.yamato-kankou.com	神奈川県	大和市観光	2026-09-12	2026-09-12	40	0	0	0	0	2683869
www.zama-kankou.jp	神奈川県	座間市観光	2026-09-12	2026-09-12	40	0	17	0	0	3737897
onokankou.jimdofree.com	福島県	小野町観光	2026-09-12	2026-09-12	39	0	5	0	0	6268858
www.city.awara.lg.jp	福井県	あわら市	2026-09-12	2026-09-12	39	0	0	0	0	1304931
www.city.hirado.nagasaki.jp	長崎県	平戸市	2026-09-19	2026-09-19	39	2	3	0	0	1662772
www.city.itoigawa.lg.jp	新潟県	糸魚川市	2026-09-12	2026-09-12	39	0	1	0	0	1316485
www.city.munakata.lg.jp	福岡県	宗像市	2026-09-19	2026-09-19	39	4	9	3	0	7810171
www.city.seki.lg.jp	岐阜県	関市	2026-09-12	2026-09-12	39	0	1	0	0	1026942
www.kanko-okaya.jp	長野県	岡谷市観光	2026-09-12	2026-09-12	39	0	0	0	0	7055939
www.kasama-kankou.jp	茨城県	笠間市観光	2026-09-07	2026-09-08	39	0	2	0	0	421605
www.tokara.jp	鹿児島県	十島村	2026-09-20	2026-09-20	39	2	0	0	0	1499174
www.town.echizen.fukui.jp	福井県	越前町	2026-09-12	2026-09-12	39	0	2	0	0	869368
www.town.gifu-ikeda.lg.jp	岐阜県	池田町	2026-09-12	2026-09-12	39	0	1	0	0	925488
www.town.ikaruga.nara.jp	奈良県	斑鳩町	2026-09-12	2026-09-12	39	0	1	0	0	1040490
www.town.ogose.saitama.jp	埼玉県	越生町	2026-09-11	2026-09-11	39	0	0	0	0	1812955
www.town.ozu.kumamoto.jp	熊本県	大津町	2026-09-20	2026-09-20	39	2	1	0	0	1326974
ashikita-kankou.com	熊本県	芦北町観光	2026-09-20	2026-09-20	38	2	0	0	0	1494873
kankou-takahama.gr.jp	愛知県	高浜市観光	2026-09-10	2026-09-12	38	0	0	0	0	5951005
matsuura-guide.com	長崎県	松浦市観光	2026-09-19	2026-09-19	38	2	0	0	0	3350908
miharukoma.com	福島県	三春町観光	2026-09-12	2026-09-12	38	0	0	0	0	2031195
nanmoku.ne.jp	群馬県	南牧村	2026-09-12	2026-09-12	38	0	0	0	0	1287508
nasushiobara-kanko.jp	栃木県	那須塩原市観光	2026-09-11	2026-09-11	38	0	1	0	0	2820352
www.akirunokanko.com	東京都	あきる野市観光	2026-09-11	2026-09-11	38	0	0	0	0	1533675
www.city.amakusa.kumamoto.jp	熊本県	天草市	2026-09-20	2026-09-20	38	2	1	1	0	4869568
www.city.gosen.lg.jp	新潟県	五泉市	2026-09-12	2026-09-12	38	0	0	0	0	1484751
www.city.hashima.lg.jp	岐阜県	羽島市	2026-09-12	2026-09-12	38	0	1	0	0	3123240
www.city.iga.lg.jp	三重県	伊賀市	2026-09-12	2026-09-12	38	0	1	0	0	1149242
www.city.kakamigahara.lg.jp	岐阜県	各務原市	2026-09-12	2026-09-12	38	0	1	0	0	1015999
www.city.makurazaki.lg.jp	鹿児島県	枕崎市	2026-09-20	2026-09-20	38	2	1	0	0	863855
www.city.minokamo.lg.jp	岐阜県	美濃加茂市	2026-09-12	2026-09-12	38	0	1	0	0	1037096
www.city.motosu.lg.jp	岐阜県	本巣市	2026-09-12	2026-09-12	38	0	0	0	0	679719
www.city.ojiya.niigata.jp	新潟県	小千谷市	2026-09-12	2026-09-12	38	0	1	0	0	1015845
www.city.okawa.lg.jp	福岡県	大川市	2026-09-19	2026-09-19	38	2	0	0	0	1250514
www.city.ono.fukui.jp	福井県	大野市	2026-09-12	2026-09-12	38	0	1	0	0	1169077
www.city.soo.kagoshima.jp	鹿児島県	曽於市	2026-09-20	2026-09-20	38	2	0	0	0	943274
www.city.tosu.lg.jp	佐賀県	鳥栖市	2026-09-19	2026-09-19	38	2	1	0	0	1268467
www.kankou-komagane.com	長野県	駒ヶ根市観光	2026-09-12	2026-09-12	38	0	1	0	0	2041346
www.komoro-tour.jp	長野県	小諸市観光	2026-09-12	2026-09-12	38	0	1	0	0	2116056
www.naka-kanko.jp	茨城県	那珂市観光	2026-09-07	2026-09-08	38	0	1	0	0	597398
www.nankishirahama.jp	和歌山県	白浜町観光	2026-09-12	2026-09-12	38	0	1	0	0	3400706
www.sasebo99.com	長崎県	佐世保市観光	2026-09-19	2026-09-19	38	1	1	0	0	8033109
www.town.heguri.nara.jp	奈良県	平群町	2026-09-12	2026-09-12	38	0	2	0	0	945575
www.town.hirokawa.fukuoka.jp	福岡県	広川町	2026-09-19	2026-09-19	38	2	0	0	0	1644890
www.town.kumamoto-yamato.lg.jp	熊本県	山都町	2026-09-20	2026-09-20	38	2	1	0	0	3293462
www.town.ohi.fukui.jp	福井県	おおい町	2026-09-12	2026-09-12	38	0	0	0	0	1023330
www.town.sakaki.nagano.jp	長野県	坂城町	2026-09-12	2026-09-12	38	0	1	0	0	1965094
www.town.shiga-hino.lg.jp	滋賀県	日野町	2026-09-12	2026-09-12	38	0	1	0	0	915536
www.uda-kankou.jp	奈良県	宇陀市観光	2026-09-12	2026-09-12	38	0	0	0	0	517252
www.vill.itsuki.lg.jp	熊本県	五木村	2026-09-20	2026-09-20	38	2	1	0	0	3015829
www.vill.minamiminowa.lg.jp	長野県	南箕輪村	2026-09-12	2026-09-12	38	0	1	0	0	1403765
www.vill.shiiba.miyazaki.jp	宮崎県	椎葉村	2026-09-20	2026-09-20	38	2	0	0	0	510590
www.vill.shirakawa.lg.jp	岐阜県	白川村	2026-09-12	2026-09-12	38	0	1	0	0	2387223
www.vill.tabayama.yamanashi.jp	山梨県	丹波山村	2026-09-12	2026-09-12	38	0	1	0	0	448435
www.vill.tenei.fukushima.jp	福島県	天栄村	2026-09-12	2026-09-12	38	0	2	0	0	622017
itospa.com	静岡県	伊東市観光	2026-09-10	2026-09-10	37	0	0	0	0	1820688
kanko-minamisatsuma.jp	鹿児島県	南さつま市観光	2026-09-20	2026-09-20	37	1	0	0	0	2305895
mishimamura.com	鹿児島県	三島村	2026-09-20	2026-09-20	37	2	2	0	0	1560054
saga-kashima-kankou.com	佐賀県	鹿島市観光	2026-09-19	2026-09-19	37	1	0	0	0	1697768
www.ataminews.gr.jp	静岡県	熱海市観光	2026-09-10	2026-09-10	37	0	0	0	0	4429233
www.city.atsugi.kanagawa.jp	神奈川県	厚木市	2026-09-11	2026-09-11	37	0	0	0	0	3141452
www.city.kiyosu.aichi.jp	愛知県	清須市	2026-09-08	2026-09-10	37	0	1	0	0	660710
www.city.takayama.lg.jp	岐阜県	高山市	2026-09-12	2026-09-12	37	0	1	0	0	929251
www.kawatana.jp	長崎県	川棚町	2026-09-19	2026-09-19	37	2	1	0	0	1036304
www.nagatoro.gr.jp	埼玉県	長瀞町観光	2026-09-11	2026-09-11	37	0	1	0	0	1777524
www.town.aridagawa.lg.jp	和歌山県	有田川町	2026-09-12	2026-09-12	37	0	0	0	0	1450706
www.town.fujimi.lg.jp	長野県	富士見町	2026-09-12	2026-09-12	37	0	3	0	0	898222
www.town.izumozaki.niigata.jp	新潟県	出雲崎町	2026-09-12	2026-09-12	37	0	3	0	0	695850
www.town.minamichita.lg.jp	愛知県	南知多町	2026-09-08	2026-09-10	37	0	1	0	0	671035
www.town.mitake.lg.jp	岐阜県	御嵩町	2026-09-12	2026-09-12	37	0	1	0	0	2658284
www.town.motegi.tochigi.jp	栃木県	茂木町	2026-09-11	2026-09-11	37	0	1	0	0	1516718
www.town.nogi.lg.jp	栃木県	野木町	2026-09-11	2026-09-11	37	0	1	0	0	810168
www.town.saitama-ina.lg.jp	埼玉県	伊奈町	2026-09-11	2026-09-11	37	0	1	0	0	992193
www.town.shibayama.lg.jp	千葉県	芝山町	2026-09-11	2026-09-11	37	0	1	0	0	714228
www.town.yaotsu.lg.jp	岐阜県	八百津町	2026-09-12	2026-09-12	37	0	1	0	0	2122943
www.vill.asahi.nagano.jp	長野県	朝日村	2026-09-12	2026-09-12	37	0	0	0	0	2127184
www.vill.kiso.nagano.jp	長野県	木祖村	2026-09-12	2026-09-12	37	0	1	0	0	443891
www.vill.kitashiobara.fukushima.jp	福島県	北塩原村	2026-09-12	2026-09-12	37	0	1	0	0	1011210
kankou-iwaki.or.jp	福島県	いわき市観光	2026-09-12	2026-09-12	36	0	0	0	0	3377205
www.city.aisai.lg.jp	愛知県	愛西市	2026-09-08	2026-09-10	36	0	1	0	0	789028
www.city.beppu.oita.jp	大分県	別府市	2026-09-19	2026-09-19	36	2	2	0	0	5435906
www.city.iwata.shizuoka.jp	静岡県	磐田市	2026-09-08	2026-09-10	36	0	1	0	0	1225970
www.city.kikuchi.lg.jp	熊本県	菊池市	2026-09-20	2026-09-20	36	2	0	0	0	1819118
www.city.kofu.yamanashi.jp	山梨県	甲府市	2026-09-12	2026-09-12	36	0	10	0	0	887742
www.city.koshigaya.saitama.jp	埼玉県	越谷市	2026-09-11	2026-09-11	36	0	2	0	0	1461943
www.city.maibara.lg.jp	滋賀県	米原市	2026-09-12	2026-09-12	36	0	0	0	0	1896427
www.city.narita.chiba.jp	千葉県	成田市	2026-09-11	2026-09-11	36	0	1	0	0	743303
www.city.nichinan.lg.jp	宮崎県	日南市	2026-09-20	2026-09-20	36	2	0	0	0	2137987
www.city.toba.mie.jp	三重県	鳥羽市	2026-09-12	2026-09-12	36	0	0	0	0	1543115
www.city.tokamachi.lg.jp	新潟県	十日町市	2026-09-12	2026-09-12	36	0	0	0	0	1903718
www.kankou-ena.jp	岐阜県	恵那市観光	2026-09-12	2026-09-12	36	0	0	0	0	1814903
www.maebashi-cvb.com	群馬県	前橋市観光	2026-09-12	2026-09-12	36	0	6	0	0	16728068
www.town.karuizawa.lg.jp	長野県	軽井沢町	2026-09-12	2026-09-12	36	0	1	0	0	1255734
www.town.nakanojo.gunma.jp	群馬県	中之条町	2026-09-12	2026-09-12	36	0	1	0	0	939992
www.tsunokanko.com	宮崎県	都農町観光	2026-09-20	2026-09-20	36	2	3	0	0	1058830
www.vill.kawakami.nara.jp	奈良県	川上村	2026-09-12	2026-09-12	36	0	20	0	0	822769
koedo.or.jp	埼玉県	川越市観光	2026-09-11	2026-09-11	35	0	0	0	0	2294867
msnav.com	長野県	飯田市観光	2026-09-12	2026-09-12	35	0	0	0	0	10719494
toki-kankou.jp	岐阜県	土岐市観光	2026-09-12	2026-09-12	35	0	0	0	0	10677430
www.city.aira.lg.jp	鹿児島県	姶良市	2026-09-20	2026-09-20	35	3	0	0	0	1088021
www.city.ama.aichi.jp	愛知県	あま市	2026-09-08	2026-09-10	35	0	1	0	0	749353
www.city.amami.lg.jp	鹿児島県	奄美市	2026-09-20	2026-09-20	35	2	1	0	0	577193
www.city.chikugo.lg.jp	福岡県	筑後市	2026-09-19	2026-09-19	35	2	0	0	0	1079978
www.city.hashimoto.lg.jp	和歌山県	橋本市	2026-09-12	2026-09-12	35	0	0	0	0	1665230
www.city.iwade.lg.jp	和歌山県	岩出市	2026-09-12	2026-09-12	35	0	1	0	0	934482
www.city.koka.lg.jp	滋賀県	甲賀市	2026-09-12	2026-09-12	35	0	0	0	0	2833402
www.city.matsudo.chiba.jp	千葉県	松戸市	2026-09-11	2026-09-11	35	0	1	0	0	849348
www.city.minamiuonuma.niigata.jp	新潟県	南魚沼市	2026-09-12	2026-09-12	35	0	1	0	0	858655
www.city.shinagawa.tokyo.jp	東京都	品川区	2026-09-11	2026-09-11	35	0	1	0	0	2241684
www.city.tatebayashi.gunma.jp	群馬県	館林市	2026-09-12	2026-09-12	35	0	0	0	0	2356144
www.fuefuki-kanko.jp	山梨県	笛吹市観光	2026-09-12	2026-09-12	35	0	0	0	0	2028614
www.kanko-shima.com	三重県	志摩市観光	2026-09-12	2026-09-12	35	0	1	0	0	2922475
www.shinchi-town.jp	福島県	新地町	2026-09-12	2026-09-12	35	0	2	0	0	584607
www.shinshirokankou.com	愛知県	新城市観光	2026-09-12	2026-09-12	35	0	1	0	0	1695329
www.town.kanda.lg.jp	福岡県	苅田町	2026-09-19	2026-09-19	35	2	1	0	0	809278
www.town.kawara.fukuoka.jp	福岡県	香春町	2026-09-19	2026-09-19	35	2	0	0	0	894119
www.town.kokonoe.oita.jp	大分県	九重町	2026-09-19	2026-09-19	35	2	1	0	0	463948
www.town.manazuru.kanagawa.jp	神奈川県	真鶴町	2026-09-11	2026-09-11	35	0	0	0	0	1373256
www.town.namie.fukushima.jp	福島県	浪江町	2026-09-12	2026-09-12	35	0	1	0	0	1100271
www.town.nishiizu.shizuoka.jp	静岡県	西伊豆町	2026-09-08	2026-09-10	35	0	9	0	0	375197
www.town.obuse.nagano.jp	長野県	小布施町	2026-09-12	2026-09-12	35	0	2	0	0	607435
www.town.taga.lg.jp	滋賀県	多賀町	2026-09-12	2026-09-12	35	0	0	0	0	1240387
www.town.togitsu.nagasaki.jp	長崎県	時津町	2026-09-19	2026-09-19	35	3	0	0	0	1117126
www.vill.doshi.lg.jp	山梨県	道志村	2026-09-12	2026-09-12	35	0	2	0	0	1054923
www.vill.nishihara.kumamoto.jp	熊本県	西原村	2026-09-20	2026-09-20	35	2	2	0	0	4088637
www.vill.tamakawa.fukushima.jp	福島県	玉川村	2026-09-12	2026-09-12	35	0	1	0	0	1220080
izunotabi.com	静岡県	伊豆の国市観光	2026-09-10	2026-09-10	34	0	0	0	0	1181282
kusumachi.jp	大分県	玖珠町観光	2026-09-19	2026-09-19	34	2	0	0	0	5412941
www.adachikanko.net	東京都	足立区観光	2026-09-11	2026-09-11	34	0	0	0	0	1713409
www.city.asahi.lg.jp	千葉県	旭市	2026-09-11	2026-09-11	34	0	1	0	0	932637
www.city.chuo.lg.jp	東京都	中央区	2026-09-11	2026-09-11	34	0	0	0	0	1549533
www.city.gotemba.lg.jp	静岡県	御殿場市	2026-09-08	2026-09-10	34	0	11	0	0	1096074
www.city.hamura.tokyo.jp	東京都	羽村市	2026-09-11	2026-09-11	34	0	1	0	0	775901
www.city.inazawa.aichi.jp	愛知県	稲沢市	2026-09-08	2026-09-10	34	0	1	0	0	1313557
www.city.kusatsu.shiga.jp	滋賀県	草津市	2026-09-12	2026-09-12	34	0	1	0	0	819627
www.city.minamiboso.chiba.jp	千葉県	南房総市	2026-09-11	2026-09-11	34	0	1	0	0	1379517
www.city.omachi.nagano.jp	長野県	大町市	2026-09-12	2026-09-12	34	0	1	0	0	2176349
www.city.shizuoka.lg.jp	静岡県	静岡市	2026-09-08	2026-09-10	34	0	0	0	0	2209820
www.kanko-nobeyama.jp	長野県	南牧村観光	2026-09-12	2026-09-12	34	0	1	0	0	1689735
www.kankomie.or.jp	三重県	熊野市観光	2026-09-12	2026-09-12	34	0	0	0	0	3610456
www.katsurao.org	福島県	葛尾村	2026-09-12	2026-09-12	34	0	1	0	0	1048903
www.suzaka-kankokyokai.jp	長野県	須坂市観光	2026-09-12	2026-09-12	34	0	1	0	0	7147095
www.town.hanawa.fukushima.jp	福島県	塙町	2026-09-12	2026-09-12	34	0	1	0	0	453332
www.town.kumamoto-misato.lg.jp	熊本県	美里町	2026-09-20	2026-09-20	34	2	0	0	0	1989884
www.vill.katashina.gunma.jp	群馬県	片品村	2026-09-12	2026-09-12	34	0	1	0	0	969920
www.vill.otari.nagano.jp	長野県	小谷村	2026-09-12	2026-09-12	34	0	0	0	0	1414522
www.vill.totsukawa.lg.jp	奈良県	十津川村	2026-09-12	2026-09-12	34	0	0	0	0	1058829
sakuraikanko.com	奈良県	桜井市観光	2026-09-12	2026-09-12	33	0	8	0	0	6891978
soma-kanko.jp	福島県	相馬市観光	2026-09-12	2026-09-12	33	0	3	0	0	1461704
www.city.chigasaki.kanagawa.jp	神奈川県	茅ヶ崎市	2026-09-11	2026-09-11	33	0	1	0	0	1037661
www.city.futtsu.lg.jp	千葉県	富津市	2026-09-11	2026-09-11	33	0	2	0	0	1400558
www.city.izu.shizuoka.jp	静岡県	伊豆市	2026-09-08	2026-09-10	33	0	8	0	0	2054516
www.city.kitsuki.lg.jp	大分県	杵築市	2026-09-19	2026-09-19	33	2	2	0	0	1304026
www.city.nasukarasuyama.lg.jp	栃木県	那須烏山市	2026-09-11	2026-09-11	33	0	4	0	0	758984
www.city.saito.lg.jp	宮崎県	西都市	2026-09-20	2026-09-20	33	2	0	0	0	1644153
www.city.sumida.lg.jp	東京都	墨田区	2026-09-11	2026-09-11	33	0	0	0	0	3692453
www.city.yatomi.lg.jp	愛知県	弥富市	2026-09-08	2026-09-10	33	0	2	0	0	695338
www.e-yuzawa.gr.jp	新潟県	湯沢町観光	2026-09-12	2026-09-12	33	0	0	0	0	1503239
www.fujiminokanko.jp	埼玉県	ふじみ野市観光	2026-09-12	2026-09-12	33	0	3	0	0	539226
www.hakone.or.jp	神奈川県	箱根町観光	2026-09-11	2026-09-11	33	0	0	0	0	1833363
www.ikikankou.com	長崎県	壱岐市観光	2026-09-19	2026-09-19	33	1	1	0	0	9213251
www.town.tara.lg.jp	佐賀県	太良町	2026-09-19	2026-09-19	33	2	1	0	0	1072608
www.town.tawaramoto.nara.jp	奈良県	田原本町	2026-09-12	2026-09-12	33	0	0	0	0	1682446
www.toyonemura-kanko.jp	愛知県	豊根村観光	2026-09-10	2026-09-10	33	0	1	0	0	1324719
www.vill.hinoemata.lg.jp	福島県	檜枝岐村	2026-09-12	2026-09-12	33	0	2	0	0	714498
www.vill.matsukawa.nagano.jp	長野県	松川村	2026-09-12	2026-09-12	33	0	1	0	0	671755
www.vill.sakae.nagano.jp	長野県	栄村	2026-09-12	2026-09-12	33	0	4	0	0	656008
chikuma-kanko.com	長野県	千曲市観光	2026-09-12	2026-09-12	32	0	16	0	0	9650979
www.city.imari.lg.jp	佐賀県	伊万里市	2026-09-19	2026-09-19	32	2	0	0	0	1525606
www.city.kaizu.lg.jp	岐阜県	海津市	2026-09-12	2026-09-12	32	0	1	0	0	954919
www.city.koriyama.lg.jp	福島県	郡山市	2026-09-12	2026-09-12	32	0	1	0	0	1876026
www.city.myoko.niigata.jp	新潟県	妙高市	2026-09-12	2026-09-12	32	0	1	0	0	2655341
www.city.nabari.lg.jp	三重県	名張市	2026-09-12	2026-09-12	32	0	0	0	0	4742884
www.city.shirakawa.fukushima.jp	福島県	白河市	2026-09-12	2026-09-12	32	0	2	0	0	768262
www.city.toshima.lg.jp	東京都	豊島区	2026-09-11	2026-09-11	32	0	1	0	0	810131
www.city.tsubame.niigata.jp	新潟県	燕市	2026-09-12	2026-09-12	32	0	0	0	0	1824576
www.city.yamatokoriyama.lg.jp	奈良県	大和郡山市	2026-09-12	2026-09-12	32	0	0	0	0	1689054
www.city.yame.fukuoka.jp	福岡県	八女市	2026-09-19	2026-09-19	32	2	0	0	0	1910534
www.fujieda.gr.jp	静岡県	藤枝市観光	2026-09-10	2026-09-10	32	0	0	0	0	1864225
www.town.arita.lg.jp	佐賀県	有田町	2026-09-19	2026-09-19	32	2	1	0	0	2563820
www.town.chikujo.fukuoka.jp	福岡県	築上町	2026-09-19	2026-09-19	32	2	0	0	0	564659
www.town.kawazu.shizuoka.jp	静岡県	河津町	2026-09-08	2026-09-10	32	0	2	0	0	1734000
www.town.mie-kihoku.lg.jp	三重県	紀北町	2026-09-12	2026-09-12	32	0	0	0	0	1378133
www.town.minobu.lg.jp	山梨県	身延町	2026-09-12	2026-09-12	32	0	1	0	0	701713
www.town.oji.nara.jp	奈良県	王寺町	2026-09-12	2026-09-12	32	0	0	0	0	1610120
www.town.sakuho.nagano.jp	長野県	佐久穂町	2026-09-12	2026-09-12	32	0	0	0	0	1443307
www.town.shirako.lg.jp	千葉県	白子町	2026-09-11	2026-09-11	32	0	3	0	0	872308
www.town.tohnosho.chiba.jp	千葉県	東庄町	2026-09-11	2026-09-11	32	0	0	0	0	1587925
www.town.yakushima.kagoshima.jp	鹿児島県	屋久島町	2026-09-20	2026-09-20	32	2	0	0	0	2065681
dansuki.jp	長野県	松川町観光	2026-09-12	2026-09-12	31	0	0	0	0	1151225
kameyama-kanko.com	三重県	亀山市観光	2026-09-12	2026-09-12	31	0	1	0	0	1152853
okinoerabujima.info	鹿児島県	知名町観光	2026-09-20	2026-09-20	31	1	1	0	0	4567306
tsushima-kankou.com	愛知県	津島市観光	2026-09-08	2026-09-08	31	0	0	0	0	1334116
vill.higashiyoshino.nara.jp	奈良県	東吉野村	2026-09-12	2026-09-12	31	0	0	0	0	791817
www.city.agano.niigata.jp	新潟県	阿賀野市	2026-09-12	2026-09-12	31	0	0	0	0	1959147
www.city.hanno.lg.jp	埼玉県	飯能市	2026-09-11	2026-09-11	31	0	0	0	0	1000714
www.city.kani.lg.jp	岐阜県	可児市	2026-09-12	2026-09-12	31	0	1	0	0	1789755
www.city.kanuma.tochigi.jp	栃木県	鹿沼市	2026-09-11	2026-09-11	31	0	0	0	0	4105994
www.city.suzuka.lg.jp	三重県	鈴鹿市	2026-09-12	2026-09-12	31	0	1	0	0	1003856
www.city.taketa.oita.jp	大分県	竹田市	2026-09-19	2026-09-19	31	3	0	0	0	1904537
www.city.yokohama.lg.jp	神奈川県	横浜市	2026-09-11	2026-09-11	31	0	1	0	0	1478203
www.higashichichibu.jp	埼玉県	東秩父村観光	2026-09-11	2026-09-11	31	0	0	0	0	435740
www.hirayamura.jp	長野県	平谷村	2026-09-12	2026-09-12	31	0	1	0	0	3119520
www.karatsu-kankou.jp	佐賀県	唐津市観光	2026-09-19	2026-09-19	31	1	0	0	0	1320767
www.sekigahara1600.com	岐阜県	関ケ原町観光	2026-09-12	2026-09-12	31	0	2	0	0	481404
www.town.hasami.lg.jp	長崎県	波佐見町	2026-09-19	2026-09-19	31	2	2	0	0	2675675
www.town.kiyama.lg.jp	佐賀県	基山町	2026-09-19	2026-09-19	31	2	3	0	0	3021399
www.town.kumamoto-nishiki.lg.jp	熊本県	錦町	2026-09-20	2026-09-20	31	2	1	0	0	3499321
www.town.mashiko.lg.jp	栃木県	益子町	2026-09-11	2026-09-11	31	0	1	0	0	430459
www.town.minano.saitama.jp	埼玉県	皆野町	2026-09-11	2026-09-11	31	0	1	0	0	3342422
www.town.tako.chiba.jp	千葉県	多古町	2026-09-11	2026-09-11	31	0	0	0	0	543387
www.town.tateshina.nagano.jp	長野県	立科町	2026-09-12	2026-09-12	31	0	1	0	0	1105780
www.vill.awashimaura.lg.jp	新潟県	粟島浦村	2026-09-12	2026-09-12	31	0	0	0	0	921545
www.vill.sekikawa.niigata.jp	新潟県	関川村	2026-09-12	2026-09-12	31	0	2	0	0	4174304
www.vill.yahiko.niigata.jp	新潟県	弥彦村	2026-09-12	2026-09-12	31	0	0	0	0	754568
www.youmore-minamioguni.com	熊本県	南小国町観光	2026-09-20	2026-09-20	31	1	1	0	0	1474365
chita-kanko.com	愛知県	知多市観光	2026-09-10	2026-09-10	30	0	0	0	0	1301661
mcity-kankokyokai.com	神奈川県	南足柄市観光	2026-09-11	2026-09-11	30	0	1	0	0	2521829
minokanko.com	岐阜県	美濃市観光	2026-09-12	2026-09-12	30	0	0	0	0	4091155
numazukanko.jp	静岡県	沼津市観光	2026-09-10	2026-09-10	30	0	1	0	0	12787280
tanekan.jp	鹿児島県	中種子町観光	2026-09-20	2026-09-20	30	2	0	0	0	1769529
www.city.ota.gunma.jp	群馬県	太田市	2026-09-12	2026-09-12	30	0	2	0	0	934781
www.city.saitama.lg.jp	埼玉県	さいたま市	2026-09-11	2026-09-11	30	0	2	0	0	5070461
www.city.satte.lg.jp	埼玉県	幸手市	2026-09-11	2026-09-11	30	0	0	0	0	1605966
www.city.urayasu.lg.jp	千葉県	浦安市	2026-09-11	2026-09-11	30	0	1	0	0	898692
www.dorogawaonsen.jp	奈良県	天川村観光	2026-09-12	2026-09-12	30	0	2	0	0	677028
www.gamagori.jp	愛知県	蒲郡市観光	2026-09-08	2026-09-08	30	0	0	0	0	1579946
www.info.city.tsu.mie.jp	三重県	津市	2026-09-12	2026-09-12	30	0	1	0	0	1169630
www.kanko-nodacity.jp	千葉県	野田市観光	2026-09-11	2026-09-11	30	0	2	0	0	351214
www.kudoyama-kanko.jp	和歌山県	九度山町観光	2026-09-12	2026-09-12	30	0	0	0	0	826722
www.matsusaka-kanko.com	三重県	松阪市観光	2026-09-12	2026-09-12	30	0	0	0	0	2029244
www.minami-ise.jp	三重県	南伊勢町観光	2026-09-12	2026-09-12	30	0	3	0	0	323852
www.mitsue-kanko.jp	奈良県	御杖村観光	2026-09-12	2026-09-12	30	0	0	0	0	4653266
www.miyakikankou.jp	佐賀県	みやき町観光	2026-09-19	2026-09-19	30	2	1	0	0	385722
www.morotsuka-tourism.jp	宮崎県	諸塚村観光	2026-09-20	2026-09-20	30	1	0	0	0	1211988
www.town.fujikawaguchiko.lg.jp	山梨県	富士河口湖町	2026-09-12	2026-09-12	30	0	1	0	0	991770
www.town.hidakagawa.lg.jp	和歌山県	日高川町	2026-09-12	2026-09-12	30	0	1	0	0	1091353
www.town.mibu.tochigi.jp	栃木県	壬生町	2026-09-11	2026-09-11	30	0	1	0	0	1689065
www.town.minabe.lg.jp	和歌山県	みなべ町	2026-09-12	2026-09-12	30	0	6	0	0	689577
www.town.okagaki.lg.jp	福岡県	岡垣町	2026-09-19	2026-09-19	30	3	0	0	0	892606
www.town.tochigi-nakagawa.lg.jp	栃木県	那珂川町	2026-09-11	2026-09-11	30	0	0	0	0	3025564
www.town.yoro.gifu.jp	岐阜県	養老町	2026-09-12	2026-09-12	30	0	1	0	0	1008341
xn--w0w51m.com	岐阜県	瑞浪市観光	2026-09-12	2026-09-12	30	0	0	0	0	3043083
kankou.aizubandai.jp	福島県	磐梯町観光	2026-09-12	2026-09-12	29	0	0	0	0	2251857
sano-kankokk.jp	栃木県	佐野市観光	2026-09-11	2026-09-11	29	0	1	0	0	4879753
www.city.chiryu.aichi.jp	愛知県	知立市	2026-09-08	2026-09-10	29	0	5	0	0	2341982
www.city.kama.lg.jp	福岡県	嘉麻市	2026-09-19	2026-09-19	29	4	3	0	0	748634
www.city.minamisoma.lg.jp	福島県	南相馬市	2026-09-12	2026-09-12	29	0	0	0	0	2002627
www.city.miura.kanagawa.jp	神奈川県	三浦市	2026-09-11	2026-09-11	29	0	0	0	0	1562960
www.city.numazu.shizuoka.jp	静岡県	沼津市	2026-09-08	2026-09-10	29	0	8	0	0	1832788
www.city.ogi.lg.jp	佐賀県	小城市	2026-09-19	2026-09-19	29	2	1	0	0	545967
www.hida-kankou.jp	岐阜県	飛騨市観光	2026-09-12	2026-09-12	29	0	0	0	0	3527613
www.komaki-kanko.jp	愛知県	小牧市観光	2026-09-12	2026-09-12	29	0	0	0	0	1013377
www.koumi-town.jp	長野県	小海町	2026-09-12	2026-09-12	29	0	3	0	0	1933503
www.miyakejima.gr.jp	東京都	三宅村観光	2026-09-11	2026-09-11	29	0	0	0	0	625116
www.town.hayakawa.yamanashi.jp	山梨県	早川町	2026-09-12	2026-09-12	29	0	1	0	0	831658
www.town.kagamiishi.fukushima.jp	福島県	鏡石町	2026-09-12	2026-09-12	29	0	1	0	0	475221
www.town.yoshino.nara.jp	奈良県	吉野町	2026-09-12	2026-09-12	29	0	0	0	0	796677
www.usuki-kanko.com	大分県	臼杵市観光	2026-09-19	2026-09-19	29	2	0	0	0	1036404
www.vill.omi.nagano.jp	長野県	麻績村	2026-09-12	2026-09-12	29	0	1	0	0	394101
dateshikankou.jp	福島県	伊達市観光	2026-09-12	2026-09-12	28	0	0	0	0	245651
ikeda-kanko.jp	長野県	池田町観光	2026-09-12	2026-09-12	28	0	1	0	0	1325270
kanko-ogori.net	福岡県	小郡市観光	2026-09-19	2026-09-19	28	1	0	0	0	2926697
misato-city.com	埼玉県	三郷市観光	2026-09-11	2026-09-11	28	0	1	0	0	2388882
www.city.ebina.kanagawa.jp	神奈川県	海老名市	2026-09-11	2026-09-11	28	0	1	0	0	1331214
www.city.joetsu.niigata.jp	新潟県	上越市	2026-09-12	2026-09-12	28	0	1	0	0	815153
www.city.kodaira.tokyo.jp	東京都	小平市	2026-09-11	2026-09-11	28	0	2	0	0	1622156
www.city.saga.lg.jp	佐賀県	佐賀市	2026-09-19	2026-09-19	28	2	0	0	0	894886
www.city.taku.lg.jp	佐賀県	多久市	2026-09-19	2026-09-19	28	2	1	0	0	786083
www.iiyama-ouendan.net	長野県	飯山市観光	2026-09-12	2026-09-12	28	0	3	0	0	1419076
www.kanko-ogano.jp	埼玉県	小鹿野町観光	2026-09-11	2026-09-11	28	0	0	0	0	918347
www.kashihara-kanko.or.jp	奈良県	橿原市観光	2026-09-12	2026-09-12	28	0	1	0	0	800491
www.nagawa.info	長野県	長和町観光	2026-09-12	2026-09-12	28	0	1	0	0	1365308
www.town-kiso.com	長野県	木曽町	2026-09-12	2026-09-12	28	0	1	0	0	664590
www.town.mifune.kumamoto.jp	熊本県	御船町	2026-09-20	2026-09-20	28	2	1	1	0	3697308
www.town.naganohara.gunma.jp	群馬県	長野原町	2026-09-12	2026-09-12	28	0	0	0	0	678004
www.town.nishiaizu.fukushima.jp	福島県	西会津町	2026-09-12	2026-09-12	28	0	1	0	0	721937
www.town.shirakawa.lg.jp	岐阜県	白川町	2026-09-12	2026-09-12	28	0	1	0	0	696994
www.town.toei.aichi.jp	愛知県	東栄町	2026-09-08	2026-09-10	28	0	1	0	0	1569946
www.town.tsunagi.lg.jp	熊本県	津奈木町	2026-09-20	2026-09-20	28	2	1	0	0	3063969
www.town.yuasa.wakayama.jp	和歌山県	湯浅町	2026-09-12	2026-09-12	28	0	1	0	0	701378
www.vill.ooshika.nagano.jp	長野県	大鹿村	2026-09-12	2026-09-12	28	0	0	0	0	905298
atarimae-kanko.com	佐賀県	佐賀市観光	2026-09-19	2026-09-19	27	1	0	0	0	4682767
ebina-kankou.com	神奈川県	海老名市観光	2026-09-11	2026-09-11	27	0	2	0	0	2667632
izumatsuzakinet.com	静岡県	松崎町観光	2026-09-10	2026-09-10	27	0	0	0	0	2586759
joetsukankonavi.jp	新潟県	上越市観光	2026-09-12	2026-09-12	27	0	1	0	0	565767
kanko.anjo-tanabata.jp	愛知県	安城市観光	2026-09-08	2026-09-08	27	0	0	0	0	1619887
mino-shirakawa.com	岐阜県	白川町観光	2026-09-12	2026-09-12	27	0	0	0	0	1420857
showakanko.or.jp	福島県	昭和村観光	2026-09-12	2026-09-12	27	0	0	0	0	1642221
sosa-kanko.com	千葉県	匝瑳市観光	2026-09-11	2026-09-11	27	0	0	0	0	1823933
www.city.iiyama.nagano.jp	長野県	飯山市	2026-09-12	2026-09-12	27	0	10	0	0	1571386
www.city.kashihara.nara.jp	奈良県	橿原市	2026-09-12	2026-09-12	27	0	0	0	0	2380664
www.city.kawasaki.jp	神奈川県	川崎市	2026-09-11	2026-09-11	27	0	0	0	0	1351648
www.city.kita.lg.jp	東京都	北区	2026-09-11	2026-09-11	27	0	1	0	0	1240121
www.city.kitakata.fukushima.jp	福島県	喜多方市	2026-09-12	2026-09-12	27	0	1	0	0	999434
www.city.misato.lg.jp	埼玉県	三郷市	2026-09-11	2026-09-11	27	0	0	0	0	1608964
www.city.murakami.lg.jp	新潟県	村上市	2026-09-12	2026-09-12	27	0	1	0	0	1296055
www.city.ogaki.lg.jp	岐阜県	大垣市	2026-09-12	2026-09-12	27	0	1	0	0	766425
www.city.tokai.aichi.jp	愛知県	東海市	2026-09-08	2026-09-10	27	0	1	0	0	700277
www.kainankanko.com	和歌山県	海南市観光	2026-09-12	2026-09-12	27	0	0	0	0	1274243
www.nasukogen.org	栃木県	那須町観光	2026-09-11	2026-09-11	27	0	2	0	0	663090
www.town.hinokage.lg.jp	宮崎県	日之影町	2026-09-20	2026-09-20	27	2	1	0	0	458165
www.town.ichinomiya.chiba.jp	千葉県	一宮町	2026-09-11	2026-09-11	27	0	19	0	0	719386
www.town.nagawa.nagano.jp	長野県	長和町	2026-09-12	2026-09-12	27	0	0	0	0	1172258
www.town.ogano.lg.jp	埼玉県	小鹿野町	2026-09-11	2026-09-11	27	0	0	0	0	1087826
www.town.seiro.niigata.jp	新潟県	聖籠町	2026-09-12	2026-09-12	27	0	0	0	0	1550422
www.town.shimonita.lg.jp	群馬県	下仁田町	2026-09-12	2026-09-12	27	0	1	0	0	428973
www.town.taiji.wakayama.jp	和歌山県	太地町	2026-09-12	2026-09-12	27	0	3	0	0	425823
www.town.yamakita.kanagawa.jp	神奈川県	山北町	2026-09-11	2026-09-11	27	0	1	0	0	422706
www.vill.hinohara.tokyo.jp	東京都	檜原村	2026-09-11	2026-09-11	27	0	1	0	0	624448
www.vill.takayama.nagano.jp	長野県	高山村	2026-09-12	2026-09-12	27	0	1	0	0	474334
www.yorii-kanko.jp	埼玉県	寄居町観光	2026-09-12	2026-09-12	27	0	3	0	0	1280930
www.yuasa-kankokyokai.com	和歌山県	湯浅町観光	2026-09-12	2026-09-12	27	0	0	0	0	2360465
kanko-yokkaichi.com	三重県	四日市市観光	2026-09-12	2026-09-12	26	0	0	0	0	1282321
kanko.city.izu.shizuoka.jp	静岡県	伊豆市観光	2026-09-10	2026-09-10	26	0	0	0	0	1642455
kanko.mitaka.ne.jp	東京都	三鷹市観光	2026-09-11	2026-09-11	26	0	0	0	0	668472
kanko.vill.kawaba.gunma.jp	群馬県	川場村観光	2026-09-12	2026-09-12	26	0	1	0	0	467335
miura-info.ne.jp	神奈川県	三浦市観光	2026-09-11	2026-09-11	26	0	0	0	0	1416519
town.matsuda.kanagawa.jp	神奈川県	松田町	2026-09-11	2026-09-11	26	0	1	0	0	552601
www.chichibuji.gr.jp	埼玉県	秩父市観光	2026-09-11	2026-09-11	26	0	0	0	0	1199840
www.chiryu-kanko.com	愛知県	知立市観光	2026-09-10	2026-09-10	26	0	0	0	0	857881
www.city.choshi.chiba.jp	千葉県	銚子市	2026-09-11	2026-09-11	26	0	0	0	0	656091
www.city.hida.gifu.jp	岐阜県	飛騨市	2026-09-12	2026-09-12	26	0	1	0	0	750433
www.city.mobara.chiba.jp	千葉県	茂原市	2026-09-11	2026-09-11	26	0	1	0	0	555057
www.city.sano.lg.jp	栃木県	佐野市	2026-09-11	2026-09-11	26	0	0	0	0	1458593
www.city.tamana.lg.jp	熊本県	玉名市	2026-09-20	2026-09-20	26	2	0	0	0	1553870
www.city.tateyama.chiba.jp	千葉県	館山市	2026-09-11	2026-09-11	26	0	1	0	0	595463
www.go-nagano.net	長野県	麻績村観光	2026-09-12	2026-09-12	26	0	4	0	0	10807276
www.kagamiishi-kanko.jp	福島県	鏡石町観光	2026-09-12	2026-09-12	26	0	0	0	0	282666
www.kankou-matsue.jp	愛知県	大口町観光	2026-09-10	2026-09-10	26	0	54	0	0	11467812
www.namegawa-kanko.jp	埼玉県	滑川町観光	2026-09-12	2026-09-12	26	0	2	0	0	29378743
www.suwakanko.jp	長野県	諏訪市観光	2026-09-12	2026-09-12	26	0	0	0	0	3254747
www.town.agui.lg.jp	愛知県	阿久比町	2026-09-08	2026-09-10	26	0	1	0	0	627464
www.town.bandai.fukushima.jp	福島県	磐梯町	2026-09-12	2026-09-12	26	0	2	0	0	1038400
www.town.koya.wakayama.jp	和歌山県	高野町	2026-09-12	2026-09-12	26	0	0	0	0	518824
www.town.toyosato.shiga.jp	滋賀県	豊郷町	2026-09-12	2026-09-12	26	0	1	0	0	431324
www.vill.miyake.tokyo.jp	東京都	三宅村	2026-09-11	2026-09-11	26	0	1	0	0	981607
ashigara-local.jp	神奈川県	松田町観光	2026-09-11	2026-09-11	25	0	0	0	0	1514763
hidakagawa-kanko.jp	和歌山県	日高川町観光	2026-09-12	2026-09-12	25	0	0	0	0	1940736
mibu-kankou.org	栃木県	壬生町観光	2026-09-11	2026-09-11	25	0	21	0	0	1099795
shonan-ninomiya-kankou.com	神奈川県	二宮町観光	2026-09-11	2026-09-11	25	0	0	0	0	1015344
town.nakatane.kagoshima.jp	鹿児島県	中種子町	2026-09-20	2026-09-20	25	2	1	0	0	360365
tsukanko.jp	三重県	津市観光	2026-09-12	2026-09-12	25	0	0	0	0	2987549
visitsaitamacity.jp	埼玉県	さいたま市観光	2026-09-11	2026-09-11	25	0	0	0	0	4342260
www.city.chita.lg.jp	愛知県	知多市	2026-09-08	2026-09-10	25	0	1	0	0	890083
www.city.izunokuni.shizuoka.jp	静岡県	伊豆の国市	2026-09-08	2026-09-10	25	0	9	0	0	506981
www.city.kameyama.mie.jp	三重県	亀山市	2026-09-12	2026-09-12	25	0	0	0	0	570273
www.city.minamiashigara.kanagawa.jp	神奈川県	南足柄市	2026-09-11	2026-09-11	25	0	0	0	0	1197318
www.city.noda.chiba.jp	千葉県	野田市	2026-09-11	2026-09-11	25	0	1	0	0	691781
www.city.togane.chiba.jp	千葉県	東金市	2026-09-11	2026-09-11	25	0	1	0	0	676740
www.city.tsuruga.lg.jp	福井県	敦賀市	2026-09-12	2026-09-12	25	0	1	0	0	1015396
www.miyazaki-city.tourism.or.jp	宮崎県	宮崎市観光	2026-09-20	2026-09-20	25	1	1	0	0	10599443
www.nishiizu-kankou.com	静岡県	西伊豆町観光	2026-09-10	2026-09-10	25	0	2	0	0	1732611
www.satte-k.com	埼玉県	幸手市観光	2026-09-11	2026-09-11	25	0	0	0	0	1176516
www.town.kudoyama.lg.jp	和歌山県	九度山町	2026-09-12	2026-09-12	25	0	0	0	0	388167
www.town.minamiise.lg.jp	三重県	南伊勢町	2026-09-12	2026-09-12	25	0	0	0	0	1203009
www.town.miyaki.lg.jp	佐賀県	みやき町	2026-09-19	2026-09-19	25	2	1	0	0	692204
www.urayasu-kankou.jp	千葉県	浦安市観光	2026-09-11	2026-09-11	25	0	0	0	0	1393549
www.vill.kawaba.gunma.jp	群馬県	川場村	2026-09-12	2026-09-12	25	0	1	0	0	490497
www.vill.mitsue.nara.jp	奈良県	御杖村	2026-09-12	2026-09-12	25	0	0	0	0	459042
www.vill.morotsuka.miyazaki.jp	宮崎県	諸塚村	2026-09-20	2026-09-20	25	2	0	0	0	1233515
agano-spot.com	新潟県	阿賀野市観光	2026-09-12	2026-09-12	24	0	0	0	0	1952692
hanno-tourism.jp	埼玉県	飯能市観光	2026-09-11	2026-09-11	24	0	0	0	0	2837207
hasami-kankou.jp	長崎県	波佐見町観光	2026-09-19	2026-09-19	24	1	0	0	0	874329
oshino-navi.com	山梨県	忍野村観光	2026-09-12	2026-09-12	24	0	0	0	0	1362061
shirakabakogen.jp	長野県	立科町観光	2026-09-12	2026-09-12	24	0	0	0	0	1981939
taketa.guide	大分県	竹田市観光	2026-09-19	2026-09-19	24	1	0	0	0	942161
www.city.ritto.lg.jp	滋賀県	栗東市	2026-09-12	2026-09-12	24	0	0	0	0	871278
www.gotokanko.jp	長崎県	五島市観光	2026-09-19	2026-09-19	24	2	3	0	0	678154
www.hinodekanko.jp	東京都	日の出町観光	2026-09-11	2026-09-11	24	0	6	0	0	7783804
www.kanko-shinjuku.jp	東京都	新宿区観光	2026-09-11	2026-09-11	24	0	0	0	0	634531
www.kanko.suzuka.mie.jp	三重県	鈴鹿市観光	2026-09-12	2026-09-12	24	0	0	0	0	899259
www.kankoshitara.jp	愛知県	設楽町観光	2026-09-10	2026-09-10	24	0	0	0	0	800844
www.minano.gr.jp	埼玉県	皆野町観光	2026-09-11	2026-09-11	24	0	0	0	0	1282283
www.nihon-kankou.or.jp	埼玉県	上里町観光	2026-09-11	2026-09-11	24	0	0	0	0	10392336
www.town.china.lg.jp	鹿児島県	知名町	2026-09-20	2026-09-20	24	2	0	0	0	1777639
www.town.fukui-mihama.lg.jp	福井県	美浜町	2026-09-12	2026-09-12	24	0	1	0	0	951279
www.town.iizuna.nagano.jp	長野県	飯綱町	2026-09-12	2026-09-12	24	0	1	0	0	767044
www.town.matsukawa.lg.jp	長野県	松川町	2026-09-12	2026-09-12	24	0	0	0	0	809523
www.town.onjuku.chiba.jp	千葉県	御宿町	2026-09-11	2026-09-11	24	0	15	0	0	405653
www.town.ranzan.saitama.jp	埼玉県	嵐山町	2026-09-11	2026-09-11	24	0	1	0	0	671102
www.town.saitama-misato.lg.jp	埼玉県	美里町	2026-09-11	2026-09-11	24	0	1	0	0	345872
www.welcome.city.yokohama.jp	神奈川県	横浜市観光	2026-09-11	2026-09-11	24	0	1	0	0	1156190
yuki-kankou.com	茨城県	結城市観光	2026-09-07	2026-09-08	24	0	1	0	0	567596
gotembatourism.jp	静岡県	御殿場市観光	2026-09-10	2026-09-10	23	0	0	0	0	1578153
hinokage-kanko.jp	宮崎県	日之影町観光	2026-09-20	2026-09-20	23	1	22	0	0	2951319
home.oji-kanko.kokosil.net	奈良県	王寺町観光	2026-09-12	2026-09-12	23	0	1	0	0	1474823
kihoku-kanko.com	三重県	紀北町観光	2026-09-12	2026-09-12	23	0	0	0	0	669804
tsubame-kankou.jp	新潟県	燕市観光	2026-09-12	2026-09-12	23	0	0	0	0	800128
www.amikan.jp	茨城県	阿見町観光	2026-09-07	2026-09-08	23	0	1	0	0	305652
www.arita.jp	佐賀県	有田町観光	2026-09-19	2026-09-19	23	1	0	0	0	569518
www.city.ashikaga.tochigi.jp	栃木県	足利市	2026-09-11	2026-09-11	23	0	0	0	0	3050277
www.city.chikuma.lg.jp	長野県	千曲市	2026-09-12	2026-09-12	23	0	1	0	0	1128325
www.city.fujieda.shizuoka.jp	静岡県	藤枝市	2026-09-08	2026-09-10	23	0	0	0	0	1801036
www.city.hyuga.miyazaki.jp	宮崎県	日向市	2026-09-20	2026-09-20	23	2	1	0	0	422784
www.city.nobeoka.miyazaki.jp	宮崎県	延岡市	2026-09-20	2026-09-20	23	2	6	0	0	1059547
www.city.toyoake.lg.jp	愛知県	豊明市	2026-09-08	2026-09-10	23	0	1	0	0	1384300
www.kota-kanko.jp	愛知県	幸田町観光	2026-09-10	2026-09-10	23	0	0	0	0	952640
www.misato-kankou.com	宮崎県	美郷町観光	2026-09-20	2026-09-20	23	2	1	0	0	551702
www.tohnosho-kanko.jp	千葉県	東庄町観光	2026-09-11	2026-09-11	23	0	0	0	0	2947299
www.town.kaminokawa.lg.jp	栃木県	上三川町	2026-09-11	2026-09-11	23	0	2	0	0	989417
www.town.tadami.lg.jp	福島県	只見町	2026-09-12	2026-09-12	23	0	1	0	0	760298
www.yk-kankou.jp	奈良県	大和郡山市観光	2026-09-12	2026-09-12	23	0	1	0	0	492938
yachiho-kogen.jp	長野県	佐久穂町観光	2026-09-12	2026-09-12	23	0	0	0	0	625244
yakukan.jp	鹿児島県	屋久島町観光	2026-09-20	2026-09-20	23	1	0	0	0	1199076
flat-shiroishi.jp	佐賀県	白石町観光	2026-09-19	2026-09-19	22	1	0	0	0	511187
isa-kanko.com	鹿児島県	伊佐市観光	2026-09-20	2026-09-20	22	1	0	0	0	1430316
kit-suki.com	大分県	杵築市観光	2026-09-19	2026-09-19	22	2	0	0	0	3106579
kitabiwako.jp	滋賀県	長浜市観光	2026-09-12	2026-09-12	22	0	0	0	0	1209376
tawaramoton.com	奈良県	田原本町観光	2026-09-12	2026-09-12	22	0	11	0	0	1907526
visit-sumida.jp	東京都	墨田区観光	2026-09-11	2026-09-11	22	0	0	0	0	1569084
www.chigasaki-kankou.org	神奈川県	茅ヶ崎市観光	2026-09-11	2026-09-11	22	0	0	0	0	651256
www.city.atami.lg.jp	静岡県	熱海市	2026-09-08	2026-09-10	22	0	9	0	0	489533
www.city.ito.shizuoka.jp	静岡県	伊東市	2026-09-08	2026-09-10	22	0	8	0	0	1655323
www.city.matsusaka.mie.jp	三重県	松阪市	2026-09-12	2026-09-12	22	0	2	0	0	665100
www.city.mizunami.lg.jp	岐阜県	瑞浪市	2026-09-12	2026-09-12	22	0	1	0	0	389810
www.city.sakurai.lg.jp	奈良県	桜井市	2026-09-12	2026-09-12	22	0	0	0	0	824584
www.city.soma.fukushima.jp	福島県	相馬市	2026-09-12	2026-09-12	22	0	0	0	0	1180020
www.city.ureshino.lg.jp	佐賀県	嬉野市	2026-09-19	2026-09-19	22	2	0	0	0	550841
www.koumi-kankou.jp	長野県	小海町観光	2026-09-12	2026-09-12	22	0	0	0	0	876024
www.ritto-kanko.com	滋賀県	栗東市観光	2026-09-12	2026-09-12	22	0	0	0	0	374711
www.saito-kanko.jp	宮崎県	西都市観光	2026-09-20	2026-09-20	22	2	1	0	0	1604496
www.town.kawaminami.miyazaki.jp	宮崎県	川南町	2026-09-20	2026-09-20	22	2	1	0	0	581813
www.town.kujukuri.chiba.jp	千葉県	九十九里町	2026-09-11	2026-09-11	22	0	1	0	0	336136
www.town.yuzawa.lg.jp	新潟県	湯沢町	2026-09-12	2026-09-12	22	0	0	0	0	1244974
www.vill.nozawaonsen.nagano.jp	長野県	野沢温泉村	2026-09-12	2026-09-12	22	0	1	0	0	342381
asahicity-kanko.jp	千葉県	旭市観光	2026-09-11	2026-09-11	21	0	0	0	0	1968764
dmofukutsu.com	福岡県	福津市観光	2026-09-19	2026-09-19	21	1	0	0	0	1350585
hinohara-kankou.jp	東京都	檜原村観光	2026-09-11	2026-09-11	21	0	0	0	0	14489302
info-otari.jp	長野県	小谷村観光	2026-09-12	2026-09-12	21	0	0	0	0	3048231
kanko-kusatsu.com	滋賀県	草津市観光	2026-09-12	2026-09-12	21	0	0	0	0	1420487
kanko-omachi.gr.jp	長野県	大町市観光	2026-09-12	2026-09-12	21	0	0	0	0	634147
oze-katashina.info	群馬県	片品村観光	2026-09-12	2026-09-12	21	0	0	0	0	1534492
reihoku-kumamoto.jp	熊本県	苓北町	2026-09-20	2026-09-20	21	2	1	0	0	2441356
www.aisho-kanko.com	滋賀県	愛荘町観光	2026-09-12	2026-09-12	21	0	0	0	0	1961192
www.bandaisan.or.jp	福島県	猪苗代町観光	2026-09-12	2026-09-12	21	0	0	0	0	10683580
www.chuo-kanko.or.jp	東京都	中央区観光	2026-09-11	2026-09-11	21	0	0	0	0	3465745
www.city.adachi.tokyo.jp	東京都	足立区	2026-09-11	2026-09-11	21	0	1	0	0	425893
www.city.kawagoe.saitama.jp	埼玉県	川越市	2026-09-11	2026-09-11	21	0	1	0	0	1079737
www.city.owase.lg.jp	三重県	尾鷲市	2026-09-12	2026-09-12	21	0	1	0	0	568881
www.city.suzaka.nagano.jp	長野県	須坂市	2026-09-12	2026-09-12	21	0	0	0	0	1269701
www.isahaya-kankou.com	長崎県	諫早市観光	2026-09-19	2026-09-19	21	2	0	0	0	1052816
www.kusatsu-onsen.ne.jp	群馬県	草津町観光	2026-09-12	2026-09-12	21	0	0	0	0	893373
www.misato-kanko.com	埼玉県	美里町観光	2026-09-11	2026-09-20	21	1	0	0	0	1001441
www.sake3.com	新潟県	村上市観光	2026-09-12	2026-09-12	21	0	1	0	0	653281
www.town.kusu.oita.jp	大分県	玖珠町	2026-09-19	2026-09-19	21	2	0	0	0	852698
www.vill.tsumagoi.gunma.jp	群馬県	嬬恋村	2026-09-12	2026-09-12	21	0	2	0	0	303044
www.yamanashishi-kankou.com	山梨県	山梨市観光	2026-09-12	2026-09-12	21	0	0	0	0	628872
yoshinoyama-kankou.com	奈良県	吉野町観光	2026-09-12	2026-09-12	21	0	2	0	0	1739597
aira-kankou.jp	鹿児島県	姶良市観光	2026-09-20	2026-09-20	20	2	0	0	0	2188390
chikugo.net	福岡県	筑後市観光	2026-09-19	2026-09-19	20	4	3	0	0	796602
hashimoto-tourism.com	和歌山県	橋本市観光	2026-09-12	2026-09-12	20	0	0	0	0	1099921
ikoma-kanko.jp	奈良県	生駒市観光	2026-09-12	2026-09-12	20	0	0	0	0	1213238
kanzaki.sagan.jp	佐賀県	神埼市観光	2026-09-19	2026-09-19	20	2	1	0	0	1516724
m-uonuma.jp	新潟県	南魚沼市観光	2026-09-12	2026-09-12	20	0	0	0	0	1329466
shinagawa-kanko.or.jp	東京都	品川区観光	2026-09-11	2026-09-11	20	0	0	0	0	3406978
taga-kankou.com	滋賀県	多賀町観光	2026-09-12	2026-09-12	20	0	0	0	0	461474
tanoshimu-togitsu.com	長崎県	時津町観光	2026-09-19	2026-09-19	20	1	0	0	0	651383
ukihalove.jp	福岡県	うきは市観光	2026-09-19	2026-09-19	20	1	0	0	0	1213466
www.amami-tourism.org	鹿児島県	奄美市観光	2026-09-20	2026-09-20	20	1	0	0	0	1277287
www.city.fuefuki.yamanashi.jp	山梨県	笛吹市	2026-09-12	2026-09-12	20	0	0	0	0	569822
www.city.ikoma.lg.jp	奈良県	生駒市	2026-09-12	2026-09-12	20	0	1	0	0	882831
www.city.kanzaki.saga.jp	佐賀県	神埼市	2026-09-19	2026-09-19	20	2	2	1	0	465532
www.city.maebashi.gunma.jp	群馬県	前橋市	2026-09-12	2026-09-12	20	0	1	0	0	1632367
www.city.mino.gifu.jp	岐阜県	美濃市	2026-09-12	2026-09-12	20	0	1	0	0	384803
www.city.ome.tokyo.jp	東京都	青梅市	2026-09-11	2026-09-11	20	0	6	0	0	571237
www.city.shima.mie.jp	三重県	志摩市	2026-09-12	2026-09-12	20	0	0	0	0	1129768
www.city.toki.lg.jp	岐阜県	土岐市	2026-09-12	2026-09-12	20	0	1	0	0	505533
www.city.ukiha.fukuoka.jp	福岡県	うきは市	2026-09-19	2026-09-19	20	4	3	3	0	2454010
www.city.yamanashi.yamanashi.jp	山梨県	山梨市	2026-09-12	2026-09-12	20	0	1	0	0	640005
www.manazuru.net	神奈川県	真鶴町観光	2026-09-11	2026-09-11	20	0	0	0	0	2231313
www.matsudo-kankou.jp	千葉県	松戸市観光	2026-09-11	2026-09-11	20	0	0	0	0	1880800
www.obusekanko.jp	長野県	小布施町観光	2026-09-12	2026-09-12	20	0	0	0	0	1195500
www.omekanko.gr.jp	東京都	青梅市観光	2026-09-11	2026-09-11	20	0	0	0	0	697922
www.town.aisho.shiga.jp	滋賀県	愛荘町	2026-09-12	2026-09-12	20	0	0	0	0	1190567
beppu-tourism.com	大分県	別府市観光	2026-09-19	2026-09-19	19	1	0	0	0	1972498
kanko-iwata.jp	静岡県	磐田市観光	2026-09-10	2026-09-10	19	0	0	0	0	934427
kankou.reihoku-kumamoto.jp	熊本県	苓北町観光	2026-09-20	2026-09-20	19	1	1	0	0	1271310
kofu-tourism.com	山梨県	甲府市観光	2026-09-12	2026-09-12	19	0	0	0	0	1533995
nakanojo-kanko.jp	群馬県	中之条町観光	2026-09-12	2026-09-12	19	0	0	0	0	1458207
owasekankou.com	三重県	尾鷲市観光	2026-09-12	2026-09-12	19	0	0	0	0	1537162
www.city.ena.lg.jp	岐阜県	恵那市	2026-09-12	2026-09-12	19	0	1	0	0	1128544
www.city.isahaya.nagasaki.jp	長崎県	諫早市	2026-09-19	2026-09-19	19	2	1	0	0	346402
www.kanko-oyama.jp	静岡県	小山町観光	2026-09-11	2026-09-11	19	0	2	0	0	978573
www.kankou-nichinan.jp	宮崎県	日南市観光	2026-09-20	2026-09-20	19	1	1	0	0	643136
www.koshigaya-sightseeing.jp	埼玉県	越谷市観光	2026-09-11	2026-09-11	19	0	0	0	0	599678
www.toba.gr.jp	三重県	鳥羽市観光	2026-09-12	2026-09-12	19	0	0	0	0	1173632
www.toganekanko.jp	千葉県	東金市観光	2026-09-11	2026-09-11	19	0	0	0	0	5952423
www.tokamachishikankou.jp	新潟県	十日町市観光	2026-09-12	2026-09-12	19	0	0	0	0	1064015
www.town.inawashiro.fukushima.jp	福島県	猪苗代町	2026-09-12	2026-09-12	19	0	1	0	0	474212
www.town.kusatsu.gunma.jp	群馬県	草津町	2026-09-12	2026-09-12	19	0	1	0	0	326536
www.town.matsuzaki.shizuoka.jp	静岡県	松崎町	2026-09-08	2026-09-10	19	0	6	0	0	358742
www.tsumagoi-kankou.jp	群馬県	嬬恋村観光	2026-09-12	2026-09-12	19	0	5	0	0	31549293
99kankou.com	千葉県	九十九里町観光	2026-09-11	2026-09-11	18	0	0	0	0	747351
asahi-taiken.com	長野県	朝日村観光	2026-09-12	2026-09-12	18	0	0	0	0	3039815
kawaminami-kanko.com	宮崎県	川南町観光	2026-09-20	2026-09-20	18	1	0	0	0	886261
kiyosu-kanko.org	愛知県	清須市観光	2026-09-10	2026-09-10	18	0	0	0	0	425227
minamichita-kk.com	愛知県	南知多町観光	2026-09-10	2026-09-10	18	0	2	0	0	556870
nogi-kankou.com	栃木県	野木町観光	2026-09-11	2026-09-11	18	0	0	0	0	1760216
nozawakanko.jp	長野県	野沢温泉村観光	2026-09-12	2026-09-12	18	0	0	0	0	1616075
ooshika-kanko.com	長野県	大鹿村観光	2026-09-12	2026-09-12	18	0	0	0	0	1106332
spa-u.net	佐賀県	嬉野市観光	2026-09-19	2026-09-19	18	1	1	0	0	299021
www.atsugi-kankou.jp	神奈川県	厚木市観光	2026-09-11	2026-09-11	18	0	1	0	0	448874
www.city.iki.nagasaki.jp	長崎県	壱岐市	2026-09-19	2026-09-19	18	2	0	0	0	440907
www.city.isa.kagoshima.jp	鹿児島県	伊佐市	2026-09-20	2026-09-20	18	2	0	0	0	1289504
www.city.minamisatsuma.lg.jp	鹿児島県	南さつま市	2026-09-20	2026-09-20	18	2	0	0	0	1685273
www.city.nagahama.lg.jp	滋賀県	長浜市	2026-09-12	2026-09-12	18	0	1	0	0	488500
www.handa-kankou.com	愛知県	半田市観光	2026-09-08	2026-09-08	18	0	0	0	0	1207515
www.izumozaki.net	新潟県	出雲崎町観光	2026-09-12	2026-09-12	18	0	0	0	0	616210
www.kashiwakanko.com	千葉県	柏市観光	2026-09-12	2026-09-12	18	0	0	0	0	839716
www.kisotourism.com	長野県	木祖村観光	2026-09-12	2026-09-12	18	0	6	0	0	2220126
www.town.kota.lg.jp	愛知県	幸田町	2026-09-08	2026-09-10	18	0	1	0	0	330342
www.town.shiroishi.lg.jp	佐賀県	白石町	2026-09-19	2026-09-19	18	2	1	0	0	1099422
www.urabandai-inf.com	福島県	北塩原村観光	2026-09-12	2026-09-12	18	0	0	0	0	828935
k-miyachan.com	大分県	九重町観光	2026-09-19	2026-09-19	17	1	1	0	0	2173410
kakamigahara-kankou.jp	岐阜県	各務原市観光	2026-09-12	2026-09-12	17	0	0	0	0	3034645
kanko.town.heguri.nara.jp	奈良県	平群町観光	2026-09-12	2026-09-12	17	0	0	0	0	379384
kankou-minamiminowa.nagano.jp	長野県	南箕輪村観光	2026-09-12	2026-09-12	17	0	0	0	0	1120559
nobekan.jp	宮崎県	延岡市観光	2026-09-20	2026-09-20	17	1	0	0	0	2070298
soo-navi.jp	鹿児島県	曽於市観光	2026-09-20	2026-09-20	17	1	0	0	0	863398
tako-kankou.or.jp	千葉県	多古町観光	2026-09-11	2026-09-11	17	0	1	0	0	1301560
wakasa-mihama.jp	福井県	美浜町観光	2026-09-12	2026-09-12	17	0	0	0	0	1045662
welcome-toyoake.jp	愛知県	豊明市観光	2026-09-10	2026-09-10	17	0	1	0	0	608621
www.ashikaga-kankou.jp	栃木県	足利市観光	2026-09-11	2026-09-11	17	0	0	0	0	2538151
www.city-matsuura.jp	長崎県	松浦市	2026-09-19	2026-09-19	17	2	0	0	0	450390
www.city.goto.nagasaki.jp	長崎県	五島市	2026-09-19	2026-09-19	17	2	0	0	0	706760
www.city.komagane.nagano.jp	長野県	駒ヶ根市	2026-09-12	2026-09-12	17	0	0	0	0	213819
www.city.komoro.lg.jp	長野県	小諸市	2026-09-12	2026-09-12	17	0	1	0	0	754491
www.city.sosa.lg.jp	千葉県	匝瑳市	2026-09-11	2026-09-11	17	0	2	0	0	283113
www.hirokankou.org	福岡県	広川町観光	2026-09-19	2026-09-19	17	2	3	0	0	1301862
www.hyuga.or.jp	宮崎県	日向市観光	2026-09-20	2026-09-20	17	1	5	0	0	172928
www.ono-kankou.jp	福井県	大野市観光	2026-09-12	2026-09-12	17	0	2	0	0	1314819
www.tadami-net.com	福島県	只見町観光	2026-09-12	2026-09-12	17	0	0	0	0	807394
www.town.minamioguni.lg.jp	熊本県	南小国町	2026-09-20	2026-09-20	17	2	1	0	0	438679
www.town.miyazaki-misato.lg.jp	宮崎県	美郷町	2026-09-20	2026-09-20	17	2	1	0	0	1829003
www.town.shirahama.wakayama.jp	和歌山県	白浜町	2026-09-12	2026-09-12	17	0	0	0	0	947432
1127.info	長野県	飯綱町観光	2026-09-12	2026-09-12	16	0	0	0	0	492086
awara.info	福井県	あわら市観光	2026-09-12	2026-09-12	16	0	0	0	0	1211868
kaminokawa-kankou.net	栃木県	上三川町観光	2026-09-11	2026-09-11	16	0	0	0	0	638906
ogose-kanko.jp	埼玉県	越生町観光	2026-09-11	2026-09-11	16	0	0	0	0	4001024
onjuku-kankou.com	千葉県	御宿町観光	2026-09-11	2026-09-11	16	0	0	0	0	618432
ozukankou.jp	熊本県	大津町観光	2026-09-20	2026-09-20	16	1	0	0	0	1383255
tateyamacity.com	千葉県	館山市観光	2026-09-11	2026-09-11	16	0	0	0	0	1818493
www.city.okaya.lg.jp	長野県	岡谷市	2026-09-12	2026-09-12	16	0	0	0	0	1104136
www.city.shinjuku.lg.jp	東京都	新宿区	2026-09-11	2026-09-11	16	0	1	0	0	1045017
www.oamishirasato-kanko.net	千葉県	大網白里市観光	2026-09-12	2026-09-12	16	0	1	0	0	616149
www.ranzan-kanko.jp	埼玉県	嵐山町観光	2026-09-11	2026-09-11	16	0	0	0	0	15998999
www.town.hinode.tokyo.jp	東京都	日の出町	2026-09-11	2026-09-11	16	0	1	0	0	446348
www.town.kamisato.saitama.jp	埼玉県	上里町	2026-09-11	2026-09-11	16	0	0	0	0	1315940
www.town.shitara.lg.jp	愛知県	設楽町	2026-09-08	2026-09-10	16	0	1	0	0	471642
www.vill.oshino.lg.jp	山梨県	忍野村	2026-09-12	2026-09-12	16	0	1	0	0	379818
www.yokosuka-kanko.com	神奈川県	横須賀市観光	2026-09-12	2026-09-12	16	0	0	0	0	885708
go-akune.jp	鹿児島県	阿久根市観光	2026-09-20	2026-09-20	15	2	3	0	0	631678
hiokishi-kankou.com	鹿児島県	日置市観光	2026-09-20	2026-09-20	15	1	1	0	0	755663
kanko.shimonita.jp	群馬県	下仁田町観光	2026-09-12	2026-09-12	15	0	0	0	0	872825
kitakyushucity.guide	福岡県	北九州市観光	2026-09-19	2026-09-19	15	1	0	0	0	803154
mid-chiba-chosei.com	千葉県	茂原市観光	2026-09-11	2026-09-11	15	0	0	0	0	613195
tsuruga-kanko.jp	福井県	敦賀市観光	2026-09-12	2026-09-12	15	0	1	0	0	1421657
tsushima-kanko.net	長崎県	対馬市観光	2026-09-19	2026-09-19	15	1	0	0	0	462717
ueda-kanko.or.jp	長野県	上田市観光	2026-09-12	2026-09-12	15	0	0	0	0	885718
www.choshikanko.com	千葉県	銚子市観光	2026-09-11	2026-09-11	15	0	0	0	0	1036309
www.city.mitaka.lg.jp	東京都	三鷹市	2026-09-11	2026-09-11	15	0	1	0	0	364830
www.city.miyazaki.miyazaki.jp	宮崎県	宮崎市	2026-09-20	2026-09-20	15	2	1	0	0	464287
www.hidaka-kankou.jp	和歌山県	日高町観光	2026-09-12	2026-09-12	15	0	1	0	0	1179605
www.sakukankou.jp	長野県	佐久市観光	2026-09-12	2026-09-12	15	0	0	0	0	3335218
www.samukawa-kankou.jp	神奈川県	寒川町観光	2026-09-11	2026-09-11	15	0	0	0	0	804666
www.town.ninomiya.kanagawa.jp	神奈川県	二宮町	2026-09-11	2026-09-11	15	0	1	0	0	300055
www.vill-nagano-toyooka-kanko.jp	長野県	豊丘村観光	2026-09-12	2026-09-12	15	0	0	0	0	3976899
aguitown-kanko.com	愛知県	阿久比町観光	2026-09-10	2026-09-10	14	0	0	0	0	214565
amamikke.com	鹿児島県	龍郷町観光	2026-09-20	2026-09-20	14	2	13	0	0	1784750
kikugawakanko.com	静岡県	菊川市観光	2026-09-10	2026-09-10	14	0	0	0	0	1284638
kiminokanko.com	和歌山県	紀美野町観光	2026-09-12	2026-09-12	14	0	1	0	0	515483
shinshu-takayama-onsenkyo.com	長野県	高山村観光	2026-09-12	2026-09-12	14	0	0	0	0	900086
sodegaurakanko.org	千葉県	袖ケ浦市観光	2026-09-11	2026-09-11	14	0	2	0	0	497833
susami-kanko.com	和歌山県	すさみ町観光	2026-09-12	2026-09-12	14	0	9	0	0	1040450
taku-kankou.com	佐賀県	多久市観光	2026-09-19	2026-09-19	14	1	0	0	0	382832
toyosato-kanko.jp	滋賀県	豊郷町観光	2026-09-12	2026-09-12	14	0	0	0	0	394509
www.chibacity-ta.or.jp	千葉県	千葉市観光	2026-09-11	2026-09-11	14	0	0	0	0	1082799
www.city.chichibu.lg.jp	埼玉県	秩父市	2026-09-11	2026-09-11	14	0	1	0	0	678713
www.city.suwa.lg.jp	長野県	諏訪市	2026-09-12	2026-09-12	14	0	1	0	0	462742
www.city.yokkaichi.lg.jp	三重県	四日市市	2026-09-12	2026-09-12	14	0	1	0	0	363715
www.echizen-tourism.jp	福井県	越前市観光	2026-09-12	2026-09-12	14	0	1	0	0	864727
www.gifucvb.or.jp	岐阜県	岐阜市観光	2026-09-12	2026-09-12	14	0	0	0	0	555329
www.hokuto-kanko.jp	山梨県	北杜市観光	2026-09-12	2026-09-12	14	0	1	0	0	1112093
www.ibusukikankou.com	鹿児島県	指宿市観光	2026-09-20	2026-09-20	14	2	0	0	0	392357
www.koya.org	和歌山県	高野町観光	2026-09-12	2026-09-12	14	0	0	0	0	4331714
www.mori-kanko.jp	静岡県	森町観光	2026-09-10	2026-09-10	14	0	1	0	0	407201
www.numata-kankou.jp	群馬県	沼田市観光	2026-09-12	2026-09-12	14	0	1	0	0	231619
www.ogakikanko.jp	岐阜県	大垣市観光	2026-09-12	2026-09-12	14	0	1	0	0	280014
www.tamana-tamatebako.net	熊本県	玉名市観光	2026-09-20	2026-09-20	14	1	2	0	0	331856
www.town.oguchi.lg.jp	愛知県	大口町	2026-09-08	2026-09-10	14	0	1	0	0	443414
www.yaita-kankou.com	栃木県	矢板市観光	2026-09-11	2026-09-11	14	0	0	0	0	1370215
hirugamionsen.jp	長野県	阿智村観光	2026-09-12	2026-09-12	13	0	0	0	0	1455431
ichinomiya.org	千葉県	一宮町観光	2026-09-11	2026-09-11	13	0	3	0	0	1899146
kankou-ibamachi.com	茨城県	茨城町観光	2026-09-07	2026-09-08	13	0	1	0	0	1129034
kankou.town.kawazu.shizuoka.jp	静岡県	河津町観光	2026-09-10	2026-09-10	13	0	0	0	0	430147
prkita.jp	東京都	北区観光	2026-09-11	2026-09-11	13	0	0	0	0	991841
sato-no-tabi.jp	大分県	豊後大野市観光	2026-09-19	2026-09-19	13	1	2	0	0	670863
seiro-kanko.jp	新潟県	聖籠町観光	2026-09-12	2026-09-12	13	0	0	0	0	420822
taiji-kanko.jp	和歌山県	太地町観光	2026-09-12	2026-09-12	13	0	1	0	0	144088
tm-tokai.com	愛知県	東海市観光	2026-09-10	2026-09-10	13	0	0	0	0	414857
www.city.kainan.lg.jp	和歌山県	海南市	2026-09-12	2026-09-12	13	0	0	0	0	582604
www.city.ogori.fukuoka.jp	福岡県	小郡市	2026-09-19	2026-09-19	13	4	3	0	0	2740416
www.city.usuki.oita.jp	大分県	臼杵市	2026-09-19	2026-09-19	13	3	1	0	0	259992
www.fukaya-ta.com	埼玉県	深谷市観光	2026-09-11	2026-09-11	13	0	0	0	0	277087
www.gyoda-kankoukyoukai.jp	埼玉県	行田市観光	2026-09-11	2026-09-11	13	0	0	0	0	3044316
www.k-kankou.jp	神奈川県	川崎市観光	2026-09-11	2026-09-11	13	0	0	0	0	251268
www.kanko-inabe.com	三重県	いなべ市観光	2026-09-12	2026-09-12	13	0	0	0	0	459255
www.kazo-tourism.or.jp	埼玉県	加須市観光	2026-09-11	2026-09-11	13	0	14	0	0	773687
www.kitakata-kanko.jp	福島県	喜多方市観光	2026-09-12	2026-09-12	13	0	1	0	0	1032600
www.oze-info.jp	福島県	檜枝岐村観光	2026-09-12	2026-09-12	13	0	2	0	0	866140
www.takeo-kk.net	佐賀県	武雄市観光	2026-09-19	2026-09-19	13	1	1	0	0	196299
www.town.nasu.lg.jp	栃木県	那須町	2026-09-11	2026-09-11	13	0	1	0	0	541460
www.town.showa.yamanashi.jp	山梨県	昭和町	2026-09-12	2026-09-12	13	0	1	0	0	310131
www.usa-kanko.jp	大分県	宇佐市観光	2026-09-19	2026-09-19	13	2	0	1	0	893336
www.vill.showa.fukushima.jp	福島県	昭和村	2026-09-12	2026-09-12	13	0	0	0	0	642781
www.yamakita.net	神奈川県	山北町観光	2026-09-11	2026-09-11	13	0	0	0	0	238013
kodaira-tourism.com	東京都	小平市観光	2026-09-11	2026-09-11	12	0	1	0	0	789587
minamiosumi-tourism.com	鹿児島県	南大隅町観光	2026-09-20	2026-09-20	12	1	0	0	0	604118
musashino-kanko.com	東京都	武蔵野市観光	2026-09-11	2026-09-11	12	0	0	0	0	677425
naganohara.com	群馬県	長野原町観光	2026-09-12	2026-09-12	12	0	4	0	0	712778
nishiaizu-kanko.org	福島県	西会津町観光	2026-09-12	2026-09-12	12	0	1	0	0	470445
tsunagi-minagi.jp	熊本県	津奈木町観光	2026-09-20	2026-09-20	12	2	6	0	0	1461011
www.city.fukushima-date.lg.jp	福島県	伊達市	2026-09-12	2026-09-12	12	0	1	0	0	461515
www.city.hekinan.aichi.jp	愛知県	碧南市観光	2026-09-08	2026-09-08	12	0	0	0	0	337057
www.ikedamachi.net	長野県	池田町	2026-09-12	2026-09-12	12	0	1	0	0	286912
www.mifune-kankou.jp	熊本県	御船町観光	2026-09-20	2026-09-20	12	2	0	0	0	449179
www.nerimakanko.jp	東京都	練馬区観光	2026-09-11	2026-09-11	12	0	1	0	0	425625
www.ota-kanko.jp	群馬県	太田市観光	2026-09-12	2026-09-12	12	0	1	0	0	499079
www.saiki-kankou.com	大分県	佐伯市観光	2026-09-19	2026-09-19	12	2	0	0	0	661675
www.sakurashi-kankou.or.jp	千葉県	佐倉市観光	2026-09-11	2026-09-11	12	0	0	0	0	497374
www.toeinavi.jp	愛知県	東栄町観光	2026-09-10	2026-09-10	12	0	1	0	0	504227
arao-kankou.jp	熊本県	荒尾市観光	2026-09-20	2026-09-20	11	1	0	0	0	1393475
hayakawakankou.jp	山梨県	早川町観光	2026-09-12	2026-09-12	11	0	0	0	0	570943
kanko-sakai.com	福井県	坂井市観光	2026-09-11	2026-09-12	11	0	0	0	0	458684
kankou-kushimoto.jp	和歌山県	串本町観光	2026-09-12	2026-09-12	11	0	1	0	0	563095
kiryu-walker.net	群馬県	桐生市観光	2026-09-12	2026-09-12	11	0	0	0	0	931532
moriyamayamamori.jp	滋賀県	守山市観光	2026-09-12	2026-09-12	11	0	1	0	0	468660
odaka6014.jp	福島県	南相馬市観光	2026-09-12	2026-09-12	11	0	0	0	0	1207657
www.hirado-net.com	長崎県	平戸市観光	2026-09-19	2026-09-19	11	1	0	0	0	397690
www.kama-kanko.com	福岡県	嘉麻市観光	2026-09-19	2026-09-19	11	2	0	0	0	626436
www.kanko-setagaya.jp	東京都	世田谷区観光	2026-09-11	2026-09-11	11	0	1	0	0	462098
www.katsushika-kanko.com	東京都	葛飾区観光	2026-09-11	2026-09-11	11	0	0	0	0	513338
www.ogi-kankou.com	佐賀県	小城市観光	2026-09-19	2026-09-19	11	2	0	0	0	482202
www.vill.ogasawara.tokyo.jp	東京都	小笠原村	2026-09-11	2026-09-11	11	0	1	0	0	520905
chikujokanko.com	福岡県	築上町観光	2026-09-19	2026-09-19	10	1	0	0	0	205015
fujisan.ne.jp	山梨県	富士河口湖町観光	2026-09-12	2026-09-12	10	0	0	0	0	911352
nakagawamachi-kanko.org	栃木県	那珂川町観光	2026-09-11	2026-09-11	10	0	0	0	0	224832
tamaki-kanko.localinfo.jp	三重県	玉城町観光	2026-09-12	2026-09-12	10	0	0	0	0	718319
ubu-lab.com	熊本県	産山村観光	2026-09-20	2026-09-20	10	1	0	0	0	908182
visit.city.abiko.chiba.jp	千葉県	我孫子市観光	2026-09-11	2026-09-11	10	0	1	0	0	634835
www.fukuroi-kankou.jp	静岡県	袋井市観光	2026-09-10	2026-09-10	10	0	0	0	0	267444
www.kanko-nagaizumi.com	静岡県	長泉町観光	2026-09-12	2026-09-12	10	0	0	0	0	482341
www.kanko-yoro.jp	岐阜県	養老町観光	2026-09-12	2026-09-12	10	0	1	0	0	102636
www.minabe-kanko.jp	和歌山県	みなべ町観光	2026-09-12	2026-09-12	10	0	1	0	0	466049
www.sekikawa-kankou.com	新潟県	関川村観光	2026-09-12	2026-09-12	10	0	0	0	0	1016385
www.vill.tenkawa.nara.jp	奈良県	天川村	2026-09-12	2026-09-12	10	0	0	0	0	406985
www.yanagawa-net.com	福岡県	柳川市観光	2026-09-19	2026-09-19	10	1	0	0	0	1574262
www.yasu-kankou.com	滋賀県	野洲市観光	2026-09-12	2026-09-12	10	0	1	0	0	140988
awa-isle.jp	新潟県	粟島浦村観光	2026-09-12	2026-09-12	9	0	1	0	0	347032
higashiyoshino.com	奈良県	東吉野村観光	2026-09-12	2026-09-12	9	0	1	0	0	334312
kani-kankou.jp	岐阜県	可児市観光	2026-09-12	2026-09-12	9	0	0	0	0	162078
kankotaiken.kiyamanet.com	佐賀県	基山町観光	2026-09-19	2026-09-19	9	1	0	0	0	1942706
kanuma-kanko.jp	栃木県	鹿沼市観光	2026-09-11	2026-09-11	9	0	0	0	0	1177299
kijokanko.com	宮崎県	木城町観光	2026-09-20	2026-09-20	9	1	0	0	0	406420
kunimachi.jp	東京都	国立市観光	2026-09-11	2026-09-11	9	0	0	0	0	515248
mukeinet.tobunken.go.jp			2026-09-11	2026-09-11	9	0	0	0	0	100019
myokotourism.jp	新潟県	妙高市観光	2026-09-12	2026-09-12	9	0	0	0	0	979183
nishiki-kuma.com	熊本県	錦町観光	2026-09-20	2026-09-20	9	1	0	0	0	1904851
nogata-kankoh.com	福岡県	直方市観光	2026-09-19	2026-09-19	9	1	0	0	0	450427
www.city.karatsu.lg.jp	佐賀県	唐津市	2026-09-19	2026-09-19	9	2	1	0	0	393377
www.e-yahiko.com	新潟県	弥彦村観光	2026-09-12	2026-09-12	9	0	1	0	0	368479
www.gotokyo.org	東京都	豊島区観光	2026-09-11	2026-09-11	9	0	0	0	0	1821899
www.mashiko-kankou.org	栃木県	益子町観光	2026-09-11	2026-09-11	9	0	0	0	0	210272
www.nagareyamakankou.com	千葉県	流山市観光	2026-09-12	2026-09-12	9	0	1	0	0	669964
www.nihonmatsu-kanko.jp	福島県	二本松市観光	2026-09-12	2026-09-12	9	0	0	0	0	236687
www.nvcb.or.jp	新潟県	新潟市観光	2026-09-12	2026-09-12	9	0	1	0	0	363204
www.pikan.net	長野県	平谷村観光	2026-09-12	2026-09-12	9	0	0	0	0	77099
www.takayama-kanko.jp	群馬県	高山村観光	2026-09-12	2026-09-12	9	0	1	0	0	203244
www.town.sekigahara.gifu.jp	岐阜県	関ケ原町	2026-09-12	2026-09-12	9	0	2	0	0	283533
www.vill.higashichichibu.saitama.jp	埼玉県	東秩父村	2026-09-11	2026-09-11	9	0	1	0	0	263386
www.vill.toyone.aichi.jp	愛知県	豊根村	2026-09-08	2026-09-10	9	0	0	0	0	332668
www.wakayamakanko.jp	和歌山県	和歌山市観光	2026-09-12	2026-09-12	9	0	0	0	0	3348346
yame.travel	福岡県	八女市観光	2026-09-19	2026-09-19	9	1	0	0	0	239392
aichi-mihama.com	愛知県	美浜町観光	2026-09-10	2026-09-10	8	0	1	0	0	695652
hamamatsu-daisuki.net	静岡県	浜松市観光	2026-09-10	2026-09-10	8	0	0	0	0	229558
imari-kankou.com	佐賀県	伊万里市観光	2026-09-19	2026-09-19	8	2	0	0	0	621762
isehara-kanko.com	神奈川県	伊勢原市観光	2026-09-11	2026-09-11	8	0	2	0	0	1009476
isesaki-kankou.com	群馬県	伊勢崎市観光	2026-09-12	2026-09-12	8	0	0	0	0	652642
kaizukanko.jp	岐阜県	海津市観光	2026-09-12	2026-09-12	8	0	0	0	0	189712
murasakishikibu-kanko.jp	滋賀県	大津市観光	2026-09-12	2026-09-12	8	0	0	0	0	353594
nakatsuyaba.com	大分県	中津市観光	2026-09-19	2026-09-19	8	1	0	0	0	1284955
sakae-akiyamago.com	長野県	栄村観光	2026-09-12	2026-09-12	8	0	1	0	0	158043
shimogo.jp	福島県	下郷町観光	2026-09-12	2026-09-12	8	0	0	0	0	201865
shirakawa315.com	福島県	白河市観光	2026-09-12	2026-09-12	8	0	0	0	0	353744
shirako.net	千葉県	白子町観光	2026-09-11	2026-09-11	8	0	0	0	0	362068
slowrhythm-sue.jp	福岡県	須恵町観光	2026-09-19	2026-09-19	8	3	18	0	0	326381
totsukawa.info	奈良県	十津川村観光	2026-09-12	2026-09-12	8	0	6	0	0	94475
welcome-kurume.com	福岡県	久留米市観光	2026-09-19	2026-09-19	8	1	0	0	0	320342
www.kanko-koriyama.gr.jp	福島県	郡山市観光	2026-09-12	2026-09-12	8	0	0	0	0	196163
www.kankou-nabari.jp	三重県	名張市観光	2026-09-12	2026-09-12	8	0	1	0	0	285336
www.minobu.info	山梨県	身延町観光	2026-09-12	2026-09-12	8	0	5	0	0	150260
www.moka-kankou.org	栃木県	真岡市観光	2026-09-11	2026-09-11	8	0	0	0	0	260535
www.setouchi-welcome.com	鹿児島県	瀬戸内町観光	2026-09-20	2026-09-20	8	1	1	0	0	5577912
www.shimoda-city.info	静岡県	下田市観光	2026-09-10	2026-09-10	8	0	0	0	0	9225653
hagamachi-kanko.com	栃木県	芳賀町観光	2026-09-11	2026-09-11	7	0	1	0	0	703924
kankonogyo-park.jp	鹿児島県	鹿児島市観光	2026-09-20	2026-09-20	7	2	0	0	0	448413
oi-river-trip.com	静岡県	島田市観光	2026-09-10	2026-09-10	7	0	0	0	0	468884
tarachokankou.web.fc2.com	佐賀県	太良町観光	2026-09-19	2026-09-19	7	1	0	0	0	172160
tokoro-kankou.jp	埼玉県	所沢市観光	2026-09-11	2026-09-11	7	0	0	0	0	572477
tsukumiryoku.com	大分県	津久見市観光	2026-09-19	2026-09-19	7	1	0	0	0	794019
www.akishima-kanko.org	東京都	昭島市観光	2026-09-12	2026-09-12	7	0	0	0	0	330226
www.b-kanko.jp	東京都	文京区観光	2026-09-11	2026-09-11	7	0	0	0	0	177317
www.city.nirasaki.lg.jp	山梨県	韮崎市	2026-09-12	2026-09-12	7	0	0	0	0	386129
www.f-kankou.jp	福島県	福島市観光	2026-09-12	2026-09-12	7	0	0	0	0	389215
www.futtsu-kanko.info	千葉県	富津市観光	2026-09-11	2026-09-11	7	0	1	0	0	356274
www.info-yamanouchi.net	長野県	山ノ内町観光	2026-09-12	2026-09-12	7	0	0	0	0	382713
www.koshu-kankou.jp	山梨県	甲州市観光	2026-09-12	2026-09-12	7	0	1	0	0	212112
www.matsukawamura.com	長野県	松川村観光	2026-09-12	2026-09-12	7	0	1	0	0	78795
www.nasukarasuyama.com	栃木県	那須烏山市観光	2026-09-11	2026-09-11	7	0	0	0	0	286200
www.ogunikankou.jp	熊本県	小国町観光	2026-09-20	2026-09-20	7	2	0	0	0	425863
www.omi8.com	滋賀県	近江八幡市観光	2026-09-12	2026-09-12	7	0	1	0	0	283618
www.susonokanko.jp	静岡県	裾野市観光	2026-09-10	2026-09-10	7	0	3	0	0	418256
www.town.hakone.kanagawa.jp	神奈川県	箱根町	2026-09-11	2026-09-11	7	0	2	0	0	125870
yatomi-kanko.jp	愛知県	弥富市観光	2026-09-10	2026-09-10	7	0	0	0	0	260959
hamura-kankou.org	東京都	羽村市観光	2026-09-11	2026-09-11	6	0	0	0	0	229334
ittenbe.jp	群馬県	甘楽町観光	2026-09-12	2026-09-12	6	0	0	0	0	371085
katsurao-village.com	福島県	葛尾村観光	2026-09-12	2026-09-12	6	0	1	0	0	105293
koganei-kanko.jp	東京都	小金井市観光	2026-09-11	2026-09-11	6	0	0	0	0	276273
osaki.fun	鹿児島県	大崎町観光	2026-09-20	2026-09-20	6	1	1	0	0	306409
www.city.itoshima.lg.jp	福岡県	糸島市	2026-09-19	2026-09-19	6	3	0	0	0	4691334
www.city.kumano.lg.jp	三重県	熊野市	2026-09-12	2026-09-12	6	0	0	0	0	184115
www.cm-boso.com	千葉県	南房総市観光	2026-09-11	2026-09-11	6	0	1	0	0	102401
www.e-shigaraki.org	滋賀県	甲賀市観光	2026-09-12	2026-09-12	6	0	0	0	0	408410
www.fujisawa-kanko.jp	神奈川県	藤沢市観光	2026-09-11	2026-09-11	6	0	0	0	0	1390573
www.inazawa-kankou.jp	愛知県	稲沢市観光	2026-09-10	2026-09-10	6	0	0	0	0	288620
www.kamikawa-kanko.com	埼玉県	神川町観光	2026-09-11	2026-09-11	6	0	0	0	0	365605
www.kanko-hanawa.com	福島県	塙町観光	2026-09-12	2026-09-12	6	0	0	0	0	3243186
www.kiyosekanko.tokyo	東京都	清瀬市観光	2026-09-11	2026-09-11	6	0	0	0	0	138067
www.konan-kankou.jp	愛知県	江南市観光	2026-09-08	2026-09-08	6	0	1	0	0	211004
www.minamimakimura.jp	長野県	南牧村	2026-09-12	2026-09-12	6	0	6	0	0	87041
www.oideyo-kumagaya.com	埼玉県	熊谷市観光	2026-09-11	2026-09-11	6	0	0	0	0	338982
www.oto-tourism.jp	和歌山県	田辺市観光	2026-09-12	2026-09-12	6	0	0	0	0	145258
www.visit-shizuoka.com	静岡県	静岡市観光	2026-09-10	2026-09-10	6	0	1	0	0	380280
doshi-kanko.jp	山梨県	道志村観光	2026-09-12	2026-09-12	5	0	0	0	0	80853
ise-kanko.jp	三重県	伊勢市観光	2026-09-12	2026-09-12	5	0	0	0	0	343453
kankouotaki.com	千葉県	大多喜町観光	2026-09-11	2026-09-11	5	0	0	0	0	84793
kawara-kankoh.com	福岡県	香春町観光	2026-09-19	2026-09-19	5	1	0	0	0	206266
kourakankou.jp	滋賀県	甲良町観光	2026-09-12	2026-09-12	5	0	2	0	0	186352
mitaishinchi.jp	福島県	新地町観光	2026-09-12	2026-09-12	5	0	0	0	0	217115
mitake-kankou.jp	岐阜県	御嵩町観光	2026-09-12	2026-09-12	5	0	0	0	0	236396
namietourism.jp	福島県	浪江町観光	2026-09-12	2026-09-12	5	0	0	0	0	324927
narashikanko.or.jp	奈良県	奈良市観光	2026-09-12	2026-09-12	5	0	1	0	0	191146
place.sonogi.net	長崎県	東彼杵町観光	2026-09-19	2026-09-19	5	1	0	0	0	735210
takarajima-tokara.com	鹿児島県	十島村観光	2026-09-20	2026-09-20	5	1	0	0	0	363206
www.ama-kankou.jp	愛知県	あま市観光	2026-09-10	2026-09-10	5	0	0	0	0	604689
www.city.iida.lg.jp	長野県	飯田市	2026-09-12	2026-09-12	5	0	1	0	0	150840
www.city.iwaki.lg.jp	福島県	いわき市	2026-09-12	2026-09-12	5	0	1	0	0	208542
www.kanda-kanko.com	福岡県	苅田町観光	2026-09-19	2026-09-19	5	2	0	0	0	332112
www.kanko-iwade.com	和歌山県	岩出市観光	2026-09-12	2026-09-12	5	0	2	0	0	99786
www.nishigo-kankou.jp	福島県	西郷村観光	2026-09-12	2026-09-12	5	0	0	0	0	180205
www.nishiharakanko.com	熊本県	西原村観光	2026-09-20	2026-09-20	5	2	0	0	0	229202
www.tamakawa-kanko.jp	福島県	玉川村観光	2026-09-12	2026-09-12	5	0	3	0	0	123796
www.town.nagatoro.saitama.jp	埼玉県	長瀞町	2026-09-11	2026-09-11	5	0	1	0	0	462441
www.tsuru-kankou.com	山梨県	都留市観光	2026-09-12	2026-09-12	5	0	0	0	0	1134345
www.uenohara-kankou.com	山梨県	上野原市観光	2026-09-12	2026-09-12	5	0	2	0	0	4120978
www.utyututuji.jp	群馬県	館林市観光	2026-09-12	2026-09-12	5	0	0	0	0	38770
www.wakayama-kanko.or.jp	和歌山県	有田川町観光	2026-09-12	2026-09-12	5	0	1	0	0	256353
www.yukuhashi-kankou.jp	福岡県	行橋市観光	2026-09-19	2026-09-19	5	4	39	0	0	275370
g-tourism.jp	奈良県	川上村観光	2026-09-12	2026-09-12	4	0	0	0	0	249553
hanyu-kanko.jp	埼玉県	羽生市観光	2026-09-11	2026-09-11	4	0	2	0	0	97701
karuizawa-kanko.jp	長野県	軽井沢町観光	2026-09-12	2026-09-12	4	0	0	0	0	115511
kikuchikanko.ne.jp	熊本県	菊池市観光	2026-09-20	2026-09-20	4	1	0	0	0	199407
meguro-kanko.com	東京都	目黒区観光	2026-09-11	2026-09-11	4	0	0	0	0	102155
minami-alpskankou.jp	山梨県	南アルプス市観光	2026-09-12	2026-09-12	4	0	1	0	0	250801
mishimakanko.thebase.in	鹿児島県	三島村観光	2026-09-20	2026-09-20	4	1	0	0	0	326895
nishi-josyu.com	群馬県	上野村観光	2026-09-12	2026-09-12	4	0	0	0	0	268896
sukagawakanko.shop-pro.jp	福島県	須賀川市観光	2026-09-12	2026-09-12	4	0	0	0	0	107001
uminpia-ohi.com	福井県	おおい町観光	2026-09-12	2026-09-12	4	0	0	0	0	163925
www.aisaikankou.jp	愛知県	愛西市観光	2026-09-10	2026-09-10	4	0	0	0	0	56235
www.guidoor.jp	静岡県	掛川市観光	2026-09-10	2026-09-12	4	0	0	0	0	258808
www.inzai-kankou.jp	千葉県	印西市観光	2026-09-12	2026-09-12	4	0	0	0	0	267350
www.izu-oshima.or.jp	東京都	大島町観光	2026-09-11	2026-09-11	4	0	1	0	0	170048
www.kankou-kimotsuki.net	鹿児島県	肝付町観光	2026-09-20	2026-09-20	4	3	0	0	0	268294
www.nrtk.jp	千葉県	成田市観光	2026-09-11	2026-09-11	4	0	0	0	0	171939
www.oishiimati-oita.jp	大分県	大分市観光	2026-09-19	2026-09-19	4	1	0	0	0	156033
www.sagamihara-kanko.com	神奈川県	相模原市観光	2026-09-12	2026-09-12	4	0	0	0	0	1684722
www.tokai-kanko.com	茨城県	東海村観光	2026-09-07	2026-09-08	4	0	0	0	0	133668
www.wakasa-obama.jp	福井県	小浜市観光	2026-09-12	2026-09-12	4	0	0	0	0	486987
www.yamazoekanko.jp	奈良県	山添村観光	2026-09-12	2026-09-12	4	0	0	0	0	503351
iju.go-iijima.nagano.jp	長野県	飯島町観光	2026-09-12	2026-09-12	3	0	0	0	0	150334
inakanko.com	埼玉県	伊奈町観光	2026-09-11	2026-09-11	3	0	0	0	0	115818
itabashi-kanko.jp	東京都	板橋区観光	2026-09-11	2026-09-11	3	0	1	0	0	132628
kankou.yaotsu.jp	岐阜県	八百津町観光	2026-09-12	2026-09-12	3	0	0	0	0	107388
kanoyashi-kankokyokai.jp	鹿児島県	鹿屋市観光	2026-09-20	2026-09-20	3	1	0	0	0	140187
kujakusou.kankou-kawatana.jp	長崎県	川棚町観光	2026-09-19	2026-09-19	3	1	0	0	0	90274
motegi-k.com	栃木県	茂木町観光	2026-09-11	2026-09-11	3	0	0	0	0	370540
rurubu.jp			2026-09-07	2026-09-08	3	0	0	0	0	335148
skypark.shibayama-kankou.com	千葉県	芝山町観光	2026-09-11	2026-09-11	3	0	0	0	0	86320
taharakankou.gr.jp	愛知県	田原市観光	2026-09-10	2026-09-10	3	0	0	0	0	356129
www.asukamura.jp			2026-09-12	2026-09-12	3	0	0	0	0	84361
www.city.akiruno.tokyo.jp	東京都	あきる野市	2026-09-11	2026-09-11	3	0	1	0	0	81296
www.city.saga-kashima.lg.jp	佐賀県	鹿島市	2026-09-19	2026-09-19	3	2	1	1	0	88276
www.city.takahama.lg.jp	愛知県	高浜市	2026-09-08	2026-09-10	3	0	1	0	0	47049
www.ebino-kankou.com	宮崎県	えびの市観光	2026-09-20	2026-09-20	3	2	0	0	0	164715
www.gobokanko.com	和歌山県	御坊市観光	2026-09-12	2026-09-12	3	0	0	0	0	71924
www.hidatakayama.or.jp	岐阜県	高山市観光	2026-09-12	2026-09-12	3	0	1	0	0	190066
www.ikaho-kankou.com	群馬県	渋川市観光	2026-09-12	2026-09-12	3	0	0	0	0	261757
www.kanko-tenri.jp	奈良県	天理市観光	2026-09-12	2026-09-12	3	0	0	0	0	111185
www.nanmoku-kankoukyoukai.com	群馬県	南牧村観光	2026-09-12	2026-09-12	3	0	0	0	0	2984486
www.narusawa-kanko.jp	山梨県	鳴沢村観光	2026-09-12	2026-09-12	3	0	0	0	0	33000
www.ojiyakanko.com	新潟県	小千谷市観光	2026-09-12	2026-09-12	3	0	1	0	0	63070
www.okinoerabujima.info	鹿児島県	和泊町観光	2026-09-20	2026-09-20	3	1	1	0	0	301657
www.okuooi.gr.jp	静岡県	川根本町観光	2026-09-10	2026-09-10	3	0	1	0	0	51776
www.showakanko.or.jp	群馬県	昭和村観光	2026-09-12	2026-09-12	3	0	0	0	0	136536
www.suwa-tourism.jp	長野県	富士見町観光	2026-09-12	2026-09-12	3	0	1	0	0	82935
www.takashima-kanko.jp	滋賀県	高島市観光	2026-09-12	2026-09-12	3	0	0	0	0	456029
www.taki-kanko.jp	三重県	多気町観光	2026-09-12	2026-09-12	3	0	0	0	0	159916
www.ten-ei.net	福島県	天栄村観光	2026-09-12	2026-09-12	3	0	0	0	0	118386
www.tomikan.jp	長野県	東御市観光	2026-09-12	2026-09-12	3	0	0	0	0	339699
www.yokoshibahikari-kankou.com	千葉県	横芝光町観光	2026-09-12	2026-09-12	3	0	0	0	0	225129
asukakyo.jp	奈良県	明日香村観光	2026-09-12	2026-09-12	2	0	0	0	0	501422
echizenkaigan.com	福井県	越前町観光	2026-09-12	2026-09-12	2	0	0	0	0	69444
goo.gl	宮崎県	椎葉村観光	2026-09-20	2026-09-20	2	2	8	0	0	375412
kaisei-kankou.com			2026-09-12	2026-09-12	2	0	0	0	0	552102
kamo-tourism.com	新潟県	加茂市観光	2026-09-12	2026-09-12	2	0	0	0	0	31733
kanko-toshima.jp			2026-09-12	2026-09-12	2	0	0	0	0	77356
kashima-kankou.jp			2026-09-11	2026-09-11	2	0	0	0	0	383068
kashiwa-kankou.com			2026-09-12	2026-09-12	2	0	0	0	0	180758
komae-kankou.jp	東京都	狛江市観光	2026-09-11	2026-09-11	2	0	0	0	0	81285
kotakekanko.com	福岡県	小竹町観光	2026-09-19	2026-09-19	2	3	3	0	0	154140
makutabi.jp	鹿児島県	枕崎市観光	2026-09-20	2026-09-20	2	1	0	0	0	99965
minato-kanko.com			2026-09-12	2026-09-12	2	0	0	0	0	195838
moroyama-kanko.jp	埼玉県	毛呂山町観光	2026-09-11	2026-09-11	2	0	1	0	0	77212
nagomi-kankou.jp	熊本県	和水町観光	2026-09-20	2026-09-20	2	1	0	0	0	64927
oiso-kankou.or.jp			2026-09-12	2026-09-12	2	0	0	0	0	77212
ota-kanko.jp			2026-09-12	2026-09-12	2	0	0	0	0	87816
sekikanko.jp	岐阜県	関市観光	2026-09-12	2026-09-12	2	0	1	0	0	69059
ta-kankoukyoukai.com	山梨県	丹波山村観光	2026-09-12	2026-09-12	2	0	0	0	0	31415
vill.nakajima.jp			2026-09-12	2026-09-12	2	0	0	0	0	1380
www.ageo-kankou.com	埼玉県	上尾市観光	2026-09-12	2026-09-12	2	0	0	0	0	77272
www.amakusakanko.com	熊本県	天草市観光	2026-09-20	2026-09-20	2	2	0	0	0	81485
www.arida-kanko.com	和歌山県	有田市観光	2026-09-12	2026-09-12	2	0	0	0	0	70128
www.asokanko.com	熊本県	阿蘇市観光	2026-09-20	2026-09-20	2	2	0	0	0	55315
www.buzen-kk.jp	福岡県	豊前市観光	2026-09-19	2026-09-19	2	1	0	0	0	686536
www.chofu-kanko.jp	東京都	調布市観光	2026-09-12	2026-09-12	2	0	0	0	0	107902
www.city.ichihara.chiba.jp	千葉県	市原市	2026-09-11	2026-09-11	2	0	0	0	0	6710
www.city.nasushiobara.lg.jp	栃木県	那須塩原市	2026-09-11	2026-09-11	2	0	0	0	0	389149
www.city.oamishirasato.lg.jp	千葉県	大網白里市	2026-09-12	2026-09-12	2	0	0	0	0	34612
www.city.sasebo.lg.jp	長崎県	佐世保市	2026-09-19	2026-09-19	2	2	0	0	0	364296
www.city.uda.lg.jp	奈良県	宇陀市	2026-09-12	2026-09-12	2	0	1	0	0	54315
www.city.uki.kumamoto.jp	熊本県	宇城市	2026-09-20	2026-09-20	2	2	0	0	0	276925
www.diamond-kanko.jp	埼玉県	白岡市観光	2026-09-11	2026-09-11	2	0	0	0	0	170788
www.fujiyoshida-kanko.net	山梨県	富士吉田市観光	2026-09-12	2026-09-12	2	0	0	0	0	86641
www.gokase-kanko.jp	宮崎県	五ヶ瀬町観光	2026-09-20	2026-09-20	2	2	0	0	0	186314
www.gosen-kankou.niigata.jp	新潟県	五泉市観光	2026-09-12	2026-09-12	2	0	0	0	0	77677
www.hachijo.gr.jp	東京都	八丈町観光	2026-09-11	2026-09-11	2	0	0	0	0	70243
www.hashimakanko.jp	岐阜県	羽島市観光	2026-09-12	2026-09-12	2	0	0	0	0	94243
www.higashiura.or.jp	愛知県	東浦町観光	2026-09-10	2026-09-10	2	0	6	0	0	21751
www.himeshima-ecotourism.or.jp	大分県	姫島村観光	2026-09-19	2026-09-19	2	1	3	0	0	387539
www.hino-kanko.jp	滋賀県	日野町観光	2026-09-12	2026-09-12	2	0	0	0	0	47145
www.hitachinaka-sa.com	茨城県	ひたちなか市観光	2026-09-07	2026-09-07	2	0	0	0	0	103470
www.iga-kanko.com	三重県	伊賀市観光	2026-09-12	2026-09-12	2	0	0	0	0	174494
www.iruma-kanko.jp	埼玉県	入間市観光	2026-09-12	2026-09-12	2	0	0	0	0	127648
www.itsuki-kanko.com	熊本県	五木村観光	2026-09-20	2026-09-20	2	2	2	0	0	74175
www.ittenbee-tokyomizuho.jp	東京都	瑞穂町観光	2026-09-11	2026-09-11	2	0	0	0	0	77212
www.izumi-kanko.jp	鹿児島県	出水市観光	2026-09-20	2026-09-20	2	2	0	0	0	70707
www.kanko-kinokawa.jp	和歌山県	紀の川市観光	2026-09-12	2026-09-12	2	0	9	0	0	1798115
www.kanko-sakai.com			2026-09-11	2026-09-11	2	0	0	0	0	99424
www.kanko-shiki.com	埼玉県	志木市観光	2026-09-12	2026-09-12	2	0	0	0	0	115846
www.kanko-toshima.jp			2026-09-12	2026-09-12	2	0	0	0	0	77356
www.kankou-fuchu.com	東京都	府中市観光	2026-09-11	2026-09-11	2	0	0	0	0	91455
www.kankou-kobayashi.jp	宮崎県	小林市観光	2026-09-20	2026-09-20	2	2	2	0	0	291776
www.kashima-kankou.jp			2026-09-11	2026-09-11	2	0	0	0	0	383068
www.kashiwa-kankou.com			2026-09-12	2026-09-12	2	0	0	0	0	180758
www.kirishimakankou.com	鹿児島県	霧島市観光	2026-09-20	2026-09-20	2	2	0	0	0	126873
www.kisarazu.gr.jp	千葉県	木更津市観光	2026-09-11	2026-09-11	2	0	1	0	0	116360
www.minami-izu.jp	静岡県	南伊豆町観光	2026-09-10	2026-09-10	2	0	0	0	0	78384
www.minato-kanko.com			2026-09-12	2026-09-12	2	0	0	0	0	195838
www.minokamo-kanko.jp	岐阜県	美濃加茂市観光	2026-09-12	2026-09-12	2	0	0	0	0	76157
www.minowa-town.jp	長野県	箕輪町観光	2026-09-12	2026-09-12	2	0	0	0	0	14077
www.motosukankou.gr.jp	岐阜県	本巣市観光	2026-09-12	2026-09-12	2	0	0	0	0	40503
www.nakanokanko.jp	長野県	中野市観光	2026-09-12	2026-09-12	2	0	1	0	0	37144
www.nakatsugawa-kankou.com	岐阜県	中津川市観光	2026-09-12	2026-09-12	2	0	0	0	0	7637
www.obu-kankou.gr.jp	愛知県	大府市観光	2026-09-10	2026-09-10	2	0	0	0	0	99754
www.oiso-kankou.or.jp			2026-09-12	2026-09-12	2	0	0	0	0	77212
www.okawa-kk.com	福岡県	大川市観光	2026-09-19	2026-09-19	2	1	0	0	0	87810
www.okekan.com	埼玉県	桶川市観光	2026-09-11	2026-09-11	2	0	0	0	0	129047
www.okuma-kankou.jp	福島県	大熊町観光	2026-09-12	2026-09-12	2	0	0	0	0	48007
www.sakaimachi.jp			2026-09-07	2026-09-08	2	0	0	0	0	76343
www.sakaki-kanko.com	長野県	坂城町観光	2026-09-12	2026-09-12	2	0	1	0	0	328404
www.sasagurikanko.com	福岡県	篠栗町観光	2026-09-19	2026-09-19	2	2	0	0	0	347983
www.shimojo-kanko.jp	長野県	下條村観光	2026-09-12	2026-09-12	2	0	0	0	0	62128
www.shirakawa-go.gr.jp	岐阜県	白川村観光	2026-09-12	2026-09-12	2	0	0	0	0	98771
www.soumu.go.jp			2026-09-07	2026-09-07	2	0	0	0	0	138233
www.taragi-kankou.com	熊本県	多良木町観光	2026-09-20	2026-09-20	2	1	0	0	0	799230
www.tosu-kanko.jp	佐賀県	鳥栖市観光	2026-09-19	2026-09-19	2	2	4	0	0	82328
www.town.ashikita.lg.jp	熊本県	芦北町	2026-09-20	2026-09-20	2	2	0	0	0	160082
www.town.miharu.fukushima.jp	福島県	三春町	2026-09-12	2026-09-12	2	0	2	0	0	34582
www.town.ryuoh.shiga.jp	滋賀県	竜王町	2026-09-12	2026-09-12	2	0	1	0	0	57712
www.town.tsuno.lg.jp	宮崎県	都農町	2026-09-20	2026-09-20	2	2	0	0	0	7598
www.utsunomiya-kankou.com	栃木県	宇都宮市観光	2026-09-11	2026-09-11	2	0	3	0	0	8200
www.wakakanko.jp	福岡県	宮若市観光	2026-09-19	2026-09-19	2	1	0	0	0	13402
www.yamato-kanko.com	熊本県	山都町観光	2026-09-20	2026-09-20	2	2	0	0	0	43592
www.yashio-kankouji.org	埼玉県	八潮市観光	2026-09-11	2026-09-11	2	0	0	0	0	19584
amakusa-kankou.com			2026-09-20	2026-09-20	1	1	0	0	0	106359
anan-kankou.jp			2026-09-12	2026-09-12	1	0	0	0	0	16285
arakawa-kanko.com			2026-09-12	2026-09-12	1	0	0	0	0	43108
asahi-kanko.com			2026-09-12	2026-09-12	1	0	0	0	0	31054
asahi-kanko.jp			2026-09-12	2026-09-12	1	0	1	0	0	1522
asahi-kanko.net			2026-09-12	2026-09-12	1	0	0	0	0	10754
asahi-kankou.jp			2026-09-12	2026-09-12	1	0	0	0	0	14562
asahikanko.jp			2026-09-12	2026-09-12	1	0	0	0	0	296
asahikankou.com			2026-09-12	2026-09-12	1	0	0	0	0	3040
asakurakankou.com			2026-09-19	2026-09-19	1	1	4	0	0	5020
ashiyakankou.com			2026-09-19	2026-09-19	1	1	0	0	0	132429
asuka-kanko.com			2026-09-12	2026-09-12	1	0	0	0	0	79459
edogawa-kanko.com			2026-09-12	2026-09-12	1	0	0	0	0	124392
fuji-kanko.com			2026-09-12	2026-09-12	1	0	0	0	0	43126
fuji-kankou.jp			2026-09-12	2026-09-12	1	0	0	0	0	729382
fujikanko.com			2026-09-12	2026-09-12	1	0	1	0	0	5093
fujikanko.jp			2026-09-12	2026-09-12	1	0	1	0	0	92
fujikanko.net			2026-09-12	2026-09-12	1	0	0	0	0	20816
fujikankou.com			2026-09-12	2026-09-12	1	0	0	0	0	45948
fujikawa-kanko.jp			2026-09-12	2026-09-12	1	0	1	0	0	32715
fujioka-kanko.com			2026-09-12	2026-09-12	1	0	0	0	0	17691
fujioka-kanko.jp			2026-09-12	2026-09-12	1	0	0	0	0	166891
fukui-kankou.com			2026-09-12	2026-09-12	1	0	0	0	0	9755
fukui-kankou.jp			2026-09-12	2026-09-12	1	0	0	0	0	68361
futabakanko.com			2026-09-12	2026-09-12	1	0	0	0	0	10799
gujokankou.com			2026-09-12	2026-09-12	1	0	0	0	0	73859
hanabi.walkerplus.com			2026-09-07	2026-09-07	1	0	0	0	0	124850
hanabibaraki.com			2026-09-07	2026-09-07	1	0	0	0	0	149904
hanawa-kanko.com			2026-09-12	2026-09-12	1	0	0	0	0	88390
hidaka-kankou.jp			2026-09-12	2026-09-12	1	0	0	0	0	81657
hirono-kankou.jp			2026-09-12	2026-09-12	1	0	0	0	0	17756
hokota.mypl.net			2026-09-08	2026-09-08	1	0	0	0	0	66012
horyuji-nara-ikaruga.jp	奈良県	斑鳩町観光	2026-09-12	2026-09-12	1	0	1	0	0	20546
kanko-chiyoda.jp			2026-09-12	2026-09-12	1	0	1	0	0	81230
kanko-inabe.jp			2026-09-12	2026-09-12	1	0	1	0	0	208
kanko-kai.com			2026-09-12	2026-09-12	1	0	0	0	0	7797
kanko-kawasaki.org			2026-09-19	2026-09-19	1	1	0	0	0	23141
kanko-kijimadaira.com			2026-09-12	2026-09-12	1	0	1	0	0	31886
kankou-miyoshi.jp			2026-09-12	2026-09-12	1	0	0	0	0	3731
kankou-ogawa.com			2026-09-12	2026-09-12	1	0	0	0	0	28057
kashihara-kankou.com			2026-09-12	2026-09-12	1	0	0	0	0	530885
kashima-kanko.com			2026-09-20	2026-09-20	1	1	0	0	0	28724
kashima-kankou.com			2026-09-11	2026-09-20	1	0	3	0	0	46887
kashiwazaki-kanko.com			2026-09-12	2026-09-12	1	0	0	0	0	67581
kawagoe-kankou.net			2026-09-12	2026-09-12	1	0	0	0	0	27746
keisen-kankou.com			2026-09-19	2026-09-19	1	1	0	0	0	68188
kijimadairakanko.jp			2026-09-12	2026-09-12	1	0	0	0	0	79422
kirishima-kanko.jp			2026-09-20	2026-09-20	1	1	0	0	0	23532
kisokankou.com			2026-09-12	2026-09-12	1	0	0	0	0	54910
kitakata-kankou.com			2026-09-12	2026-09-12	1	0	0	0	0	5509
kobayashikankou.com			2026-09-20	2026-09-20	1	1	0	0	0	41520
kobayashikankou.net			2026-09-20	2026-09-20	1	1	0	0	0	265445
kogakanko.com			2026-09-19	2026-09-19	1	1	0	0	0	173228
kogakanko.jp			2026-09-19	2026-09-19	1	1	0	0	0	201480
konan-kankou.jp			2026-09-12	2026-09-12	1	0	0	0	0	63528
konankanko.jp			2026-09-12	2026-09-12	1	0	0	0	0	22574
koto-kanko.jp	東京都	江東区観光	2026-09-11	2026-09-11	1	0	2	0	0	91710
kozagawakanko.jp			2026-09-12	2026-09-12	1	0	0	0	0	13904
kuma-kanko.com			2026-09-20	2026-09-20	1	1	0	0	0	123818
kunishitei.bunka.go.jp			2026-09-07	2026-09-07	1	0	1	0	0	82424
local-media.heteml.net			2026-09-07	2026-09-07	1	0	0	0	0	339376
matsumoto-kanko.jp			2026-09-12	2026-09-12	1	0	0	0	0	45857
matsuri-no-hi.com			2026-09-07	2026-09-07	1	0	0	0	0	206662
minamiasokanko.jp			2026-09-20	2026-09-20	1	1	0	0	0	63648
minamikanko.co.jp	東京都	日野市観光	2026-09-11	2026-09-11	1	0	1	0	0	76745
misato-kankou.com			2026-09-20	2026-09-20	1	1	2	0	0	28470
mishima-kankou.com			2026-09-12	2026-09-12	1	0	0	0	0	77584
mishima-kankou.net			2026-09-12	2026-09-12	1	0	0	0	0	287927
mitokoumon.com			2026-09-07	2026-09-07	1	0	0	0	0	35781
miyake-kanko.jp			2026-09-12	2026-09-12	1	0	0	0	0	55864
miyama-kankou.jp			2026-09-19	2026-09-19	1	1	0	0	0	101360
miyoshi-kanko.jp			2026-09-12	2026-09-12	1	0	0	0	0	16983
miyoshi-kankou.jp			2026-09-12	2026-09-12	1	0	0	0	0	72398
nagakute-kankou.com			2026-09-12	2026-09-12	1	0	0	0	0	408796
nagano-kanko.com			2026-09-12	2026-09-12	1	0	0	0	0	22123
nagano-kanko.net			2026-09-12	2026-09-12	1	0	1	0	0	5965
nagasaki-kanko.org			2026-09-19	2026-09-19	1	1	0	0	0	142237
nakagawa-kanko.jp			2026-09-12	2026-09-12	1	0	0	0	0	95925
nakajima-kankou.com			2026-09-12	2026-09-12	1	0	0	0	0	84125
nebakanko.com			2026-09-12	2026-09-12	1	0	0	0	0	306501
okikankou.com			2026-09-19	2026-09-19	1	1	0	0	0	52639
ono-kankou.jp			2026-09-12	2026-09-12	1	0	0	0	0	109613
onokankou.com			2026-09-12	2026-09-12	1	0	0	0	0	51340
oshika-kanko.com			2026-09-12	2026-09-12	1	0	0	0	0	88704
oshikakankou.com			2026-09-12	2026-09-12	1	0	0	0	0	98264
otakikanko.jp			2026-09-12	2026-09-12	1	0	1	0	0	2945
otakikankou.net			2026-09-12	2026-09-12	1	0	0	0	0	80995
otsuki-kanko.jp			2026-09-12	2026-09-12	1	0	0	0	0	91055
reihoku-kanko.net			2026-09-20	2026-09-20	1	1	0	0	0	9328
sadokankou.gr.jp			2026-09-12	2026-09-12	1	0	1	0	0	31535
sagarakanko.net			2026-09-20	2026-09-20	1	1	0	0	0	42795
saikaikankou.jp			2026-09-19	2026-09-19	1	1	0	0	0	282397
sakadokankou.com			2026-09-12	2026-09-12	1	0	1	0	0	4387
satsuma-kankou.com			2026-09-20	2026-09-20	1	1	0	0	0	30484
shibatakankou.com			2026-09-12	2026-09-12	1	0	0	0	0	43857
shinshirokanko.com			2026-09-12	2026-09-12	1	0	0	0	0	39606
showa-kanko.com			2026-09-12	2026-09-12	1	0	1	0	0	42321
showa-kanko.jp			2026-09-12	2026-09-12	1	0	1	0	0	31479
showakanko.jp			2026-09-12	2026-09-12	1	0	0	0	0	56899
soeda-kankou.com			2026-09-19	2026-09-19	1	1	0	0	0	919816
taikikankou.com			2026-09-12	2026-09-12	1	0	0	0	0	843099
takagikankou.com			2026-09-12	2026-09-12	1	0	1	0	0	43201
takasaki-kankou.com			2026-09-12	2026-09-12	1	0	0	0	0	59229
tatsuno-kanko.com			2026-09-12	2026-09-12	1	0	0	0	0	13425
toho-kanko.com			2026-09-19	2026-09-19	1	1	6	0	0	14
toho-kanko.jp			2026-09-19	2026-09-19	1	1	0	0	0	22
tonekanko.com			2026-09-11	2026-09-11	1	0	0	0	0	33409
town.reihoku.jp			2026-09-20	2026-09-20	1	1	2	0	0	678
town.satsuma.jp			2026-09-20	2026-09-20	1	1	2	0	0	697
tripre.jp			2026-09-07	2026-09-07	1	0	0	0	0	812910
tsuchiura-kasumigaura-ishioka.goguynet.jp			2026-09-07	2026-09-07	1	0	0	0	0	219394
ubuyama-kanko.com			2026-09-20	2026-09-20	1	1	2	0	0	31866
ueno-kanko.com			2026-09-12	2026-09-12	1	0	0	0	0	107611
unzen-kankou.com			2026-09-19	2026-09-19	1	1	0	0	0	39706
uonuma-kanko.jp			2026-09-12	2026-09-12	1	0	0	0	0	60377
vill.uken.jp			2026-09-20	2026-09-20	1	1	4	0	0	678
www.amakusa-kankou.com			2026-09-20	2026-09-20	1	1	0	0	0	106359
www.anan-kankou.jp			2026-09-12	2026-09-12	1	0	0	0	0	16285
www.arakawa-kanko.com			2026-09-12	2026-09-12	1	0	0	0	0	43108
www.asahi-kanko.com			2026-09-12	2026-09-12	1	0	0	0	0	31054
www.asahi-kanko.jp			2026-09-12	2026-09-12	1	0	1	0	0	1522
www.asahi-kanko.net			2026-09-12	2026-09-12	1	0	0	0	0	10754
www.asahi-kankou.jp			2026-09-12	2026-09-12	1	0	0	0	0	14562
www.asahikanko.jp			2026-09-12	2026-09-12	1	0	0	0	0	296
www.asahikankou.com			2026-09-12	2026-09-12	1	0	0	0	0	3040
www.asakurakankou.com			2026-09-19	2026-09-19	1	1	4	0	0	5020
www.ashiyakankou.com			2026-09-19	2026-09-19	1	1	0	0	0	132429
www.asuka-kanko.com			2026-09-12	2026-09-12	1	0	0	0	0	79459
www.city.higashiomi.shiga.jp	滋賀県	東近江市	2026-09-12	2026-09-12	1	0	1	0	0	12015
www.city.sakai.lg.jp			2026-09-12	2026-09-12	1	0	0	0	0	41924
www.edogawa-kanko.com			2026-09-12	2026-09-12	1	0	0	0	0	124378
www.flat-local.jp			2026-09-07	2026-09-07	1	0	0	0	0	152353
www.fuji-kanko.com			2026-09-12	2026-09-12	1	0	0	0	0	43126
www.fuji-kankou.jp			2026-09-12	2026-09-12	1	0	0	0	0	729382
www.fujikanko.com			2026-09-12	2026-09-12	1	0	1	0	0	5093
www.fujikanko.jp			2026-09-12	2026-09-12	1	0	1	0	0	92
www.fujikanko.net			2026-09-12	2026-09-12	1	0	0	0	0	20816
www.fujikankou.com			2026-09-12	2026-09-12	1	0	0	0	0	45948
www.fujikawa-kanko.jp			2026-09-12	2026-09-12	1	0	1	0	0	32715
www.fujioka-kanko.com			2026-09-12	2026-09-12	1	0	0	0	0	17691
www.fujioka-kanko.jp			2026-09-12	2026-09-12	1	0	0	0	0	166891
www.fujioka-kanko.net	群馬県	藤岡市観光	2026-09-12	2026-09-12	1	0	1	0	0	20718
www.fukui-kankou.com			2026-09-12	2026-09-12	1	0	0	0	0	9755
www.fukui-kankou.jp			2026-09-12	2026-09-12	1	0	0	0	0	68361
www.fukuikanko.jp			2026-09-12	2026-09-12	1	0	0	0	0	12158
www.futabakanko.com			2026-09-12	2026-09-12	1	0	0	0	0	10799
www.gero-agritourism.com	岐阜県	下呂市観光	2026-09-12	2026-09-12	1	0	2	0	0	24898
www.gujokankou.com			2026-09-12	2026-09-12	1	0	0	0	0	73859
www.hanawa-kanko.com			2026-09-12	2026-09-12	1	0	0	0	0	88390
www.higashimatsuyama-kanko.com	埼玉県	東松山市観光	2026-09-12	2026-09-12	1	0	1	0	0	101961
www.hirono-kankou.jp			2026-09-12	2026-09-12	1	0	1	0	0	615
www.ibarakiguide.jp			2026-09-07	2026-09-07	1	0	0	0	0	42955
www.ikeda-kanko.jp	福井県	池田町観光	2026-09-12	2026-09-12	1	0	1	0	0	45390
www.isumi-kankou.com	千葉県	いすみ市観光	2026-09-12	2026-09-12	1	0	1	0	0	160144
www.itoigawa-kanko.com	新潟県	糸魚川市観光	2026-09-12	2026-09-12	1	0	1	0	0	135787
www.kanko-inabe.jp			2026-09-12	2026-09-12	1	0	1	0	0	208
www.kanko-kai.com			2026-09-12	2026-09-12	1	0	0	0	0	7797
www.kanko-kawasaki.org			2026-09-19	2026-09-19	1	1	0	0	0	23141
www.kanko-kijimadaira.com			2026-09-12	2026-09-12	1	0	1	0	0	31890
www.kanko-omachi.gr.jp			2026-09-19	2026-09-19	1	1	0	0	0	42681
www.kankou-iizuka.jp	福岡県	飯塚市観光	2026-09-19	2026-09-19	1	3	3	0	0	19075
www.kankou-miyoshi.jp			2026-09-12	2026-09-12	1	0	0	0	0	3731
www.kankou-takahama.gr.jp			2026-09-12	2026-09-12	1	0	0	0	0	100617
www.karuizawa-kanko.jp			2026-09-12	2026-09-12	1	0	0	0	0	196
www.kasamatsu-kankou.com			2026-09-12	2026-09-12	1	0	0	0	0	103516
www.kashima-kankou.com			2026-09-11	2026-09-20	1	0	3	0	0	46887
www.kashiwazaki-kanko.com			2026-09-12	2026-09-12	1	0	0	0	0	67581
www.kawagoe-kankou.net			2026-09-12	2026-09-12	1	0	0	0	0	27362
www.keisen-kankou.com			2026-09-19	2026-09-19	1	1	0	0	0	68188
www.kijimadairakanko.jp			2026-09-12	2026-09-12	1	0	0	0	0	79422
www.kirishima-kanko.jp			2026-09-20	2026-09-20	1	1	0	0	0	23532
www.kisokankou.com			2026-09-12	2026-09-12	1	0	0	0	0	54910
www.kitakata-kankou.com			2026-09-12	2026-09-12	1	0	0	0	0	5509
www.kobayashikankou.com			2026-09-20	2026-09-20	1	1	0	0	0	41520
www.kobayashikankou.net			2026-09-20	2026-09-20	1	1	0	0	0	265445
www.kogakanko.com			2026-09-19	2026-09-19	1	1	0	0	0	173228
www.konankanko.jp			2026-09-12	2026-09-12	1	0	0	0	0	22574
www.kumakanko.com			2026-09-20	2026-09-20	1	1	0	0	0	26370
www.kusatsukanko.com			2026-09-12	2026-09-12	1	0	0	0	0	40134
www.kuwana-kanko.com	三重県	桑名市観光	2026-09-12	2026-09-12	1	0	10	0	0	21711
www.matsumoto-kanko.jp			2026-09-12	2026-09-12	1	0	0	0	0	45857
www.matsuurakanko.com			2026-09-19	2026-09-19	1	1	0	0	0	1076761
www.meiwa-kanko.jp	群馬県	明和町観光	2026-09-12	2026-09-12	1	0	2	0	0	16319
www.minamiasokanko.jp			2026-09-20	2026-09-20	1	1	0	0	0	63648
www.mishima-kankou.net			2026-09-12	2026-09-12	1	0	0	0	0	287927
www.miyake-kanko.jp			2026-09-12	2026-09-12	1	0	0	0	0	55864
www.miyako-kanko.jp	福岡県	みやこ町観光	2026-09-19	2026-09-19	1	2	5	0	0	40027
www.miyoshi-kankou.jp			2026-09-12	2026-09-12	1	0	0	0	0	72398
www.munakatakanko.com	福岡県	宗像市観光	2026-09-19	2026-09-19	1	4	3	0	0	6829
www.nagakute-kankou.com			2026-09-12	2026-09-12	1	0	0	0	0	408796
www.nagano-kanko.com			2026-09-12	2026-09-12	1	0	0	0	0	22123
www.nagano-kanko.net			2026-09-12	2026-09-12	1	0	1	0	0	5965
www.nagasaki-kanko.org			2026-09-19	2026-09-19	1	1	0	0	0	142237
www.nakagawa-kanko.jp			2026-09-12	2026-09-12	1	0	0	0	0	95925
www.nakaikanko.com			2026-09-12	2026-09-12	1	0	0	0	0	27469
www.nakajima-kankou.com			2026-09-12	2026-09-12	1	0	0	0	0	84125
www.nanbu-kanko.net	山梨県	南部町観光	2026-09-12	2026-09-12	1	0	1	0	0	154998
www.nasushiobara-kanko.jp			2026-09-11	2026-09-11	1	0	0	0	0	190685
www.nebakanko.com			2026-09-12	2026-09-12	1	0	0	0	0	306501
www.odawara-kankou.com	神奈川県	小田原市観光	2026-09-11	2026-09-11	1	0	1	0	0	75847
www.okikankou.com			2026-09-19	2026-09-19	1	1	0	0	0	52639
www.onokankou.com			2026-09-12	2026-09-12	1	0	0	0	0	51340
www.oshika-kanko.com			2026-09-12	2026-09-12	1	0	0	0	0	88254
www.oshikakankou.com			2026-09-12	2026-09-12	1	0	0	0	0	98264
www.otakikanko.jp			2026-09-12	2026-09-12	1	0	1	0	0	2945
www.otakikankou.net			2026-09-12	2026-09-12	1	0	0	0	0	1358
www.otsuki-kanko.jp			2026-09-12	2026-09-12	1	0	0	0	0	91055
www.pref.aomori.lg.jp			2026-09-07	2026-09-07	1	0	0	0	0	49953
www.reihoku-kanko.net			2026-09-20	2026-09-20	1	1	2	0	0	9328
www.sadokankou.gr.jp			2026-09-12	2026-09-12	1	0	1	0	0	31535
www.sagarakanko.net			2026-09-20	2026-09-20	1	1	0	0	0	42795
www.saikaikankou.jp			2026-09-19	2026-09-19	1	1	0	0	0	282397
www.sakura-kankou.jp	栃木県	さくら市観光	2026-09-11	2026-09-11	1	0	1	0	0	77014
www.sammukanko.jp	千葉県	山武市観光	2026-09-12	2026-09-12	1	0	1	0	0	95840
www.satsuma-kankou.com			2026-09-20	2026-09-20	1	1	0	0	0	30484
www.shibatakankou.com			2026-09-12	2026-09-12	1	0	0	0	0	43857
www.shinshirokanko.com			2026-09-12	2026-09-12	1	0	0	0	0	39662
www.showa-kanko.com			2026-09-12	2026-09-12	1	0	1	0	0	42321
www.showa-kanko.jp			2026-09-12	2026-09-12	1	0	1	0	0	31479
www.showakanko.jp			2026-09-12	2026-09-12	1	0	0	0	0	56899
www.soeda-kankou.com			2026-09-19	2026-09-19	1	1	0	0	0	919816
www.taikikankou.com			2026-09-12	2026-09-12	1	0	0	0	0	843099
www.takachiho-kanko.jp	宮崎県	高千穂町観光	2026-09-20	2026-09-20	1	2	1	0	0	77792
www.takagikankou.com			2026-09-12	2026-09-12	1	0	1	0	0	43201
www.takasaki-kankou.com			2026-09-12	2026-09-12	1	0	0	0	0	59229
www.tatsuno-kanko.com			2026-09-12	2026-09-12	1	0	0	0	0	13425
www.tobunken.go.jp			2026-09-11	2026-09-11	1	0	0	0	0	66509
www.toho-kanko.com			2026-09-19	2026-09-19	1	1	6	0	0	14
www.toho-kanko.jp			2026-09-19	2026-09-19	1	1	0	0	0	22
www.tonekanko.com			2026-09-11	2026-09-11	1	0	1	0	0	697
www.town.chonan.lg.jp			2026-09-11	2026-09-11	1	0	0	0	0	332
www.town.komono.mie.jp	三重県	菰野町	2026-09-12	2026-09-12	1	0	1	0	0	376
www.town.ono.fukushima.jp	福島県	小野町	2026-09-12	2026-09-12	1	0	1	0	0	5113
www.town.reihoku.jp			2026-09-20	2026-09-20	1	1	2	0	0	678
www.town.satsuma.jp			2026-09-20	2026-09-20	1	1	2	0	0	697
www.town.shinkamigoto.nagasaki.jp			2026-09-19	2026-09-19	1	2	5	0	0	2124
www.tsukubasanjinja.jp			2026-09-08	2026-09-08	1	0	0	0	0	38575
www.ubuyama-kanko.com			2026-09-20	2026-09-20	1	1	2	0	0	31870
www.ueno-kanko.com			2026-09-12	2026-09-12	1	0	0	0	0	107611
www.unzen-kankou.com			2026-09-19	2026-09-19	1	1	4	0	0	39672
www.uonuma-kanko.jp			2026-09-12	2026-09-12	1	0	0	0	0	60377
www.vill.nakajima.jp			2026-09-12	2026-09-12	1	0	1	0	0	690
www.vill.uken.jp			2026-09-20	2026-09-20	1	1	4	0	0	678
www.yamagatakanko.com			2026-09-12	2026-09-12	1	0	0	0	0	34965
www.yamagatakanko.jp			2026-09-12	2026-09-12	1	0	0	0	0	34965
www.yamato-kanko.net			2026-09-20	2026-09-20	1	1	0	0	0	1167097
www.yamatokanko.com			2026-09-20	2026-09-20	1	1	0	0	0	6291
www.yamatokanko.jp			2026-09-20	2026-09-20	1	1	0	0	0	151579
www.yamatokankou.jp			2026-09-20	2026-09-20	1	1	2	0	0	21934
www.yatsushiro-kanko.jp			2026-09-20	2026-09-20	1	1	0	0	0	90073
www.yoshida-kanko.com			2026-09-12	2026-09-12	1	0	1	0	0	18498
www.yoshida-kanko.jp			2026-09-12	2026-09-12	1	0	0	0	0	12427
www.yoshikawakanko.com			2026-09-12	2026-09-12	1	0	0	0	0	84489
www.yoshimi-kanko.net			2026-09-12	2026-09-12	1	0	0	0	0	172969
www.yufukankou.com			2026-09-19	2026-09-19	1	1	0	0	0	35465
www.yusuikanko.com			2026-09-20	2026-09-20	1	1	0	0	0	2015058
yamagatakanko.com			2026-09-12	2026-09-12	1	0	0	0	0	34965
yamagatakanko.jp			2026-09-12	2026-09-12	1	0	0	0	0	34965
yamato-kanko.com			2026-09-20	2026-09-20	1	1	0	0	0	42562
yamato-kanko.net			2026-09-20	2026-09-20	1	1	0	0	0	1167097
yamato-kankou.com			2026-09-20	2026-09-20	1	1	0	0	0	64692
yamatokanko.com			2026-09-20	2026-09-20	1	1	0	0	0	6291
yamatokanko.jp			2026-09-20	2026-09-20	1	1	0	0	0	151579
yamatokankou.jp			2026-09-20	2026-09-20	1	1	2	0	0	21934
yatsushiro-kanko.jp			2026-09-20	2026-09-20	1	1	0	0	0	90073
yoshida-kanko.com			2026-09-12	2026-09-12	1	0	1	0	0	18498
yoshida-kanko.jp			2026-09-12	2026-09-12	1	0	0	0	0	12427
yoshikawakanko.com			2026-09-12	2026-09-12	1	0	0	0	0	84489
yoshimi-kanko.net			2026-09-12	2026-09-12	1	0	0	0	0	172969
yufukankou.com			2026-09-19	2026-09-19	1	1	0	0	0	35465
yusuikanko.com			2026-09-20	2026-09-20	1	1	0	0	0	2015058
			ailed>	ailed>	0	0	1	0	0	0
aoki-kanko.com			2026-09-12	2026-09-12	0	0	2	0	0	0
aokikanko.com			2026-09-12	2026-09-12	0	0	2	0	0	0
ashiya-kankou.com			2026-09-19	2026-09-19	0	2	6	0	0	0
bunkazai.metro.tokyo.lg.jp			2026-09-11	2026-09-11	0	0	2	0	0	0
city.aichi-gamagoori.aichi.jp			2026-09-08	2026-09-08	0	0	1	0	0	0
city.aichi-gamagoori.jp			2026-09-08	2026-09-08	0	0	1	0	0	0
city.aichi-gamagoori.lg.jp			2026-09-08	2026-09-08	0	0	1	0	0	0
city.aichi-gamagoorishi.aichi.jp			2026-09-12	2026-09-12	0	0	1	0	0	0
city.aichi-gamagoorishi.jp			2026-09-12	2026-09-12	0	0	1	0	0	0
city.aichi-gamagoorishi.lg.jp			2026-09-12	2026-09-12	0	0	1	0	0	0
city.aichi-nagoya.aichi.jp			2026-09-08	2026-09-08	0	0	1	0	0	0
city.aichi-nagoya.lg.jp			2026-09-08	2026-09-08	0	0	1	0	0	0
city.ashikaga.chigi.jp			2026-09-11	2026-09-11	0	0	1	0	0	0
city.ashikaga.jp			2026-09-11	2026-09-11	0	0	1	0	0	0
city.ashikaga.lg.jp			2026-09-11	2026-09-11	0	0	1	0	0	0
city.ashikagashi.chigi.jp			2026-09-11	2026-09-11	0	0	1	0	0	0
city.ashikagashi.jp			2026-09-11	2026-09-11	0	0	1	0	0	0
city.ashikagashi.lg.jp			2026-09-11	2026-09-11	0	0	1	0	0	0
city.bungono.jp			2026-09-19	2026-09-19	0	0	8	0	0	0
city.bungono.lg.jp			2026-09-19	2026-09-19	0	0	8	0	0	0
city.bungono.oita.jp			2026-09-19	2026-09-19	0	0	8	0	0	0
city.bungonoshi.jp			2026-09-19	2026-09-19	0	0	8	0	0	0
city.bungonoshi.lg.jp			2026-09-19	2026-09-19	0	0	8	0	0	0
city.bungonoshi.oita.jp			2026-09-19	2026-09-19	0	0	8	0	0	0
city.bungoono.jp			2026-09-19	2026-09-19	0	0	8	0	0	0
city.bungoono.lg.jp			2026-09-19	2026-09-19	0	0	8	0	0	0
city.bungoono.oita.jp			2026-09-19	2026-09-19	0	0	8	0	0	0
city.bungoonoshi.jp			2026-09-19	2026-09-19	0	0	8	0	0	0
city.bungoonoshi.lg.jp			2026-09-19	2026-09-19	0	0	8	0	0	0
city.bungoonoshi.oita.jp			2026-09-19	2026-09-19	0	0	8	0	0	0
city.chiba.chiba.jp			2026-09-11	2026-09-11	0	0	1	0	0	0
city.chiba.lg.jp			2026-09-11	2026-09-11	0	0	1	0	0	0
city.chigi-ashikaga.chigi.jp			2026-09-11	2026-09-11	0	0	1	0	0	0
city.chigi-ashikaga.jp			2026-09-11	2026-09-11	0	0	1	0	0	0
city.chigi-ashikaga.lg.jp			2026-09-11	2026-09-11	0	0	1	0	0	0
city.chigi-ashikagashi.chigi.jp			2026-09-11	2026-09-11	0	0	1	0	0	0
city.chigi-ashikagashi.jp			2026-09-11	2026-09-11	0	0	1	0	0	0
city.chigi-ashikagashi.lg.jp			2026-09-11	2026-09-11	0	0	1	0	0	0
city.chigi-kanuma.chigi.jp			2026-09-11	2026-09-11	0	0	1	0	0	0
city.chigi-kanuma.jp			2026-09-11	2026-09-11	0	0	1	0	0	0
city.chigi-kanuma.lg.jp			2026-09-11	2026-09-11	0	0	1	0	0	0
city.chigi-kanumashi.chigi.jp			2026-09-11	2026-09-11	0	0	1	0	0	0
city.chigi-kanumashi.jp			2026-09-11	2026-09-11	0	0	1	0	0	0
city.chigi-kanumashi.lg.jp			2026-09-11	2026-09-11	0	0	1	0	0	0
city.chigi-mooka.chigi.jp			2026-09-11	2026-09-11	0	0	1	0	0	0
city.chigi-mooka.jp			2026-09-11	2026-09-11	0	0	1	0	0	0
city.chigi-mooka.lg.jp			2026-09-11	2026-09-11	0	0	1	0	0	0
city.chigi-mookashi.chigi.jp			2026-09-11	2026-09-11	0	0	1	0	0	0
city.chigi-mookashi.jp			2026-09-11	2026-09-11	0	0	1	0	0	0
city.chigi-mookashi.lg.jp			2026-09-11	2026-09-11	0	0	1	0	0	0
city.chigi-otawara.chigi.jp			2026-09-11	2026-09-11	0	0	1	0	0	0
city.chigi-otawara.jp			2026-09-11	2026-09-11	0	0	1	0	0	0
city.chigi-otawara.lg.jp			2026-09-11	2026-09-11	0	0	1	0	0	0
city.chigi-otawarashi.chigi.jp			2026-09-11	2026-09-11	0	0	1	0	0	0
city.chigi-otawarashi.jp			2026-09-11	2026-09-11	0	0	1	0	0	0
city.chigi-otawarashi.lg.jp			2026-09-11	2026-09-11	0	0	1	0	0	0
city.chigi-oyama.chigi.jp			2026-09-11	2026-09-11	0	0	1	0	0	0
city.chigi-oyama.jp			2026-09-11	2026-09-11	0	0	1	0	0	0
city.chigi-oyama.lg.jp			2026-09-11	2026-09-11	0	0	1	0	0	0
city.chigi-oyamashi.chigi.jp			2026-09-11	2026-09-11	0	0	1	0	0	0
city.chigi-oyamashi.jp			2026-09-11	2026-09-11	0	0	1	0	0	0
city.chigi-oyamashi.lg.jp			2026-09-11	2026-09-11	0	0	1	0	0	0
city.chigi-sakura.chigi.jp			2026-09-11	2026-09-11	0	0	1	0	0	0
city.chigi-sakura.jp			2026-09-11	2026-09-11	0	0	1	0	0	0
city.chigi-sakura.lg.jp			2026-09-11	2026-09-11	0	0	1	0	0	0
city.chigi-sakurashi.chigi.jp			2026-09-11	2026-09-11	0	0	1	0	0	0
city.chigi-sakurashi.jp			2026-09-11	2026-09-11	0	0	1	0	0	0
city.chigi-sakurashi.lg.jp			2026-09-11	2026-09-11	0	0	1	0	0	0
city.chigi-yaita.chigi.jp			2026-09-11	2026-09-11	0	0	1	0	0	0
city.chigi-yaita.jp			2026-09-11	2026-09-11	0	0	1	0	0	0
city.chigi-yaita.lg.jp			2026-09-11	2026-09-11	0	0	1	0	0	0
city.chigi-yaitashi.chigi.jp			2026-09-11	2026-09-11	0	0	1	0	0	0
city.chigi-yaitashi.jp			2026-09-11	2026-09-11	0	0	1	0	0	0
city.chigi-yaitashi.lg.jp			2026-09-11	2026-09-11	0	0	1	0	0	0
city.date.fukushima.jp			2026-09-12	2026-09-12	0	0	1	0	0	0
city.date.jp			2026-09-12	2026-09-12	0	0	1	0	0	0
city.date.lg.jp			2026-09-12	2026-09-12	0	0	1	0	0	0
city.fujioka.gumma.jp			2026-09-12	2026-09-12	0	0	1	0	0	0
city.fujioka.jp			2026-09-12	2026-09-12	0	0	1	0	0	0
city.fujioka.lg.jp			2026-09-12	2026-09-12	0	0	1	0	0	0
city.fujiokashi.gumma.jp			2026-09-12	2026-09-12	0	0	1	0	0	0
city.fujiokashi.jp			2026-09-12	2026-09-12	0	0	1	0	0	0
city.fujiokashi.lg.jp			2026-09-12	2026-09-12	0	0	1	0	0	0
city.fukui-obama.fukui.jp			2026-09-12	2026-09-12	0	0	1	0	0	0
city.fukui-obama.jp			2026-09-12	2026-09-12	0	0	1	0	0	0
city.fukui-obama.lg.jp			2026-09-12	2026-09-12	0	0	1	0	0	0
city.fukui-obamashi.fukui.jp			2026-09-12	2026-09-12	0	0	1	0	0	0
city.fukui-obamashi.jp			2026-09-12	2026-09-12	0	0	1	0	0	0
city.fukui-obamashi.lg.jp			2026-09-12	2026-09-12	0	0	1	0	0	0
city.fukuoka-noogata.fukuoka.jp			2026-09-19	2026-09-19	0	0	4	0	0	0
city.fukuoka-noogata.jp			2026-09-19	2026-09-19	0	0	4	0	0	0
city.fukuoka-noogata.lg.jp			2026-09-19	2026-09-19	0	0	4	0	0	0
city.fukuoka-noogatashi.fukuoka.jp			2026-09-19	2026-09-19	0	0	4	0	0	0
city.fukuoka-noogatashi.jp			2026-09-19	2026-09-19	0	0	4	0	0	0
city.fukuoka-noogatashi.lg.jp			2026-09-19	2026-09-19	0	0	4	0	0	0
city.fukuoka-ogoori.fukuoka.jp			2026-09-19	2026-09-19	0	0	4	0	0	0
city.fukuoka-ogoori.jp			2026-09-19	2026-09-19	0	0	4	0	0	0
city.fukuoka-ogoori.lg.jp			2026-09-19	2026-09-19	0	0	4	0	0	0
city.fukuoka-ogoorishi.fukuoka.jp			2026-09-19	2026-09-19	0	0	4	0	0	0
city.fukuoka-ogoorishi.jp			2026-09-19	2026-09-19	0	0	4	0	0	0
city.fukuoka-ogoorishi.lg.jp			2026-09-19	2026-09-19	0	0	4	0	0	0
city.fukuoka-tagawa.fukuoka.jp			2026-09-19	2026-09-19	0	0	8	0	0	0
city.fukuoka-tagawa.jp			2026-09-19	2026-09-19	0	0	8	0	0	0
city.fukuoka-tagawa.lg.jp			2026-09-19	2026-09-19	0	0	8	0	0	0
city.fukuoka-tagawashi.fukuoka.jp			2026-09-19	2026-09-19	0	0	8	0	0	0
city.fukuoka-tagawashi.jp			2026-09-19	2026-09-19	0	0	8	0	0	0
city.fukuoka-tagawashi.lg.jp			2026-09-19	2026-09-19	0	0	8	0	0	0
city.fukushima-kooriyama.fukushima.jp			2026-09-12	2026-09-12	0	0	1	0	0	0
city.fukushima-kooriyama.jp			2026-09-12	2026-09-12	0	0	1	0	0	0
city.fukushima-kooriyama.lg.jp			2026-09-12	2026-09-12	0	0	1	0	0	0
city.fukushima-kooriyamashi.fukushima.jp			2026-09-12	2026-09-12	0	0	1	0	0	0
city.fukushima-kooriyamashi.jp			2026-09-12	2026-09-12	0	0	1	0	0	0
city.fukushima-kooriyamashi.lg.jp			2026-09-12	2026-09-12	0	0	1	0	0	0
city.fukushima-kooryama.fukushima.jp			2026-09-12	2026-09-12	0	0	1	0	0	0
city.fukushima-kooryama.jp			2026-09-12	2026-09-12	0	0	1	0	0	0
city.fukushima-kooryama.lg.jp			2026-09-12	2026-09-12	0	0	1	0	0	0
city.fukushima-kooryamashi.fukushima.jp			2026-09-12	2026-09-12	0	0	1	0	0	0
city.fukushima-kooryamashi.jp			2026-09-12	2026-09-12	0	0	1	0	0	0
city.fukushima-kooryamashi.lg.jp			2026-09-12	2026-09-12	0	0	1	0	0	0
city.fukushima-nihommatsu.fukushima.jp			2026-09-12	2026-09-12	0	0	1	0	0	0
city.fukushima-nihommatsu.jp			2026-09-12	2026-09-12	0	0	1	0	0	0
city.fukushima-nihommatsu.lg.jp			2026-09-12	2026-09-12	0	0	1	0	0	0
city.fukushima-nihommatsushi.fukushima.jp			2026-09-12	2026-09-12	0	0	1	0	0	0
city.fukushima-nihommatsushi.jp			2026-09-12	2026-09-12	0	0	1	0	0	0
city.fukushima-nihommatsushi.lg.jp			2026-09-12	2026-09-12	0	0	1	0	0	0
city.gamagoori.aichi.jp			2026-09-08	2026-09-08	0	0	1	0	0	0
city.gamagoori.jp			2026-09-08	2026-09-08	0	0	1	0	0	0
city.gamagoori.lg.jp			2026-09-08	2026-09-08	0	0	1	0	0	0
city.gamagoorishi.aichi.jp			2026-09-12	2026-09-12	0	0	1	0	0	0
city.gamagoorishi.jp			2026-09-12	2026-09-12	0	0	1	0	0	0
city.gamagoorishi.lg.jp			2026-09-12	2026-09-12	0	0	1	0	0	0
city.giyoda.jp			2026-09-11	2026-09-11	0	0	1	0	0	0
city.giyoda.lg.jp			2026-09-11	2026-09-11	0	0	1	0	0	0
city.giyoda.saitama.jp			2026-09-11	2026-09-11	0	0	1	0	0	0
city.giyodashi.jp			2026-09-11	2026-09-11	0	0	1	0	0	0
city.giyodashi.lg.jp			2026-09-11	2026-09-11	0	0	1	0	0	0
city.giyodashi.saitama.jp			2026-09-11	2026-09-11	0	0	1	0	0	0
city.gumma-fujioka.gumma.jp			2026-09-12	2026-09-12	0	0	1	0	0	0
city.gumma-fujioka.jp			2026-09-12	2026-09-12	0	0	1	0	0	0
city.gumma-fujioka.lg.jp			2026-09-12	2026-09-12	0	0	1	0	0	0
city.gumma-fujiokashi.gumma.jp			2026-09-12	2026-09-12	0	0	1	0	0	0
city.gumma-fujiokashi.jp			2026-09-12	2026-09-12	0	0	1	0	0	0
city.gumma-fujiokashi.lg.jp			2026-09-12	2026-09-12	0	0	1	0	0	0
city.gumma-maebashi.gumma.jp			2026-09-12	2026-09-12	0	0	1	0	0	0
city.gumma-maebashi.jp			2026-09-12	2026-09-12	0	0	1	0	0	0
city.gumma-maebashi.lg.jp			2026-09-12	2026-09-12	0	0	1	0	0	0
city.gumma-maebashishi.gumma.jp			2026-09-12	2026-09-12	0	0	1	0	0	0
city.gumma-maebashishi.jp			2026-09-12	2026-09-12	0	0	1	0	0	0
city.gumma-maebashishi.lg.jp			2026-09-12	2026-09-12	0	0	1	0	0	0
city.gumma-midori.gumma.jp			2026-09-12	2026-09-12	0	0	1	0	0	0
city.gumma-midori.jp			2026-09-12	2026-09-12	0	0	1	0	0	0
city.gumma-midori.lg.jp			2026-09-12	2026-09-12	0	0	1	0	0	0
city.gumma-midorishi.gumma.jp			2026-09-12	2026-09-12	0	0	1	0	0	0
city.gumma-midorishi.jp			2026-09-12	2026-09-12	0	0	1	0	0	0
city.gumma-midorishi.lg.jp			2026-09-12	2026-09-12	0	0	1	0	0	0
city.gumma-numata.gumma.jp			2026-09-12	2026-09-12	0	0	1	0	0	0
city.gumma-numata.jp			2026-09-12	2026-09-12	0	0	1	0	0	0
city.gumma-numata.lg.jp			2026-09-12	2026-09-12	0	0	1	0	0	0
city.gumma-numatashi.gumma.jp			2026-09-12	2026-09-12	0	0	1	0	0	0
city.gumma-numatashi.jp			2026-09-12	2026-09-12	0	0	1	0	0	0
city.gumma-numatashi.lg.jp			2026-09-12	2026-09-12	0	0	1	0	0	0
city.gumma-ota.gumma.jp			2026-09-12	2026-09-12	0	0	1	0	0	0
city.gumma-ota.jp			2026-09-12	2026-09-12	0	0	1	0	0	0
city.gumma-ota.lg.jp			2026-09-12	2026-09-12	0	0	1	0	0	0
city.gumma-otashi.gumma.jp			2026-09-12	2026-09-12	0	0	1	0	0	0
city.gumma-otashi.jp			2026-09-12	2026-09-12	0	0	1	0	0	0
city.gumma-otashi.lg.jp			2026-09-12	2026-09-12	0	0	1	0	0	0
city.gumma-takasaki.gumma.jp			2026-09-12	2026-09-12	0	0	1	0	0	0
city.gumma-takasaki.jp			2026-09-12	2026-09-12	0	0	1	0	0	0
city.gumma-takasaki.lg.jp			2026-09-12	2026-09-12	0	0	1	0	0	0
city.gumma-takasakishi.gumma.jp			2026-09-12	2026-09-12	0	0	1	0	0	0
city.gumma-takasakishi.jp			2026-09-12	2026-09-12	0	0	1	0	0	0
city.gumma-takasakishi.lg.jp			2026-09-12	2026-09-12	0	0	1	0	0	0
city.gumma-tatebayashi.gumma.jp			2026-09-12	2026-09-12	0	0	1	0	0	0
city.gumma-tatebayashi.jp			2026-09-12	2026-09-12	0	0	1	0	0	0
city.gumma-tatebayashi.lg.jp			2026-09-12	2026-09-12	0	0	1	0	0	0
city.gumma-tatebayashishi.gumma.jp			2026-09-12	2026-09-12	0	0	1	0	0	0
city.gumma-tatebayashishi.jp			2026-09-12	2026-09-12	0	0	1	0	0	0
city.gumma-tatebayashishi.lg.jp			2026-09-12	2026-09-12	0	0	1	0	0	0
city.gumma-tomioka.gumma.jp			2026-09-12	2026-09-12	0	0	1	0	0	0
city.gumma-tomioka.jp			2026-09-12	2026-09-12	0	0	1	0	0	0
city.gumma-tomioka.lg.jp			2026-09-12	2026-09-12	0	0	1	0	0	0
city.gumma-tomiokashi.gumma.jp			2026-09-12	2026-09-12	0	0	1	0	0	0
city.gumma-tomiokashi.jp			2026-09-12	2026-09-12	0	0	1	0	0	0
city.gumma-tomiokashi.lg.jp			2026-09-12	2026-09-12	0	0	1	0	0	0
city.gunma-tomioka.gunma.jp			2026-09-12	2026-09-12	0	0	1	0	0	0
city.gunma-tomioka.jp			2026-09-12	2026-09-12	0	0	1	0	0	0
city.gunma-tomioka.lg.jp			2026-09-12	2026-09-12	0	0	1	0	0	0
city.gunma-tomiokashi.gunma.jp			2026-09-12	2026-09-12	0	0	1	0	0	0
city.gunma-tomiokashi.jp			2026-09-12	2026-09-12	0	0	1	0	0	0
city.gunma-tomiokashi.lg.jp			2026-09-12	2026-09-12	0	0	1	0	0	0
city.haniyu.jp			2026-09-11	2026-09-11	0	0	1	0	0	0
city.haniyu.lg.jp			2026-09-11	2026-09-11	0	0	1	0	0	0
city.haniyu.saitama.jp			2026-09-11	2026-09-11	0	0	1	0	0	0
city.haniyushi.jp			2026-09-11	2026-09-11	0	0	1	0	0	0
city.haniyushi.lg.jp			2026-09-11	2026-09-11	0	0	1	0	0	0
city.haniyushi.saitama.jp			2026-09-11	2026-09-11	0	0	1	0	0	0
city.haniyuu.jp			2026-09-11	2026-09-11	0	0	1	0	0	0
city.haniyuu.lg.jp			2026-09-11	2026-09-11	0	0	1	0	0	0
city.haniyuu.saitama.jp			2026-09-11	2026-09-11	0	0	1	0	0	0
city.haniyuushi.jp			2026-09-11	2026-09-11	0	0	1	0	0	0
city.haniyuushi.lg.jp			2026-09-11	2026-09-11	0	0	1	0	0	0
city.haniyuushi.saitama.jp			2026-09-11	2026-09-11	0	0	1	0	0	0
city.hanyuu.jp			2026-09-11	2026-09-11	0	0	1	0	0	0
city.hanyuu.lg.jp			2026-09-11	2026-09-11	0	0	1	0	0	0
city.hanyuu.saitama.jp			2026-09-11	2026-09-11	0	0	1	0	0	0
city.hanyuushi.jp			2026-09-11	2026-09-11	0	0	1	0	0	0
city.hanyuushi.lg.jp			2026-09-11	2026-09-11	0	0	1	0	0	0
city.hanyuushi.saitama.jp			2026-09-11	2026-09-11	0	0	1	0	0	0
city.higashimurayama.jp			2026-09-11	2026-09-11	0	0	1	0	0	0
city.higashimurayama.lg.jp			2026-09-11	2026-09-11	0	0	1	0	0	0
city.higashimurayama.tokyo.jp			2026-09-11	2026-09-11	0	0	1	0	0	0
city.higashimurayamashi.jp			2026-09-11	2026-09-11	0	0	1	0	0	0
city.higashimurayamashi.lg.jp			2026-09-11	2026-09-11	0	0	1	0	0	0
city.higashimurayamashi.tokyo.jp			2026-09-11	2026-09-11	0	0	1	0	0	0
city.honjiyo.jp			2026-09-11	2026-09-11	0	0	1	0	0	0
city.honjiyo.lg.jp			2026-09-11	2026-09-11	0	0	1	0	0	0
city.honjiyo.saitama.jp			2026-09-11	2026-09-11	0	0	1	0	0	0
city.honjiyoshi.jp			2026-09-11	2026-09-11	0	0	1	0	0	0
city.honjiyoshi.lg.jp			2026-09-11	2026-09-11	0	0	1	0	0	0
city.honjiyoshi.saitama.jp			2026-09-11	2026-09-11	0	0	1	0	0	0
city.honjyo.jp			2026-09-11	2026-09-11	0	0	1	0	0	0
city.honjyo.lg.jp			2026-09-11	2026-09-11	0	0	1	0	0	0
city.honjyo.saitama.jp			2026-09-11	2026-09-11	0	0	1	0	0	0
city.honjyoshi.jp			2026-09-11	2026-09-11	0	0	1	0	0	0
city.honjyoshi.lg.jp			2026-09-11	2026-09-11	0	0	1	0	0	0
city.honjyoshi.saitama.jp			2026-09-11	2026-09-11	0	0	1	0	0	0
city.ibaraki-yuuki.ibaraki.jp			2026-09-07	2026-09-07	0	0	1	0	0	0
city.ibaraki-yuuki.jp			2026-09-11	2026-09-11	0	0	1	0	0	0
city.ibaraki-yuuki.lg.jp			2026-09-07	2026-09-07	0	0	1	0	0	0
city.ibaraki-yuukishi.ibaraki.jp			2026-09-11	2026-09-11	0	0	1	0	0	0
city.ibaraki-yuukishi.jp			2026-09-11	2026-09-11	0	0	1	0	0	0
city.ibaraki-yuukishi.lg.jp			2026-09-11	2026-09-11	0	0	1	0	0	0
city.ina.jp			2026-09-12	2026-09-12	0	0	1	0	0	0
city.ina.lg.jp			2026-09-12	2026-09-12	0	0	1	0	0	0
city.ina.nagano.jp			2026-09-12	2026-09-12	0	0	1	0	0	0
city.inashi.jp			2026-09-12	2026-09-12	0	0	1	0	0	0
city.inashi.lg.jp			2026-09-12	2026-09-12	0	0	1	0	0	0
city.inashi.nagano.jp			2026-09-12	2026-09-12	0	0	1	0	0	0
city.izumi.jp			2026-09-20	2026-09-20	0	0	2	0	0	0
city.izumi.kagoshima.jp			2026-09-20	2026-09-20	0	0	2	0	0	0
city.izumi.lg.jp			2026-09-20	2026-09-20	0	0	2	0	0	0
city.kagoshima-kirishima.jp			2026-09-20	2026-09-20	0	0	4	0	0	0
city.kagoshima-kirishima.kagoshima.jp			2026-09-20	2026-09-20	0	0	4	0	0	0
city.kagoshima-kirishima.lg.jp			2026-09-20	2026-09-20	0	0	4	0	0	0
city.kagoshima-kirishimashi.jp			2026-09-20	2026-09-20	0	0	4	0	0	0
city.kagoshima-kirishimashi.kagoshima.jp			2026-09-20	2026-09-20	0	0	4	0	0	0
city.kagoshima-kirishimashi.lg.jp			2026-09-20	2026-09-20	0	0	4	0	0	0
city.kanuma.chigi.jp			2026-09-11	2026-09-11	0	0	1	0	0	0
city.kanuma.jp			2026-09-11	2026-09-11	0	0	1	0	0	0
city.kanuma.lg.jp			2026-09-11	2026-09-11	0	0	1	0	0	0
city.kanumashi.chigi.jp			2026-09-11	2026-09-11	0	0	1	0	0	0
city.kanumashi.jp			2026-09-11	2026-09-11	0	0	1	0	0	0
city.kanumashi.lg.jp			2026-09-11	2026-09-11	0	0	1	0	0	0
city.kashima.jp			2026-09-19	2026-09-19	0	0	4	0	0	0
city.kashima.lg.jp			2026-09-19	2026-09-19	0	0	4	0	0	0
city.kashima.saga.jp			2026-09-19	2026-09-19	0	0	4	0	0	0
city.kawasaki.kanagawa.jp			2026-09-11	2026-09-11	0	0	1	0	0	0
city.kawasaki.lg.jp			2026-09-11	2026-09-11	0	0	1	0	0	0
city.kirishima.jp			2026-09-20	2026-09-20	0	0	4	0	0	0
city.kirishima.kagoshima.jp			2026-09-20	2026-09-20	0	0	4	0	0	0
city.kirishima.lg.jp			2026-09-20	2026-09-20	0	0	4	0	0	0
city.kirishimashi.jp			2026-09-20	2026-09-20	0	0	4	0	0	0
city.kirishimashi.kagoshima.jp			2026-09-20	2026-09-20	0	0	4	0	0	0
city.kirishimashi.lg.jp			2026-09-20	2026-09-20	0	0	4	0	0	0
city.koga.ibaraki.jp			2026-09-07	2026-09-07	0	0	1	0	0	0
city.koga.jp			2026-09-11	2026-09-11	0	0	1	0	0	0
city.koga.lg.jp			2026-09-07	2026-09-07	0	0	1	0	0	0
city.konan.jp			2026-09-12	2026-09-12	0	0	1	0	0	0
city.konan.lg.jp			2026-09-12	2026-09-12	0	0	1	0	0	0
city.konan.shiga.jp			2026-09-12	2026-09-12	0	0	1	0	0	0
city.konosu.jp			2026-09-11	2026-09-11	0	0	1	0	0	0
city.konosu.lg.jp			2026-09-11	2026-09-11	0	0	1	0	0	0
city.konosu.saitama.jp			2026-09-11	2026-09-11	0	0	1	0	0	0
city.konosushi.jp			2026-09-11	2026-09-11	0	0	1	0	0	0
city.konosushi.lg.jp			2026-09-11	2026-09-11	0	0	1	0	0	0
city.konosushi.saitama.jp			2026-09-11	2026-09-11	0	0	1	0	0	0
city.kooriyama.fukushima.jp			2026-09-12	2026-09-12	0	0	1	0	0	0
city.kooriyama.jp			2026-09-12	2026-09-12	0	0	1	0	0	0
city.kooriyama.lg.jp			2026-09-12	2026-09-12	0	0	1	0	0	0
city.kooriyamashi.fukushima.jp			2026-09-12	2026-09-12	0	0	1	0	0	0
city.kooriyamashi.jp			2026-09-12	2026-09-12	0	0	1	0	0	0
city.kooriyamashi.lg.jp			2026-09-12	2026-09-12	0	0	1	0	0	0
city.kooryama.fukushima.jp			2026-09-12	2026-09-12	0	0	1	0	0	0
city.kooryama.jp			2026-09-12	2026-09-12	0	0	1	0	0	0
city.kooryama.lg.jp			2026-09-12	2026-09-12	0	0	1	0	0	0
city.kooryamashi.fukushima.jp			2026-09-12	2026-09-12	0	0	1	0	0	0
city.kooryamashi.jp			2026-09-12	2026-09-12	0	0	1	0	0	0
city.kooryamashi.lg.jp			2026-09-12	2026-09-12	0	0	1	0	0	0
city.kumamoto.kumamoto.jp			2026-09-20	2026-09-20	0	0	2	0	0	0
city.kumamoto.lg.jp			2026-09-20	2026-09-20	0	0	2	0	0	0
city.maebashi.gumma.jp			2026-09-12	2026-09-12	0	0	1	0	0	0
city.maebashi.jp			2026-09-12	2026-09-12	0	0	1	0	0	0
city.maebashi.lg.jp			2026-09-12	2026-09-12	0	0	1	0	0	0
city.maebashishi.gumma.jp			2026-09-12	2026-09-12	0	0	1	0	0	0
city.maebashishi.jp			2026-09-12	2026-09-12	0	0	1	0	0	0
city.maebashishi.lg.jp			2026-09-12	2026-09-12	0	0	1	0	0	0
city.matsura.jp			2026-09-19	2026-09-19	0	0	8	0	0	0
city.matsura.lg.jp			2026-09-19	2026-09-19	0	0	7	0	0	0
city.matsura.nagasaki.jp			2026-09-19	2026-09-19	0	0	8	0	0	0
city.matsurashi.jp			2026-09-19	2026-09-19	0	0	8	0	0	0
city.matsurashi.lg.jp			2026-09-19	2026-09-19	0	0	8	0	0	0
city.matsurashi.nagasaki.jp			2026-09-19	2026-09-19	0	0	8	0	0	0
city.matsuura.jp			2026-09-19	2026-09-19	0	0	8	0	0	0
city.matsuura.lg.jp			2026-09-19	2026-09-19	0	0	8	0	0	0
city.matsuura.nagasaki.jp			2026-09-19	2026-09-19	0	0	8	0	0	0
city.matsuurashi.jp			2026-09-19	2026-09-19	0	0	8	0	0	0
city.matsuurashi.lg.jp			2026-09-19	2026-09-19	0	0	8	0	0	0
city.matsuurashi.nagasaki.jp			2026-09-19	2026-09-19	0	0	8	0	0	0
city.midori.gumma.jp			2026-09-12	2026-09-12	0	0	1	0	0	0
city.midori.jp			2026-09-12	2026-09-12	0	0	1	0	0	0
city.midori.lg.jp			2026-09-12	2026-09-12	0	0	1	0	0	0
city.midorishi.gumma.jp			2026-09-12	2026-09-12	0	0	1	0	0	0
city.midorishi.jp			2026-09-12	2026-09-12	0	0	1	0	0	0
city.midorishi.lg.jp			2026-09-12	2026-09-12	0	0	1	0	0	0
city.mie-tsu.jp			2026-09-12	2026-09-12	0	0	1	0	0	0
city.mie-tsu.lg.jp			2026-09-12	2026-09-12	0	0	1	0	0	0
city.mie-tsu.mie.jp			2026-09-12	2026-09-12	0	0	1	0	0	0
city.mie-tsushi.jp			2026-09-12	2026-09-12	0	0	1	0	0	0
city.mie-tsushi.lg.jp			2026-09-12	2026-09-12	0	0	1	0	0	0
city.mie-tsushi.mie.jp			2026-09-12	2026-09-12	0	0	1	0	0	0
city.minamiarupusu.jp			2026-09-12	2026-09-12	0	0	1	0	0	0
city.minamiarupusu.lg.jp			2026-09-12	2026-09-12	0	0	1	0	0	0
city.minamiarupusu.yamanashi.jp			2026-09-12	2026-09-12	0	0	1	0	0	0
city.minamiarupusushi.jp			2026-09-12	2026-09-12	0	0	1	0	0	0
city.minamiarupusushi.lg.jp			2026-09-12	2026-09-12	0	0	1	0	0	0
city.minamiarupusushi.yamanashi.jp			2026-09-12	2026-09-12	0	0	1	0	0	0
city.miyoshi.aichi.jp			2026-09-08	2026-09-08	0	0	1	0	0	0
city.miyoshi.jp			2026-09-08	2026-09-08	0	0	1	0	0	0
city.miyoshi.lg.jp			2026-09-08	2026-09-08	0	0	1	0	0	0
city.mooka.chigi.jp			2026-09-11	2026-09-11	0	0	1	0	0	0
city.mooka.jp			2026-09-11	2026-09-11	0	0	1	0	0	0
city.mooka.lg.jp			2026-09-11	2026-09-11	0	0	1	0	0	0
city.mooka.tochigi.jp			2026-09-11	2026-09-11	0	0	1	0	0	0
city.mookashi.chigi.jp			2026-09-11	2026-09-11	0	0	1	0	0	0
city.mookashi.jp			2026-09-11	2026-09-11	0	0	1	0	0	0
city.mookashi.lg.jp			2026-09-11	2026-09-11	0	0	1	0	0	0
city.mookashi.tochigi.jp			2026-09-11	2026-09-11	0	0	1	0	0	0
city.nagano-ina.jp			2026-09-12	2026-09-12	0	0	1	0	0	0
city.nagano-ina.lg.jp			2026-09-12	2026-09-12	0	0	1	0	0	0
city.nagano-ina.nagano.jp			2026-09-12	2026-09-12	0	0	1	0	0	0
city.nagano-inashi.jp			2026-09-12	2026-09-12	0	0	1	0	0	0
city.nagano-inashi.lg.jp			2026-09-12	2026-09-12	0	0	1	0	0	0
city.nagano-inashi.nagano.jp			2026-09-12	2026-09-12	0	0	1	0	0	0
city.nagasaki-matsura.jp			2026-09-19	2026-09-19	0	0	8	0	0	0
city.nagasaki-matsura.lg.jp			2026-09-19	2026-09-19	0	0	8	0	0	0
city.nagasaki-matsura.nagasaki.jp			2026-09-19	2026-09-19	0	0	8	0	0	0
city.nagasaki-matsurashi.jp			2026-09-19	2026-09-19	0	0	8	0	0	0
city.nagasaki-matsurashi.lg.jp			2026-09-19	2026-09-19	0	0	8	0	0	0
city.nagasaki-matsurashi.nagasaki.jp			2026-09-19	2026-09-19	0	0	8	0	0	0
city.nagasaki-matsuura.jp			2026-09-19	2026-09-19	0	0	8	0	0	0
city.nagasaki-matsuura.lg.jp			2026-09-19	2026-09-19	0	0	8	0	0	0
city.nagasaki-matsuura.nagasaki.jp			2026-09-19	2026-09-19	0	0	8	0	0	0
city.nagasaki-matsuurashi.jp			2026-09-19	2026-09-19	0	0	8	0	0	0
city.nagasaki-matsuurashi.lg.jp			2026-09-19	2026-09-19	0	0	8	0	0	0
city.nagasaki-matsuurashi.nagasaki.jp			2026-09-19	2026-09-19	0	0	8	0	0	0
city.nagoya.aichi.jp			2026-09-08	2026-09-08	0	0	1	0	0	0
city.nagoya.lg.jp			2026-09-08	2026-09-08	0	0	1	0	0	0
city.nakano.jp			2026-09-11	2026-09-11	0	0	1	0	0	0
city.nakano.lg.jp			2026-09-11	2026-09-11	0	0	1	0	0	0
city.nakano.tokyo.jp			2026-09-11	2026-09-11	0	0	1	0	0	0
city.nakatsu.jp			2026-09-19	2026-09-19	0	0	8	0	0	0
city.nakatsu.lg.jp			2026-09-19	2026-09-19	0	0	8	0	0	0
city.nakatsu.oita.jp			2026-09-19	2026-09-19	0	0	8	0	0	0
city.nakatsushi.jp			2026-09-19	2026-09-19	0	0	8	0	0	0
city.nakatsushi.lg.jp			2026-09-19	2026-09-19	0	0	8	0	0	0
city.nakatsushi.oita.jp			2026-09-19	2026-09-19	0	0	8	0	0	0
city.nara-yamatokooriyama.jp			2026-09-12	2026-09-12	0	0	1	0	0	0
city.nara-yamatokooriyama.lg.jp			2026-09-12	2026-09-12	0	0	1	0	0	0
city.nara-yamatokooriyama.nara.jp			2026-09-12	2026-09-12	0	0	1	0	0	0
city.nara-yamatokooriyamashi.jp			2026-09-12	2026-09-12	0	0	1	0	0	0
city.nara-yamatokooriyamashi.lg.jp			2026-09-12	2026-09-12	0	0	1	0	0	0
city.nara-yamatokooriyamashi.nara.jp			2026-09-12	2026-09-12	0	0	1	0	0	0
city.nara-yamatokooryama.jp			2026-09-12	2026-09-12	0	0	1	0	0	0
city.nara-yamatokooryama.lg.jp			2026-09-12	2026-09-12	0	0	1	0	0	0
city.nara-yamatokooryama.nara.jp			2026-09-12	2026-09-12	0	0	1	0	0	0
city.nara-yamatokooryamashi.jp			2026-09-12	2026-09-12	0	0	1	0	0	0
city.nara-yamatokooryamashi.lg.jp			2026-09-12	2026-09-12	0	0	1	0	0	0
city.nara-yamatokooryamashi.nara.jp			2026-09-12	2026-09-12	0	0	1	0	0	0
city.nihommatsu.fukushima.jp			2026-09-12	2026-09-12	0	0	1	0	0	0
city.nihommatsu.jp			2026-09-12	2026-09-12	0	0	1	0	0	0
city.nihommatsu.lg.jp			2026-09-12	2026-09-12	0	0	1	0	0	0
city.nihommatsushi.fukushima.jp			2026-09-12	2026-09-12	0	0	1	0	0	0
city.nihommatsushi.jp			2026-09-12	2026-09-12	0	0	1	0	0	0
city.nihommatsushi.lg.jp			2026-09-12	2026-09-12	0	0	1	0	0	0
city.niigata-tookamachi.jp			2026-09-12	2026-09-12	0	0	1	0	0	0
city.niigata-tookamachi.lg.jp			2026-09-12	2026-09-12	0	0	1	0	0	0
city.niigata-tookamachi.niigata.jp			2026-09-12	2026-09-12	0	0	1	0	0	0
city.niigata-tookamachishi.jp			2026-09-12	2026-09-12	0	0	1	0	0	0
city.niigata-tookamachishi.lg.jp			2026-09-12	2026-09-12	0	0	1	0	0	0
city.niigata-tookamachishi.niigata.jp			2026-09-12	2026-09-12	0	0	1	0	0	0
city.noogata.fukuoka.jp			2026-09-19	2026-09-19	0	0	4	0	0	0
city.noogata.jp			2026-09-19	2026-09-19	0	0	4	0	0	0
city.noogata.lg.jp			2026-09-19	2026-09-19	0	0	4	0	0	0
city.noogatashi.fukuoka.jp			2026-09-19	2026-09-19	0	0	4	0	0	0
city.noogatashi.jp			2026-09-19	2026-09-19	0	0	4	0	0	0
city.noogatashi.lg.jp			2026-09-19	2026-09-19	0	0	4	0	0	0
city.numata.gumma.jp			2026-09-12	2026-09-12	0	0	1	0	0	0
city.numata.jp			2026-09-12	2026-09-12	0	0	1	0	0	0
city.numata.lg.jp			2026-09-12	2026-09-12	0	0	1	0	0	0
city.numatashi.gumma.jp			2026-09-12	2026-09-12	0	0	1	0	0	0
city.numatashi.jp			2026-09-12	2026-09-12	0	0	1	0	0	0
city.numatashi.lg.jp			2026-09-12	2026-09-12	0	0	1	0	0	0
city.obama.fukui.jp			2026-09-12	2026-09-12	0	0	1	0	0	0
city.obama.jp			2026-09-12	2026-09-12	0	0	1	0	0	0
city.obama.lg.jp			2026-09-12	2026-09-12	0	0	1	0	0	0
city.obamashi.fukui.jp			2026-09-12	2026-09-12	0	0	1	0	0	0
city.obamashi.jp			2026-09-12	2026-09-12	0	0	1	0	0	0
city.obamashi.lg.jp			2026-09-12	2026-09-12	0	0	1	0	0	0
city.ogoori.fukuoka.jp			2026-09-19	2026-09-19	0	0	4	0	0	0
city.ogoori.jp			2026-09-19	2026-09-19	0	0	4	0	0	0
city.ogoori.lg.jp			2026-09-19	2026-09-19	0	0	4	0	0	0
city.ogoorishi.fukuoka.jp			2026-09-19	2026-09-19	0	0	4	0	0	0
city.ogoorishi.jp			2026-09-19	2026-09-19	0	0	4	0	0	0
city.ogoorishi.lg.jp			2026-09-19	2026-09-19	0	0	4	0	0	0
city.oita-bungono.jp			2026-09-19	2026-09-19	0	0	8	0	0	0
city.oita-bungono.lg.jp			2026-09-19	2026-09-19	0	0	8	0	0	0
city.oita-bungono.oita.jp			2026-09-19	2026-09-19	0	0	8	0	0	0
city.oita-bungonoshi.jp			2026-09-19	2026-09-19	0	0	8	0	0	0
city.oita-bungonoshi.lg.jp			2026-09-19	2026-09-19	0	0	8	0	0	0
city.oita-bungonoshi.oita.jp			2026-09-19	2026-09-19	0	0	8	0	0	0
city.oita-bungoono.jp			2026-09-19	2026-09-19	0	0	8	0	0	0
city.oita-bungoono.lg.jp			2026-09-19	2026-09-19	0	0	8	0	0	0
city.oita-bungoono.oita.jp			2026-09-19	2026-09-19	0	0	8	0	0	0
city.oita-bungoonoshi.jp			2026-09-19	2026-09-19	0	0	8	0	0	0
city.oita-bungoonoshi.lg.jp			2026-09-19	2026-09-19	0	0	8	0	0	0
city.oita-bungoonoshi.oita.jp			2026-09-19	2026-09-19	0	0	8	0	0	0
city.oita-nakatsu.jp			2026-09-19	2026-09-19	0	0	8	0	0	0
city.oita-nakatsu.lg.jp			2026-09-19	2026-09-19	0	0	8	0	0	0
city.oita-nakatsu.oita.jp			2026-09-19	2026-09-19	0	0	8	0	0	0
city.oita-nakatsushi.jp			2026-09-19	2026-09-19	0	0	8	0	0	0
city.oita-nakatsushi.lg.jp			2026-09-19	2026-09-19	0	0	8	0	0	0
city.oita-nakatsushi.oita.jp			2026-09-19	2026-09-19	0	0	8	0	0	0
city.ota.gumma.jp			2026-09-12	2026-09-12	0	0	1	0	0	0
city.ota.jp			2026-09-12	2026-09-12	0	0	1	0	0	0
city.ota.lg.jp			2026-09-12	2026-09-12	0	0	1	0	0	0
city.otashi.gumma.jp			2026-09-12	2026-09-12	0	0	1	0	0	0
city.otashi.jp			2026-09-12	2026-09-12	0	0	1	0	0	0
city.otashi.lg.jp			2026-09-12	2026-09-12	0	0	1	0	0	0
city.otawara.chigi.jp			2026-09-11	2026-09-11	0	0	1	0	0	0
city.otawara.jp			2026-09-11	2026-09-11	0	0	1	0	0	0
city.otawara.lg.jp			2026-09-11	2026-09-11	0	0	1	0	0	0
city.otawara.tochigi.jp			2026-09-11	2026-09-11	0	0	1	0	0	0
city.otawarashi.chigi.jp			2026-09-11	2026-09-11	0	0	1	0	0	0
city.otawarashi.jp			2026-09-11	2026-09-11	0	0	1	0	0	0
city.otawarashi.lg.jp			2026-09-11	2026-09-11	0	0	1	0	0	0
city.otawarashi.tochigi.jp			2026-09-11	2026-09-11	0	0	1	0	0	0
city.oyama.chigi.jp			2026-09-11	2026-09-11	0	0	1	0	0	0
city.oyama.jp			2026-09-11	2026-09-11	0	0	1	0	0	0
city.oyama.lg.jp			2026-09-11	2026-09-11	0	0	1	0	0	0
city.oyamashi.chigi.jp			2026-09-11	2026-09-11	0	0	1	0	0	0
city.oyamashi.jp			2026-09-11	2026-09-11	0	0	1	0	0	0
city.oyamashi.lg.jp			2026-09-11	2026-09-11	0	0	1	0	0	0
city.saitama-giyoda.jp			2026-09-11	2026-09-11	0	0	1	0	0	0
city.saitama-giyoda.lg.jp			2026-09-11	2026-09-11	0	0	1	0	0	0
city.saitama-giyoda.saitama.jp			2026-09-11	2026-09-11	0	0	1	0	0	0
city.saitama-giyodashi.jp			2026-09-11	2026-09-11	0	0	1	0	0	0
city.saitama-giyodashi.lg.jp			2026-09-11	2026-09-11	0	0	1	0	0	0
city.saitama-giyodashi.saitama.jp			2026-09-11	2026-09-11	0	0	1	0	0	0
city.saitama-haniyu.jp			2026-09-11	2026-09-11	0	0	1	0	0	0
city.saitama-haniyu.lg.jp			2026-09-11	2026-09-11	0	0	1	0	0	0
city.saitama-haniyu.saitama.jp			2026-09-11	2026-09-11	0	0	1	0	0	0
city.saitama-haniyushi.jp			2026-09-11	2026-09-11	0	0	1	0	0	0
city.saitama-haniyushi.lg.jp			2026-09-11	2026-09-11	0	0	1	0	0	0
city.saitama-haniyushi.saitama.jp			2026-09-11	2026-09-11	0	0	1	0	0	0
city.saitama-haniyuu.jp			2026-09-11	2026-09-11	0	0	1	0	0	0
city.saitama-haniyuu.lg.jp			2026-09-11	2026-09-11	0	0	1	0	0	0
city.saitama-haniyuu.saitama.jp			2026-09-11	2026-09-11	0	0	1	0	0	0
city.saitama-haniyuushi.jp			2026-09-11	2026-09-11	0	0	1	0	0	0
city.saitama-haniyuushi.lg.jp			2026-09-11	2026-09-11	0	0	1	0	0	0
city.saitama-haniyuushi.saitama.jp			2026-09-11	2026-09-11	0	0	1	0	0	0
city.saitama-hanyuu.jp			2026-09-11	2026-09-11	0	0	1	0	0	0
city.saitama-hanyuu.lg.jp			2026-09-11	2026-09-11	0	0	1	0	0	0
city.saitama-hanyuu.saitama.jp			2026-09-11	2026-09-11	0	0	1	0	0	0
city.saitama-hanyuushi.jp			2026-09-11	2026-09-11	0	0	1	0	0	0
city.saitama-hanyuushi.lg.jp			2026-09-11	2026-09-11	0	0	1	0	0	0
city.saitama-hanyuushi.saitama.jp			2026-09-11	2026-09-11	0	0	1	0	0	0
city.saitama-honjiyo.jp			2026-09-11	2026-09-11	0	0	1	0	0	0
city.saitama-honjiyo.lg.jp			2026-09-11	2026-09-11	0	0	1	0	0	0
city.saitama-honjiyo.saitama.jp			2026-09-11	2026-09-11	0	0	1	0	0	0
city.saitama-honjiyoshi.jp			2026-09-11	2026-09-11	0	0	1	0	0	0
city.saitama-honjiyoshi.lg.jp			2026-09-11	2026-09-11	0	0	1	0	0	0
city.saitama-honjiyoshi.saitama.jp			2026-09-11	2026-09-11	0	0	1	0	0	0
city.saitama-honjyo.jp			2026-09-11	2026-09-11	0	0	1	0	0	0
city.saitama-honjyo.lg.jp			2026-09-11	2026-09-11	0	0	1	0	0	0
city.saitama-honjyo.saitama.jp			2026-09-11	2026-09-11	0	0	1	0	0	0
city.saitama-honjyoshi.jp			2026-09-11	2026-09-11	0	0	1	0	0	0
city.saitama-honjyoshi.lg.jp			2026-09-11	2026-09-11	0	0	1	0	0	0
city.saitama-honjyoshi.saitama.jp			2026-09-11	2026-09-11	0	0	1	0	0	0
city.saitama-konosu.jp			2026-09-11	2026-09-11	0	0	1	0	0	0
city.saitama-konosu.lg.jp			2026-09-11	2026-09-11	0	0	1	0	0	0
city.saitama-konosu.saitama.jp			2026-09-11	2026-09-11	0	0	1	0	0	0
city.saitama-konosushi.jp			2026-09-11	2026-09-11	0	0	1	0	0	0
city.saitama-konosushi.lg.jp			2026-09-11	2026-09-11	0	0	1	0	0	0
city.saitama-konosushi.saitama.jp			2026-09-11	2026-09-11	0	0	1	0	0	0
city.sakai.fukui.jp			2026-09-12	2026-09-12	0	0	1	0	0	0
city.sakai.jp			2026-09-12	2026-09-12	0	0	1	0	0	0
city.sakai.lg.jp			2026-09-12	2026-09-12	0	0	1	0	0	0
city.sakura.chigi.jp			2026-09-11	2026-09-11	0	0	1	0	0	0
city.sakura.jp			2026-09-11	2026-09-11	0	0	1	0	0	0
city.sakura.lg.jp			2026-09-11	2026-09-11	0	0	1	0	0	0
city.sakura.tochigi.jp			2026-09-11	2026-09-11	0	0	1	0	0	0
city.sakurashi.chigi.jp			2026-09-11	2026-09-11	0	0	1	0	0	0
city.sakurashi.jp			2026-09-11	2026-09-11	0	0	1	0	0	0
city.sakurashi.lg.jp			2026-09-11	2026-09-11	0	0	1	0	0	0
city.shinguu.jp			2026-09-12	2026-09-12	0	0	1	0	0	0
city.shinguu.lg.jp			2026-09-12	2026-09-12	0	0	1	0	0	0
city.shinguu.wakayama.jp			2026-09-12	2026-09-12	0	0	1	0	0	0
city.shinguushi.jp			2026-09-12	2026-09-12	0	0	1	0	0	0
city.shinguushi.lg.jp			2026-09-12	2026-09-12	0	0	1	0	0	0
city.shinguushi.wakayama.jp			2026-09-12	2026-09-12	0	0	1	0	0	0
city.tagawa.fukuoka.jp			2026-09-19	2026-09-19	0	0	8	0	0	0
city.tagawa.jp			2026-09-19	2026-09-19	0	0	8	0	0	0
city.tagawa.lg.jp			2026-09-19	2026-09-19	0	0	8	0	0	0
city.tagawashi.fukuoka.jp			2026-09-19	2026-09-19	0	0	8	0	0	0
city.tagawashi.jp			2026-09-19	2026-09-19	0	0	8	0	0	0
city.tagawashi.lg.jp			2026-09-19	2026-09-19	0	0	8	0	0	0
city.takasaki.gumma.jp			2026-09-12	2026-09-12	0	0	1	0	0	0
city.takasaki.jp			2026-09-12	2026-09-12	0	0	1	0	0	0
city.takasaki.lg.jp			2026-09-12	2026-09-12	0	0	1	0	0	0
city.takasakishi.gumma.jp			2026-09-12	2026-09-12	0	0	1	0	0	0
city.takasakishi.jp			2026-09-12	2026-09-12	0	0	1	0	0	0
city.takasakishi.lg.jp			2026-09-12	2026-09-12	0	0	1	0	0	0
city.tatebayashi.gumma.jp			2026-09-12	2026-09-12	0	0	1	0	0	0
city.tatebayashi.jp			2026-09-12	2026-09-12	0	0	1	0	0	0
city.tatebayashi.lg.jp			2026-09-12	2026-09-12	0	0	1	0	0	0
city.tatebayashishi.gumma.jp			2026-09-12	2026-09-12	0	0	1	0	0	0
city.tatebayashishi.jp			2026-09-12	2026-09-12	0	0	1	0	0	0
city.tatebayashishi.lg.jp			2026-09-12	2026-09-12	0	0	1	0	0	0
city.tochigi-mooka.jp			2026-09-11	2026-09-11	0	0	1	0	0	0
city.tochigi-mooka.lg.jp			2026-09-11	2026-09-11	0	0	1	0	0	0
city.tochigi-mooka.tochigi.jp			2026-09-11	2026-09-11	0	0	1	0	0	0
city.tochigi-mookashi.jp			2026-09-11	2026-09-11	0	0	1	0	0	0
city.tochigi-mookashi.lg.jp			2026-09-11	2026-09-11	0	0	1	0	0	0
city.tochigi-mookashi.tochigi.jp			2026-09-11	2026-09-11	0	0	1	0	0	0
city.tochigi-otawara.jp			2026-09-11	2026-09-11	0	0	1	0	0	0
city.tochigi-otawara.lg.jp			2026-09-11	2026-09-11	0	0	1	0	0	0
city.tochigi-otawara.tochigi.jp			2026-09-11	2026-09-11	0	0	1	0	0	0
city.tochigi-otawarashi.jp			2026-09-11	2026-09-11	0	0	1	0	0	0
city.tochigi-otawarashi.lg.jp			2026-09-11	2026-09-11	0	0	1	0	0	0
city.tochigi-otawarashi.tochigi.jp			2026-09-11	2026-09-11	0	0	1	0	0	0
city.tokyo-higashimurayama.jp			2026-09-11	2026-09-11	0	0	1	0	0	0
city.tokyo-higashimurayama.lg.jp			2026-09-11	2026-09-11	0	0	1	0	0	0
city.tokyo-higashimurayama.tokyo.jp			2026-09-11	2026-09-11	0	0	1	0	0	0
city.tokyo-higashimurayamashi.jp			2026-09-11	2026-09-11	0	0	1	0	0	0
city.tokyo-higashimurayamashi.lg.jp			2026-09-11	2026-09-11	0	0	1	0	0	0
city.tokyo-higashimurayamashi.tokyo.jp			2026-09-11	2026-09-11	0	0	1	0	0	0
city.tomioka.gumma.jp			2026-09-12	2026-09-12	0	0	1	0	0	0
city.tomioka.gunma.jp			2026-09-12	2026-09-12	0	0	1	0	0	0
city.tomioka.jp			2026-09-12	2026-09-12	0	0	1	0	0	0
city.tomioka.lg.jp			2026-09-12	2026-09-12	0	0	1	0	0	0
city.tomiokashi.gumma.jp			2026-09-12	2026-09-12	0	0	1	0	0	0
city.tomiokashi.gunma.jp			2026-09-12	2026-09-12	0	0	1	0	0	0
city.tomiokashi.jp			2026-09-12	2026-09-12	0	0	1	0	0	0
city.tomiokashi.lg.jp			2026-09-12	2026-09-12	0	0	1	0	0	0
city.tookamachi.jp			2026-09-12	2026-09-12	0	0	1	0	0	0
city.tookamachi.lg.jp			2026-09-12	2026-09-12	0	0	1	0	0	0
city.tookamachi.niigata.jp			2026-09-12	2026-09-12	0	0	1	0	0	0
city.tookamachishi.jp			2026-09-12	2026-09-12	0	0	1	0	0	0
city.tookamachishi.lg.jp			2026-09-12	2026-09-12	0	0	1	0	0	0
city.tookamachishi.niigata.jp			2026-09-12	2026-09-12	0	0	1	0	0	0
city.tsu.jp			2026-09-12	2026-09-12	0	0	1	0	0	0
city.tsu.lg.jp			2026-09-12	2026-09-12	0	0	1	0	0	0
city.tsu.mie.jp			2026-09-12	2026-09-12	0	0	1	0	0	0
city.tsushi.jp			2026-09-12	2026-09-12	0	0	1	0	0	0
city.tsushi.lg.jp			2026-09-12	2026-09-12	0	0	1	0	0	0
city.tsushi.mie.jp			2026-09-12	2026-09-12	0	0	1	0	0	0
city.wakayama-shinguu.jp			2026-09-12	2026-09-12	0	0	1	0	0	0
city.wakayama-shinguu.lg.jp			2026-09-12	2026-09-12	0	0	1	0	0	0
city.wakayama-shinguu.wakayama.jp			2026-09-12	2026-09-12	0	0	1	0	0	0
city.wakayama-shinguushi.jp			2026-09-12	2026-09-12	0	0	1	0	0	0
city.wakayama-shinguushi.lg.jp			2026-09-12	2026-09-12	0	0	1	0	0	0
city.wakayama-shinguushi.wakayama.jp			2026-09-12	2026-09-12	0	0	1	0	0	0
city.yaita.chigi.jp			2026-09-11	2026-09-11	0	0	1	0	0	0
city.yaita.jp			2026-09-11	2026-09-11	0	0	1	0	0	0
city.yaita.lg.jp			2026-09-11	2026-09-11	0	0	1	0	0	0
city.yaitashi.chigi.jp			2026-09-11	2026-09-11	0	0	1	0	0	0
city.yaitashi.jp			2026-09-11	2026-09-11	0	0	1	0	0	0
city.yaitashi.lg.jp			2026-09-11	2026-09-11	0	0	1	0	0	0
city.yamanashi-minamiarupusu.jp			2026-09-12	2026-09-12	0	0	1	0	0	0
city.yamanashi-minamiarupusu.lg.jp			2026-09-12	2026-09-12	0	0	1	0	0	0
city.yamanashi-minamiarupusu.yamanashi.jp			2026-09-12	2026-09-12	0	0	1	0	0	0
city.yamanashi-minamiarupusushi.jp			2026-09-12	2026-09-12	0	0	1	0	0	0
city.yamanashi-minamiarupusushi.lg.jp			2026-09-12	2026-09-12	0	0	1	0	0	0
city.yamanashi-minamiarupusushi.yamanashi.jp			2026-09-12	2026-09-12	0	0	1	0	0	0
city.yamatokooriyama.jp			2026-09-12	2026-09-12	0	0	1	0	0	0
city.yamatokooriyama.lg.jp			2026-09-12	2026-09-12	0	0	1	0	0	0
city.yamatokooriyama.nara.jp			2026-09-12	2026-09-12	0	0	1	0	0	0
city.yamatokooriyamashi.jp			2026-09-12	2026-09-12	0	0	1	0	0	0
city.yamatokooriyamashi.lg.jp			2026-09-12	2026-09-12	0	0	1	0	0	0
city.yamatokooriyamashi.nara.jp			2026-09-12	2026-09-12	0	0	1	0	0	0
city.yamatokooryama.jp			2026-09-12	2026-09-12	0	0	1	0	0	0
city.yamatokooryama.lg.jp			2026-09-12	2026-09-12	0	0	1	0	0	0
city.yamatokooryama.nara.jp			2026-09-12	2026-09-12	0	0	1	0	0	0
city.yamatokooryamashi.jp			2026-09-12	2026-09-12	0	0	1	0	0	0
city.yamatokooryamashi.lg.jp			2026-09-12	2026-09-12	0	0	1	0	0	0
city.yamatokooryamashi.nara.jp			2026-09-12	2026-09-12	0	0	1	0	0	0
city.yuuki.ibaraki.jp			2026-09-07	2026-09-07	0	0	1	0	0	0
city.yuuki.jp			2026-09-11	2026-09-11	0	0	1	0	0	0
city.yuuki.lg.jp			2026-09-07	2026-09-07	0	0	1	0	0	0
city.yuukishi.ibaraki.jp			2026-09-11	2026-09-11	0	0	1	0	0	0
city.yuukishi.jp			2026-09-11	2026-09-11	0	0	1	0	0	0
city.yuukishi.lg.jp			2026-09-11	2026-09-11	0	0	1	0	0	0
edu.pref.aichi.jp			2026-09-08	2026-09-08	0	0	1	0	0	0
edu.pref.chiba.jp			2026-09-11	2026-09-11	0	0	1	0	0	0
edu.pref.chigi.jp			2026-09-11	2026-09-11	0	0	1	0	0	0
edu.pref.gifu.jp			2026-09-12	2026-09-12	0	0	1	0	0	0
edu.pref.kanagawa.jp			2026-09-11	2026-09-11	0	0	1	0	0	0
edu.pref.mie.jp			2026-09-12	2026-09-12	0	0	1	0	0	0
edu.pref.saitama.jp			2026-09-11	2026-09-11	0	0	1	0	0	0
edu.pref.shizuoka.jp			2026-09-08	2026-09-08	0	0	1	0	0	0
edu.pref.tochigi.jp			2026-09-11	2026-09-11	0	0	1	0	0	0
edu.pref.tokyo.jp			2026-09-11	2026-09-11	0	0	1	0	0	0
edu.pref.wakayama.jp			2026-09-12	2026-09-12	0	0	1	0	0	0
fuji-kankou.com			2026-09-12	2026-09-12	0	0	2	0	0	0
iga-kankou.or.jp			2026-09-12	2026-09-12	0	0	2	0	0	0
kamakura-kanko.com			2026-09-12	2026-09-12	0	0	1	0	0	0
kankou-kawatana.jp			2026-09-19	2026-09-19	0	4	4	0	0	0
kasugakankou.com			2026-09-19	2026-09-19	0	0	8	0	0	0
kumakanko.com			2026-09-20	2026-09-20	0	0	8	0	0	0
kyoiku.pref.aichi.jp			2026-09-08	2026-09-08	0	0	1	0	0	0
kyoiku.pref.chiba.jp			2026-09-11	2026-09-11	0	0	1	0	0	0
kyoiku.pref.chigi.jp			2026-09-11	2026-09-11	0	0	1	0	0	0
kyoiku.pref.gifu.jp			2026-09-12	2026-09-12	0	0	1	0	0	0
kyoiku.pref.kanagawa.jp			2026-09-11	2026-09-11	0	0	1	0	0	0
kyoiku.pref.mie.jp			2026-09-12	2026-09-12	0	0	1	0	0	0
kyoiku.pref.saitama.jp			2026-09-11	2026-09-11	0	0	1	0	0	0
kyoiku.pref.shizuoka.jp			2026-09-08	2026-09-08	0	0	1	0	0	0
kyoiku.pref.tochigi.jp			2026-09-11	2026-09-11	0	0	1	0	0	0
kyoiku.pref.tokyo.jp			2026-09-11	2026-09-11	0	0	1	0	0	0
kyoiku.pref.wakayama.jp			2026-09-12	2026-09-12	0	0	1	0	0	0
matsumotokanko.com			2026-09-12	2026-09-12	0	0	1	0	0	0
minamiaizu-kanko.com			2026-09-12	2026-09-12	0	0	2	0	0	0
mitsue-kankou.com			2026-09-12	2026-09-12	0	0	2	0	0	0
nanbu-kanko.com			2026-09-12	2026-09-12	0	0	2	0	0	0
pref.chigi.jp			2026-09-11	2026-09-11	0	0	1	0	0	0
pref.tokyo.jp			2026-09-11	2026-09-11	0	0	1	0	0	0
sabae-kankou.jp			2026-09-12	2026-09-12	0	0	2	0	0	0
satsumasendai.gr.jp	鹿児島県	薩摩川内市観光	2026-09-20	2026-09-20	0	1	2	0	0	0
takanabe-kankou.com	宮崎県	高鍋町観光	2026-09-20	2026-09-20	0	0	3	0	0	0
tanagura-kanko.jp			2026-09-12	2026-09-12	0	0	2	0	0	0
tatsuno-kankou.com			2026-09-12	2026-09-12	0	0	2	0	0	0
tenryu-kanko.com			2026-09-12	2026-09-12	0	0	2	0	0	0
town.ampachi.gifu.jp			2026-09-12	2026-09-12	0	0	1	0	0	0
town.ampachi.jp			2026-09-12	2026-09-12	0	0	1	0	0	0
town.ampachi.lg.jp			2026-09-12	2026-09-12	0	0	1	0	0	0
town.ampachicho.gifu.jp			2026-09-12	2026-09-12	0	0	1	0	0	0
town.ampachicho.jp			2026-09-12	2026-09-12	0	0	1	0	0	0
town.ampachicho.lg.jp			2026-09-12	2026-09-12	0	0	1	0	0	0
town.ampachimachi.gifu.jp			2026-09-12	2026-09-12	0	0	1	0	0	0
town.ampachimachi.jp			2026-09-12	2026-09-12	0	0	1	0	0	0
town.ampachimachi.lg.jp			2026-09-12	2026-09-12	0	0	1	0	0	0
town.anan.jp			2026-09-12	2026-09-12	0	0	1	0	0	0
town.anan.lg.jp			2026-09-12	2026-09-12	0	0	1	0	0	0
town.anan.nagano.jp			2026-09-12	2026-09-12	0	0	1	0	0	0
town.anancho.jp			2026-09-12	2026-09-12	0	0	1	0	0	0
town.anancho.lg.jp			2026-09-12	2026-09-12	0	0	1	0	0	0
town.anancho.nagano.jp			2026-09-12	2026-09-12	0	0	1	0	0	0
town.ananmachi.jp			2026-09-12	2026-09-12	0	0	1	0	0	0
town.ananmachi.lg.jp			2026-09-12	2026-09-12	0	0	1	0	0	0
town.ananmachi.nagano.jp			2026-09-12	2026-09-12	0	0	1	0	0	0
town.asahi.jp			2026-09-12	2026-09-12	0	0	1	0	0	0
town.asahi.lg.jp			2026-09-12	2026-09-12	0	0	1	0	0	0
town.asahi.mie.jp			2026-09-12	2026-09-12	0	0	1	0	0	0
town.asahicho.jp			2026-09-12	2026-09-12	0	0	1	0	0	0
town.asahicho.lg.jp			2026-09-12	2026-09-12	0	0	1	0	0	0
town.asahicho.mie.jp			2026-09-12	2026-09-12	0	0	1	0	0	0
town.asahimachi.jp			2026-09-12	2026-09-12	0	0	1	0	0	0
town.asahimachi.lg.jp			2026-09-12	2026-09-12	0	0	1	0	0	0
town.asahimachi.mie.jp			2026-09-12	2026-09-12	0	0	1	0	0	0
town.chiba-kiyonan.chiba.jp			2026-09-11	2026-09-11	0	0	1	0	0	0
town.chiba-kiyonan.jp			2026-09-11	2026-09-11	0	0	1	0	0	0
town.chiba-kiyonan.lg.jp			2026-09-11	2026-09-11	0	0	1	0	0	0
town.chiba-kiyonancho.chiba.jp			2026-09-11	2026-09-11	0	0	1	0	0	0
town.chiba-kiyonancho.jp			2026-09-11	2026-09-11	0	0	1	0	0	0
town.chiba-kiyonancho.lg.jp			2026-09-11	2026-09-11	0	0	1	0	0	0
town.chiba-kiyonanmachi.chiba.jp			2026-09-11	2026-09-11	0	0	1	0	0	0
town.chiba-kiyonanmachi.jp			2026-09-11	2026-09-11	0	0	1	0	0	0
town.chiba-kiyonanmachi.lg.jp			2026-09-11	2026-09-11	0	0	1	0	0	0
town.chiba-kujiyukuri.chiba.jp			2026-09-11	2026-09-11	0	0	1	0	0	0
town.chiba-kujiyukuri.jp			2026-09-11	2026-09-11	0	0	1	0	0	0
town.chiba-kujiyukuri.lg.jp			2026-09-11	2026-09-11	0	0	1	0	0	0
town.chiba-kujiyukuricho.chiba.jp			2026-09-11	2026-09-11	0	0	1	0	0	0
town.chiba-kujiyukuricho.jp			2026-09-11	2026-09-11	0	0	1	0	0	0
town.chiba-kujiyukuricho.lg.jp			2026-09-11	2026-09-11	0	0	1	0	0	0
town.chiba-kujiyukurimachi.chiba.jp			2026-09-11	2026-09-11	0	0	1	0	0	0
town.chiba-kujiyukurimachi.jp			2026-09-11	2026-09-11	0	0	1	0	0	0
town.chiba-kujiyukurimachi.lg.jp			2026-09-11	2026-09-11	0	0	1	0	0	0
town.chiba-kujiyuukuri.chiba.jp			2026-09-11	2026-09-11	0	0	1	0	0	0
town.chiba-kujiyuukuri.jp			2026-09-11	2026-09-11	0	0	1	0	0	0
town.chiba-kujiyuukuri.lg.jp			2026-09-11	2026-09-11	0	0	1	0	0	0
town.chiba-kujiyuukuricho.chiba.jp			2026-09-11	2026-09-11	0	0	1	0	0	0
town.chiba-kujiyuukuricho.jp			2026-09-11	2026-09-11	0	0	1	0	0	0
town.chiba-kujiyuukuricho.lg.jp			2026-09-11	2026-09-11	0	0	1	0	0	0
town.chiba-kujiyuukurimachi.chiba.jp			2026-09-11	2026-09-11	0	0	1	0	0	0
town.chiba-kujiyuukurimachi.jp			2026-09-11	2026-09-11	0	0	1	0	0	0
town.chiba-kujiyuukurimachi.lg.jp			2026-09-11	2026-09-11	0	0	1	0	0	0
town.chiba-kujyukuri.chiba.jp			2026-09-11	2026-09-11	0	0	1	0	0	0
town.chiba-kujyukuri.jp			2026-09-11	2026-09-11	0	0	1	0	0	0
town.chiba-kujyukuri.lg.jp			2026-09-11	2026-09-11	0	0	1	0	0	0
town.chiba-kujyukuricho.chiba.jp			2026-09-11	2026-09-11	0	0	1	0	0	0
town.chiba-kujyukuricho.jp			2026-09-11	2026-09-11	0	0	1	0	0	0
town.chiba-kujyukuricho.lg.jp			2026-09-11	2026-09-11	0	0	1	0	0	0
town.chiba-kujyukurimachi.chiba.jp			2026-09-11	2026-09-11	0	0	1	0	0	0
town.chiba-kujyukurimachi.jp			2026-09-11	2026-09-11	0	0	1	0	0	0
town.chiba-kujyukurimachi.lg.jp			2026-09-11	2026-09-11	0	0	1	0	0	0
town.chiba-kujyuukuri.chiba.jp			2026-09-11	2026-09-11	0	0	1	0	0	0
town.chiba-kujyuukuri.jp			2026-09-11	2026-09-11	0	0	1	0	0	0
town.chiba-kujyuukuri.lg.jp			2026-09-11	2026-09-11	0	0	1	0	0	0
town.chiba-kujyuukuricho.chiba.jp			2026-09-11	2026-09-11	0	0	1	0	0	0
town.chiba-kujyuukuricho.jp			2026-09-11	2026-09-11	0	0	1	0	0	0
town.chiba-kujyuukuricho.lg.jp			2026-09-11	2026-09-11	0	0	1	0	0	0
town.chiba-kujyuukurimachi.chiba.jp			2026-09-11	2026-09-11	0	0	1	0	0	0
town.chiba-kujyuukurimachi.jp			2026-09-11	2026-09-11	0	0	1	0	0	0
town.chiba-kujyuukurimachi.lg.jp			2026-09-11	2026-09-11	0	0	1	0	0	0
town.chiba-onjiyuku.chiba.jp			2026-09-11	2026-09-11	0	0	1	0	0	0
town.chiba-onjiyuku.jp			2026-09-11	2026-09-11	0	0	1	0	0	0
town.chiba-onjiyuku.lg.jp			2026-09-11	2026-09-11	0	0	1	0	0	0
town.chiba-onjiyukucho.chiba.jp			2026-09-11	2026-09-11	0	0	1	0	0	0
town.chiba-onjiyukucho.jp			2026-09-11	2026-09-11	0	0	1	0	0	0
town.chiba-onjiyukucho.lg.jp			2026-09-11	2026-09-11	0	0	1	0	0	0
town.chiba-onjiyukumachi.chiba.jp			2026-09-11	2026-09-11	0	0	1	0	0	0
town.chiba-onjiyukumachi.jp			2026-09-11	2026-09-11	0	0	1	0	0	0
town.chiba-onjiyukumachi.lg.jp			2026-09-11	2026-09-11	0	0	1	0	0	0
town.chiba-onjyuku.chiba.jp			2026-09-11	2026-09-11	0	0	1	0	0	0
town.chiba-onjyuku.jp			2026-09-11	2026-09-11	0	0	1	0	0	0
town.chiba-onjyuku.lg.jp			2026-09-11	2026-09-11	0	0	1	0	0	0
town.chiba-onjyukucho.chiba.jp			2026-09-11	2026-09-11	0	0	1	0	0	0
town.chiba-onjyukucho.jp			2026-09-11	2026-09-11	0	0	1	0	0	0
town.chiba-onjyukucho.lg.jp			2026-09-11	2026-09-11	0	0	1	0	0	0
town.chiba-onjyukumachi.chiba.jp			2026-09-11	2026-09-11	0	0	1	0	0	0
town.chiba-onjyukumachi.jp			2026-09-11	2026-09-11	0	0	1	0	0	0
town.chiba-onjyukumachi.lg.jp			2026-09-11	2026-09-11	0	0	1	0	0	0
town.chiba-tonosho.chiba.jp			2026-09-11	2026-09-11	0	0	1	0	0	0
town.chiba-tonosho.jp			2026-09-11	2026-09-11	0	0	1	0	0	0
town.chiba-tonosho.lg.jp			2026-09-11	2026-09-11	0	0	1	0	0	0
town.chiba-tonoshocho.chiba.jp			2026-09-11	2026-09-11	0	0	1	0	0	0
town.chiba-tonoshocho.jp			2026-09-11	2026-09-11	0	0	1	0	0	0
town.chiba-tonoshocho.lg.jp			2026-09-11	2026-09-11	0	0	1	0	0	0
town.chiba-tonoshomachi.chiba.jp			2026-09-11	2026-09-11	0	0	1	0	0	0
town.chiba-tonoshomachi.jp			2026-09-11	2026-09-11	0	0	1	0	0	0
town.chiba-tonoshomachi.lg.jp			2026-09-11	2026-09-11	0	0	1	0	0	0
town.chigi-haga.chigi.jp			2026-09-11	2026-09-11	0	0	1	0	0	0
town.chigi-haga.jp			2026-09-11	2026-09-11	0	0	1	0	0	0
town.chigi-haga.lg.jp			2026-09-11	2026-09-11	0	0	1	0	0	0
town.chigi-hagacho.chigi.jp			2026-09-11	2026-09-11	0	0	1	0	0	0
town.chigi-hagacho.jp			2026-09-11	2026-09-11	0	0	1	0	0	0
town.chigi-hagacho.lg.jp			2026-09-11	2026-09-11	0	0	1	0	0	0
town.chigi-hagamachi.chigi.jp			2026-09-11	2026-09-11	0	0	1	0	0	0
town.chigi-hagamachi.jp			2026-09-11	2026-09-11	0	0	1	0	0	0
town.chigi-hagamachi.lg.jp			2026-09-11	2026-09-11	0	0	1	0	0	0
town.chigi-ichikai.chigi.jp			2026-09-11	2026-09-11	0	0	1	0	0	0
town.chigi-ichikai.jp			2026-09-11	2026-09-11	0	0	1	0	0	0
town.chigi-ichikai.lg.jp			2026-09-11	2026-09-11	0	0	1	0	0	0
town.chigi-ichikaicho.chigi.jp			2026-09-11	2026-09-11	0	0	1	0	0	0
town.chigi-ichikaicho.jp			2026-09-11	2026-09-11	0	0	1	0	0	0
town.chigi-ichikaicho.lg.jp			2026-09-11	2026-09-11	0	0	1	0	0	0
town.chigi-ichikaimachi.chigi.jp			2026-09-11	2026-09-11	0	0	1	0	0	0
town.chigi-ichikaimachi.jp			2026-09-11	2026-09-11	0	0	1	0	0	0
town.chigi-ichikaimachi.lg.jp			2026-09-11	2026-09-11	0	0	1	0	0	0
town.chigi-mibu.chigi.jp			2026-09-11	2026-09-11	0	0	1	0	0	0
town.chigi-mibu.jp			2026-09-11	2026-09-11	0	0	1	0	0	0
town.chigi-mibu.lg.jp			2026-09-11	2026-09-11	0	0	1	0	0	0
town.chigi-mibucho.chigi.jp			2026-09-11	2026-09-11	0	0	1	0	0	0
town.chigi-mibucho.jp			2026-09-11	2026-09-11	0	0	1	0	0	0
town.chigi-mibucho.lg.jp			2026-09-11	2026-09-11	0	0	1	0	0	0
town.chigi-mibumachi.chigi.jp			2026-09-11	2026-09-11	0	0	1	0	0	0
town.chigi-mibumachi.jp			2026-09-11	2026-09-11	0	0	1	0	0	0
town.chigi-mibumachi.lg.jp			2026-09-11	2026-09-11	0	0	1	0	0	0
town.chigi-motegi.chigi.jp			2026-09-11	2026-09-11	0	0	1	0	0	0
town.chigi-motegi.jp			2026-09-11	2026-09-11	0	0	1	0	0	0
town.chigi-motegi.lg.jp			2026-09-11	2026-09-11	0	0	1	0	0	0
town.chigi-motegicho.chigi.jp			2026-09-11	2026-09-11	0	0	1	0	0	0
town.chigi-motegicho.jp			2026-09-11	2026-09-11	0	0	1	0	0	0
town.chigi-motegicho.lg.jp			2026-09-11	2026-09-11	0	0	1	0	0	0
town.chigi-motegimachi.chigi.jp			2026-09-11	2026-09-11	0	0	1	0	0	0
town.chigi-motegimachi.jp			2026-09-11	2026-09-11	0	0	1	0	0	0
town.chigi-motegimachi.lg.jp			2026-09-11	2026-09-11	0	0	1	0	0	0
town.chigi-nakagawa.chigi.jp			2026-09-11	2026-09-11	0	0	1	0	0	0
town.chigi-nakagawa.jp			2026-09-11	2026-09-11	0	0	1	0	0	0
town.chigi-nakagawa.lg.jp			2026-09-11	2026-09-11	0	0	1	0	0	0
town.chigi-nakagawacho.chigi.jp			2026-09-11	2026-09-11	0	0	1	0	0	0
town.chigi-nakagawacho.jp			2026-09-11	2026-09-11	0	0	1	0	0	0
town.chigi-nakagawacho.lg.jp			2026-09-11	2026-09-11	0	0	1	0	0	0
town.chigi-nakagawamachi.chigi.jp			2026-09-11	2026-09-11	0	0	1	0	0	0
town.chigi-nakagawamachi.jp			2026-09-11	2026-09-11	0	0	1	0	0	0
town.chigi-nakagawamachi.lg.jp			2026-09-11	2026-09-11	0	0	1	0	0	0
town.chigi-shioya.chigi.jp			2026-09-11	2026-09-11	0	0	1	0	0	0
town.chigi-shioya.jp			2026-09-11	2026-09-11	0	0	1	0	0	0
town.chigi-shioya.lg.jp			2026-09-11	2026-09-11	0	0	1	0	0	0
town.chigi-shioyacho.chigi.jp			2026-09-11	2026-09-11	0	0	1	0	0	0
town.chigi-shioyacho.jp			2026-09-11	2026-09-11	0	0	1	0	0	0
town.chigi-shioyacho.lg.jp			2026-09-11	2026-09-11	0	0	1	0	0	0
town.chigi-shioyamachi.chigi.jp			2026-09-11	2026-09-11	0	0	1	0	0	0
town.chigi-shioyamachi.jp			2026-09-11	2026-09-11	0	0	1	0	0	0
town.chigi-shioyamachi.lg.jp			2026-09-11	2026-09-11	0	0	1	0	0	0
town.chigi-takanezawa.chigi.jp			2026-09-11	2026-09-11	0	0	1	0	0	0
town.chigi-takanezawa.jp			2026-09-11	2026-09-11	0	0	1	0	0	0
town.chigi-takanezawa.lg.jp			2026-09-11	2026-09-11	0	0	1	0	0	0
town.chigi-takanezawacho.chigi.jp			2026-09-11	2026-09-11	0	0	1	0	0	0
town.chigi-takanezawacho.jp			2026-09-11	2026-09-11	0	0	1	0	0	0
town.chigi-takanezawacho.lg.jp			2026-09-11	2026-09-11	0	0	1	0	0	0
town.chigi-takanezawamachi.chigi.jp			2026-09-11	2026-09-11	0	0	1	0	0	0
town.chigi-takanezawamachi.jp			2026-09-11	2026-09-11	0	0	1	0	0	0
town.chigi-takanezawamachi.lg.jp			2026-09-11	2026-09-11	0	0	1	0	0	0
town.chiyoda.gumma.jp			2026-09-12	2026-09-12	0	0	1	0	0	0
town.chiyoda.jp			2026-09-12	2026-09-12	0	0	1	0	0	0
town.chiyoda.lg.jp			2026-09-12	2026-09-12	0	0	1	0	0	0
town.chiyodacho.gumma.jp			2026-09-12	2026-09-12	0	0	1	0	0	0
town.chiyodacho.jp			2026-09-12	2026-09-12	0	0	1	0	0	0
town.chiyodacho.lg.jp			2026-09-12	2026-09-12	0	0	1	0	0	0
town.chiyodamachi.gumma.jp			2026-09-12	2026-09-12	0	0	1	0	0	0
town.chiyodamachi.jp			2026-09-12	2026-09-12	0	0	1	0	0	0
town.chiyodamachi.lg.jp			2026-09-12	2026-09-12	0	0	1	0	0	0
town.chyoda.gumma.jp			2026-09-12	2026-09-12	0	0	1	0	0	0
town.chyoda.jp			2026-09-12	2026-09-12	0	0	1	0	0	0
town.chyoda.lg.jp			2026-09-12	2026-09-12	0	0	1	0	0	0
town.chyodacho.gumma.jp			2026-09-12	2026-09-12	0	0	1	0	0	0
town.chyodacho.jp			2026-09-12	2026-09-12	0	0	1	0	0	0
town.chyodacho.lg.jp			2026-09-12	2026-09-12	0	0	1	0	0	0
town.chyodamachi.gumma.jp			2026-09-12	2026-09-12	0	0	1	0	0	0
town.chyodamachi.jp			2026-09-12	2026-09-12	0	0	1	0	0	0
town.chyodamachi.lg.jp			2026-09-12	2026-09-12	0	0	1	0	0	0
town.fukui-oi.fukui.jp			2026-09-12	2026-09-12	0	0	1	0	0	0
town.fukui-oi.jp			2026-09-12	2026-09-12	0	0	1	0	0	0
town.fukui-oi.lg.jp			2026-09-12	2026-09-12	0	0	1	0	0	0
town.fukui-oicho.fukui.jp			2026-09-12	2026-09-12	0	0	1	0	0	0
town.fukui-oicho.jp			2026-09-12	2026-09-12	0	0	1	0	0	0
town.fukui-oicho.lg.jp			2026-09-12	2026-09-12	0	0	1	0	0	0
town.fukui-oimachi.fukui.jp			2026-09-12	2026-09-12	0	0	1	0	0	0
town.fukui-oimachi.jp			2026-09-12	2026-09-12	0	0	1	0	0	0
town.fukui-oimachi.lg.jp			2026-09-12	2026-09-12	0	0	1	0	0	0
town.fukuoka-kawasaki.fukuoka.jp			2026-09-19	2026-09-19	0	0	8	0	0	0
town.fukuoka-kawasaki.jp			2026-09-19	2026-09-19	0	0	8	0	0	0
town.fukuoka-kawasaki.lg.jp			2026-09-19	2026-09-19	0	2	6	0	0	0
town.fukuoka-kawasakicho.fukuoka.jp			2026-09-19	2026-09-19	0	0	8	0	0	0
town.fukuoka-kawasakicho.jp			2026-09-19	2026-09-19	0	0	7	0	0	0
town.fukuoka-kawasakicho.lg.jp			2026-09-19	2026-09-19	0	0	8	0	0	0
town.fukuoka-kawasakimachi.fukuoka.jp			2026-09-19	2026-09-19	0	0	8	0	0	0
town.fukuoka-kawasakimachi.jp			2026-09-19	2026-09-19	0	0	8	0	0	0
town.fukuoka-kawasakimachi.lg.jp			2026-09-19	2026-09-19	0	0	8	0	0	0
town.fukuoka-oki.fukuoka.jp			2026-09-19	2026-09-19	0	0	8	0	0	0
town.fukuoka-oki.jp			2026-09-19	2026-09-19	0	0	8	0	0	0
town.fukuoka-oki.lg.jp			2026-09-19	2026-09-19	0	0	8	0	0	0
town.fukuoka-okicho.fukuoka.jp			2026-09-19	2026-09-19	0	0	8	0	0	0
town.fukuoka-okicho.jp			2026-09-19	2026-09-19	0	0	8	0	0	0
town.fukuoka-okicho.lg.jp			2026-09-19	2026-09-19	0	0	8	0	0	0
town.fukuoka-okimachi.fukuoka.jp			2026-09-19	2026-09-19	0	0	8	0	0	0
town.fukuoka-okimachi.jp			2026-09-19	2026-09-19	0	0	8	0	0	0
town.fukuoka-okimachi.lg.jp			2026-09-19	2026-09-19	0	0	8	0	0	0
town.fukuoka-shinguu.fukuoka.jp			2026-09-19	2026-09-19	0	0	4	0	0	0
town.fukuoka-shinguu.jp			2026-09-19	2026-09-19	0	0	4	0	0	0
town.fukuoka-shinguu.lg.jp			2026-09-19	2026-09-19	0	0	4	0	0	0
town.fukuoka-shinguucho.fukuoka.jp			2026-09-19	2026-09-19	0	0	4	0	0	0
town.fukuoka-shinguucho.jp			2026-09-19	2026-09-19	0	0	4	0	0	0
town.fukuoka-shinguucho.lg.jp			2026-09-19	2026-09-19	0	0	4	0	0	0
town.fukuoka-shinguumachi.fukuoka.jp			2026-09-19	2026-09-19	0	0	4	0	0	0
town.fukuoka-shinguumachi.jp			2026-09-19	2026-09-19	0	0	4	0	0	0
town.fukuoka-shinguumachi.lg.jp			2026-09-19	2026-09-19	0	0	4	0	0	0
town.fukushima-shinchi.fukushima.jp			2026-09-12	2026-09-12	0	0	2	0	0	0
town.fukushima-shinchi.jp			2026-09-12	2026-09-12	0	0	2	0	0	0
town.fukushima-shinchi.lg.jp			2026-09-12	2026-09-12	0	0	2	0	0	0
town.fukushima-shinchicho.fukushima.jp			2026-09-12	2026-09-12	0	0	2	0	0	0
town.fukushima-shinchicho.jp			2026-09-12	2026-09-12	0	0	2	0	0	0
town.fukushima-shinchicho.lg.jp			2026-09-12	2026-09-12	0	0	2	0	0	0
town.fukushima-shinchimachi.fukushima.jp			2026-09-12	2026-09-12	0	0	2	0	0	0
town.fukushima-shinchimachi.jp			2026-09-12	2026-09-12	0	0	2	0	0	0
town.fukushima-shinchimachi.lg.jp			2026-09-12	2026-09-12	0	0	2	0	0	0
town.fukushima-tomioka.fukushima.jp			2026-09-12	2026-09-12	0	0	2	0	0	0
town.fukushima-tomioka.jp			2026-09-12	2026-09-12	0	0	2	0	0	0
town.fukushima-tomioka.lg.jp			2026-09-12	2026-09-12	0	0	2	0	0	0
town.fukushima-tomiokacho.fukushima.jp			2026-09-12	2026-09-12	0	0	2	0	0	0
town.fukushima-tomiokacho.jp			2026-09-12	2026-09-12	0	0	2	0	0	0
town.fukushima-tomiokacho.lg.jp			2026-09-12	2026-09-12	0	0	2	0	0	0
town.fukushima-tomiokamachi.fukushima.jp			2026-09-12	2026-09-12	0	0	2	0	0	0
town.fukushima-tomiokamachi.jp			2026-09-12	2026-09-12	0	0	2	0	0	0
town.fukushima-tomiokamachi.lg.jp			2026-09-12	2026-09-12	0	0	2	0	0	0
town.futaba.fukushima.jp			2026-09-12	2026-09-12	0	0	1	0	0	0
town.futaba.jp			2026-09-12	2026-09-12	0	0	1	0	0	0
town.futaba.lg.jp			2026-09-12	2026-09-12	0	0	1	0	0	0
town.gifu-ampachi.gifu.jp			2026-09-12	2026-09-12	0	0	1	0	0	0
town.gifu-ampachi.jp			2026-09-12	2026-09-12	0	0	1	0	0	0
town.gifu-ampachi.lg.jp			2026-09-12	2026-09-12	0	0	1	0	0	0
town.gifu-ampachicho.gifu.jp			2026-09-12	2026-09-12	0	0	1	0	0	0
town.gifu-ampachicho.jp			2026-09-12	2026-09-12	0	0	1	0	0	0
town.gifu-ampachicho.lg.jp			2026-09-12	2026-09-12	0	0	1	0	0	0
town.gifu-ampachimachi.gifu.jp			2026-09-12	2026-09-12	0	0	1	0	0	0
town.gifu-ampachimachi.jp			2026-09-12	2026-09-12	0	0	1	0	0	0
town.gifu-ampachimachi.lg.jp			2026-09-12	2026-09-12	0	0	1	0	0	0
town.gifu-hichiso.gifu.jp			2026-09-12	2026-09-12	0	0	1	0	0	0
town.gifu-hichiso.jp			2026-09-12	2026-09-12	0	0	1	0	0	0
town.gifu-hichiso.lg.jp			2026-09-12	2026-09-12	0	0	1	0	0	0
town.gifu-hichisocho.gifu.jp			2026-09-12	2026-09-12	0	0	1	0	0	0
town.gifu-hichisocho.jp			2026-09-12	2026-09-12	0	0	1	0	0	0
town.gifu-hichisocho.lg.jp			2026-09-12	2026-09-12	0	0	1	0	0	0
town.gifu-hichisomachi.gifu.jp			2026-09-12	2026-09-12	0	0	1	0	0	0
town.gifu-hichisomachi.jp			2026-09-12	2026-09-12	0	0	1	0	0	0
town.gifu-hichisomachi.lg.jp			2026-09-12	2026-09-12	0	0	1	0	0	0
town.gifu-kawabe.gifu.jp			2026-09-12	2026-09-12	0	0	1	0	0	0
town.gifu-kawabe.jp			2026-09-12	2026-09-12	0	0	1	0	0	0
town.gifu-kawabe.lg.jp			2026-09-12	2026-09-12	0	0	1	0	0	0
town.gifu-kawabecho.gifu.jp			2026-09-12	2026-09-12	0	0	1	0	0	0
town.gifu-kawabecho.jp			2026-09-12	2026-09-12	0	0	1	0	0	0
town.gifu-kawabecho.lg.jp			2026-09-12	2026-09-12	0	0	1	0	0	0
town.gifu-kawabemachi.gifu.jp			2026-09-12	2026-09-12	0	0	1	0	0	0
town.gifu-kawabemachi.jp			2026-09-12	2026-09-12	0	0	1	0	0	0
town.gifu-kawabemachi.lg.jp			2026-09-12	2026-09-12	0	0	1	0	0	0
town.gifu-ono.gifu.jp			2026-09-12	2026-09-12	0	0	1	0	0	0
town.gifu-ono.jp			2026-09-12	2026-09-12	0	0	1	0	0	0
town.gifu-ono.lg.jp			2026-09-12	2026-09-12	0	0	1	0	0	0
town.gifu-onocho.gifu.jp			2026-09-12	2026-09-12	0	0	1	0	0	0
town.gifu-onocho.jp			2026-09-12	2026-09-12	0	0	1	0	0	0
town.gifu-onocho.lg.jp			2026-09-12	2026-09-12	0	0	1	0	0	0
town.gifu-onomachi.gifu.jp			2026-09-12	2026-09-12	0	0	1	0	0	0
town.gifu-onomachi.jp			2026-09-12	2026-09-12	0	0	1	0	0	0
town.gifu-onomachi.lg.jp			2026-09-12	2026-09-12	0	0	1	0	0	0
town.gifu-wanochi.gifu.jp			2026-09-12	2026-09-12	0	0	1	0	0	0
town.gifu-wanochi.jp			2026-09-12	2026-09-12	0	0	1	0	0	0
town.gifu-wanochi.lg.jp			2026-09-12	2026-09-12	0	0	1	0	0	0
town.gifu-wanochicho.gifu.jp			2026-09-12	2026-09-12	0	0	1	0	0	0
town.gifu-wanochicho.jp			2026-09-12	2026-09-12	0	0	1	0	0	0
town.gifu-wanochicho.lg.jp			2026-09-12	2026-09-12	0	0	1	0	0	0
town.gifu-wanochimachi.gifu.jp			2026-09-12	2026-09-12	0	0	1	0	0	0
town.gifu-wanochimachi.jp			2026-09-12	2026-09-12	0	0	1	0	0	0
town.gifu-wanochimachi.lg.jp			2026-09-12	2026-09-12	0	0	1	0	0	0
town.gumma-chiyoda.gumma.jp			2026-09-12	2026-09-12	0	0	1	0	0	0
town.gumma-chiyoda.jp			2026-09-12	2026-09-12	0	0	1	0	0	0
town.gumma-chiyoda.lg.jp			2026-09-12	2026-09-12	0	0	1	0	0	0
town.gumma-chiyodacho.gumma.jp			2026-09-12	2026-09-12	0	0	1	0	0	0
town.gumma-chiyodacho.jp			2026-09-12	2026-09-12	0	0	1	0	0	0
town.gumma-chiyodacho.lg.jp			2026-09-12	2026-09-12	0	0	1	0	0	0
town.gumma-chiyodamachi.gumma.jp			2026-09-12	2026-09-12	0	0	1	0	0	0
town.gumma-chiyodamachi.jp			2026-09-12	2026-09-12	0	0	1	0	0	0
town.gumma-chiyodamachi.lg.jp			2026-09-12	2026-09-12	0	0	1	0	0	0
town.gumma-chyoda.gumma.jp			2026-09-12	2026-09-12	0	0	1	0	0	0
town.gumma-chyoda.jp			2026-09-12	2026-09-12	0	0	1	0	0	0
town.gumma-chyoda.lg.jp			2026-09-12	2026-09-12	0	0	1	0	0	0
town.gumma-chyodacho.gumma.jp			2026-09-12	2026-09-12	0	0	1	0	0	0
town.gumma-chyodacho.jp			2026-09-12	2026-09-12	0	0	1	0	0	0
town.gumma-chyodacho.lg.jp			2026-09-12	2026-09-12	0	0	1	0	0	0
town.gumma-chyodamachi.gumma.jp			2026-09-12	2026-09-12	0	0	1	0	0	0
town.gumma-chyodamachi.jp			2026-09-12	2026-09-12	0	0	1	0	0	0
town.gumma-chyodamachi.lg.jp			2026-09-12	2026-09-12	0	0	1	0	0	0
town.gumma-higashiagatsuma.gumma.jp			2026-09-12	2026-09-12	0	0	1	0	0	0
town.gumma-higashiagatsuma.jp			2026-09-12	2026-09-12	0	0	1	0	0	0
town.gumma-higashiagatsuma.lg.jp			2026-09-12	2026-09-12	0	0	1	0	0	0
town.gumma-higashiagatsumacho.gumma.jp			2026-09-12	2026-09-12	0	0	1	0	0	0
town.gumma-higashiagatsumacho.jp			2026-09-12	2026-09-12	0	0	1	0	0	0
town.gumma-higashiagatsumacho.lg.jp			2026-09-12	2026-09-12	0	0	1	0	0	0
town.gumma-higashiagatsumamachi.gumma.jp			2026-09-12	2026-09-12	0	0	1	0	0	0
town.gumma-higashiagatsumamachi.jp			2026-09-12	2026-09-12	0	0	1	0	0	0
town.gumma-higashiagatsumamachi.lg.jp			2026-09-12	2026-09-12	0	0	1	0	0	0
town.gumma-itakura.gumma.jp			2026-09-12	2026-09-12	0	0	1	0	0	0
town.gumma-itakura.jp			2026-09-12	2026-09-12	0	0	1	0	0	0
town.gumma-itakura.lg.jp			2026-09-12	2026-09-12	0	0	1	0	0	0
town.gumma-itakuracho.gumma.jp			2026-09-12	2026-09-12	0	0	1	0	0	0
town.gumma-itakuracho.jp			2026-09-12	2026-09-12	0	0	1	0	0	0
town.gumma-itakuracho.lg.jp			2026-09-12	2026-09-12	0	0	1	0	0	0
town.gumma-itakuramachi.gumma.jp			2026-09-12	2026-09-12	0	0	1	0	0	0
town.gumma-itakuramachi.jp			2026-09-12	2026-09-12	0	0	1	0	0	0
town.gumma-itakuramachi.lg.jp			2026-09-12	2026-09-12	0	0	1	0	0	0
town.gumma-kanna.gumma.jp			2026-09-12	2026-09-12	0	0	1	0	0	0
town.gumma-kanna.jp			2026-09-12	2026-09-12	0	0	1	0	0	0
town.gumma-kanna.lg.jp			2026-09-12	2026-09-12	0	0	1	0	0	0
town.gumma-kannacho.gumma.jp			2026-09-12	2026-09-12	0	0	1	0	0	0
town.gumma-kannacho.jp			2026-09-12	2026-09-12	0	0	1	0	0	0
town.gumma-kannacho.lg.jp			2026-09-12	2026-09-12	0	0	1	0	0	0
town.gumma-kannamachi.gumma.jp			2026-09-12	2026-09-12	0	0	1	0	0	0
town.gumma-kannamachi.jp			2026-09-12	2026-09-12	0	0	1	0	0	0
town.gumma-kannamachi.lg.jp			2026-09-12	2026-09-12	0	0	1	0	0	0
town.gumma-kusatsu.gumma.jp			2026-09-12	2026-09-12	0	0	1	0	0	0
town.gumma-kusatsu.jp			2026-09-12	2026-09-12	0	0	1	0	0	0
town.gumma-kusatsu.lg.jp			2026-09-12	2026-09-12	0	0	1	0	0	0
town.gumma-kusatsucho.gumma.jp			2026-09-12	2026-09-12	0	0	1	0	0	0
town.gumma-kusatsucho.jp			2026-09-12	2026-09-12	0	0	1	0	0	0
town.gumma-kusatsucho.lg.jp			2026-09-12	2026-09-12	0	0	1	0	0	0
town.gumma-kusatsumachi.gumma.jp			2026-09-12	2026-09-12	0	0	1	0	0	0
town.gumma-kusatsumachi.jp			2026-09-12	2026-09-12	0	0	1	0	0	0
town.gumma-kusatsumachi.lg.jp			2026-09-12	2026-09-12	0	0	1	0	0	0
town.gumma-meiwa.gumma.jp			2026-09-12	2026-09-12	0	0	1	0	0	0
town.gumma-meiwa.jp			2026-09-12	2026-09-12	0	0	1	0	0	0
town.gumma-meiwa.lg.jp			2026-09-12	2026-09-12	0	0	1	0	0	0
town.gumma-meiwacho.gumma.jp			2026-09-12	2026-09-12	0	0	1	0	0	0
town.gumma-meiwacho.jp			2026-09-12	2026-09-12	0	0	1	0	0	0
town.gumma-meiwacho.lg.jp			2026-09-12	2026-09-12	0	0	1	0	0	0
town.gumma-meiwamachi.gumma.jp			2026-09-12	2026-09-12	0	0	1	0	0	0
town.gumma-meiwamachi.jp			2026-09-12	2026-09-12	0	0	1	0	0	0
town.gumma-meiwamachi.lg.jp			2026-09-12	2026-09-12	0	0	1	0	0	0
town.gumma-minakami.gumma.jp			2026-09-12	2026-09-12	0	0	1	0	0	0
town.gumma-minakami.jp			2026-09-12	2026-09-12	0	0	1	0	0	0
town.gumma-minakami.lg.jp			2026-09-12	2026-09-12	0	0	1	0	0	0
town.gumma-minakamicho.gumma.jp			2026-09-12	2026-09-12	0	0	1	0	0	0
town.gumma-minakamicho.jp			2026-09-12	2026-09-12	0	0	1	0	0	0
town.gumma-minakamicho.lg.jp			2026-09-12	2026-09-12	0	0	1	0	0	0
town.gumma-minakamimachi.gumma.jp			2026-09-12	2026-09-12	0	0	1	0	0	0
town.gumma-minakamimachi.jp			2026-09-12	2026-09-12	0	0	1	0	0	0
town.gumma-minakamimachi.lg.jp			2026-09-12	2026-09-12	0	0	1	0	0	0
town.gumma-naganohara.gumma.jp			2026-09-12	2026-09-12	0	0	1	0	0	0
town.gumma-naganohara.jp			2026-09-12	2026-09-12	0	0	1	0	0	0
town.gumma-naganohara.lg.jp			2026-09-12	2026-09-12	0	0	1	0	0	0
town.gumma-naganoharacho.gumma.jp			2026-09-12	2026-09-12	0	0	1	0	0	0
town.gumma-naganoharacho.jp			2026-09-12	2026-09-12	0	0	1	0	0	0
town.gumma-naganoharacho.lg.jp			2026-09-12	2026-09-12	0	0	1	0	0	0
town.gumma-naganoharamachi.gumma.jp			2026-09-12	2026-09-12	0	0	1	0	0	0
town.gumma-naganoharamachi.jp			2026-09-12	2026-09-12	0	0	1	0	0	0
town.gumma-naganoharamachi.lg.jp			2026-09-12	2026-09-12	0	0	1	0	0	0
town.gumma-nakanojiyo.gumma.jp			2026-09-12	2026-09-12	0	0	1	0	0	0
town.gumma-nakanojiyo.jp			2026-09-12	2026-09-12	0	0	1	0	0	0
town.gumma-nakanojiyo.lg.jp			2026-09-12	2026-09-12	0	0	1	0	0	0
town.gumma-nakanojiyocho.gumma.jp			2026-09-12	2026-09-12	0	0	1	0	0	0
town.gumma-nakanojiyocho.jp			2026-09-12	2026-09-12	0	0	1	0	0	0
town.gumma-nakanojiyocho.lg.jp			2026-09-12	2026-09-12	0	0	1	0	0	0
town.gumma-nakanojiyomachi.gumma.jp			2026-09-12	2026-09-12	0	0	1	0	0	0
town.gumma-nakanojiyomachi.jp			2026-09-12	2026-09-12	0	0	1	0	0	0
town.gumma-nakanojiyomachi.lg.jp			2026-09-12	2026-09-12	0	0	1	0	0	0
town.gumma-nakanojyo.gumma.jp			2026-09-12	2026-09-12	0	0	1	0	0	0
town.gumma-nakanojyo.jp			2026-09-12	2026-09-12	0	0	1	0	0	0
town.gumma-nakanojyo.lg.jp			2026-09-12	2026-09-12	0	0	1	0	0	0
town.gumma-nakanojyocho.gumma.jp			2026-09-12	2026-09-12	0	0	1	0	0	0
town.gumma-nakanojyocho.jp			2026-09-12	2026-09-12	0	0	1	0	0	0
town.gumma-nakanojyocho.lg.jp			2026-09-12	2026-09-12	0	0	1	0	0	0
town.gumma-nakanojyomachi.gumma.jp			2026-09-12	2026-09-12	0	0	1	0	0	0
town.gumma-nakanojyomachi.jp			2026-09-12	2026-09-12	0	0	1	0	0	0
town.gumma-nakanojyomachi.lg.jp			2026-09-12	2026-09-12	0	0	1	0	0	0
town.gumma-oizumi.gumma.jp			2026-09-12	2026-09-12	0	0	1	0	0	0
town.gumma-oizumi.jp			2026-09-12	2026-09-12	0	0	1	0	0	0
town.gumma-oizumi.lg.jp			2026-09-12	2026-09-12	0	0	1	0	0	0
town.gumma-oizumicho.gumma.jp			2026-09-12	2026-09-12	0	0	1	0	0	0
town.gumma-oizumicho.jp			2026-09-12	2026-09-12	0	0	1	0	0	0
town.gumma-oizumicho.lg.jp			2026-09-12	2026-09-12	0	0	1	0	0	0
town.gumma-oizumimachi.gumma.jp			2026-09-12	2026-09-12	0	0	1	0	0	0
town.gumma-oizumimachi.jp			2026-09-12	2026-09-12	0	0	1	0	0	0
town.gumma-oizumimachi.lg.jp			2026-09-12	2026-09-12	0	0	1	0	0	0
town.gumma-ora.gumma.jp			2026-09-12	2026-09-12	0	0	1	0	0	0
town.gumma-ora.jp			2026-09-12	2026-09-12	0	0	1	0	0	0
town.gumma-ora.lg.jp			2026-09-12	2026-09-12	0	0	1	0	0	0
town.gumma-oracho.gumma.jp			2026-09-12	2026-09-12	0	0	1	0	0	0
town.gumma-oracho.jp			2026-09-12	2026-09-12	0	0	1	0	0	0
town.gumma-oracho.lg.jp			2026-09-12	2026-09-12	0	0	1	0	0	0
town.gumma-oramachi.gumma.jp			2026-09-12	2026-09-12	0	0	1	0	0	0
town.gumma-oramachi.jp			2026-09-12	2026-09-12	0	0	1	0	0	0
town.gumma-oramachi.lg.jp			2026-09-12	2026-09-12	0	0	1	0	0	0
town.gunma-nakanojiyo.gunma.jp			2026-09-12	2026-09-12	0	0	1	0	0	0
town.gunma-nakanojiyo.jp			2026-09-12	2026-09-12	0	0	1	0	0	0
town.gunma-nakanojiyo.lg.jp			2026-09-12	2026-09-12	0	0	1	0	0	0
town.gunma-nakanojiyocho.gunma.jp			2026-09-12	2026-09-12	0	0	1	0	0	0
town.gunma-nakanojiyocho.jp			2026-09-12	2026-09-12	0	0	1	0	0	0
town.gunma-nakanojiyocho.lg.jp			2026-09-12	2026-09-12	0	0	1	0	0	0
town.gunma-nakanojiyomachi.gunma.jp			2026-09-12	2026-09-12	0	0	1	0	0	0
town.gunma-nakanojiyomachi.jp			2026-09-12	2026-09-12	0	0	1	0	0	0
town.gunma-nakanojiyomachi.lg.jp			2026-09-12	2026-09-12	0	0	1	0	0	0
town.gunma-nakanojyo.gunma.jp			2026-09-12	2026-09-12	0	0	1	0	0	0
town.gunma-nakanojyo.jp			2026-09-12	2026-09-12	0	0	1	0	0	0
town.gunma-nakanojyo.lg.jp			2026-09-12	2026-09-12	0	0	1	0	0	0
town.gunma-nakanojyocho.gunma.jp			2026-09-12	2026-09-12	0	0	1	0	0	0
town.gunma-nakanojyocho.jp			2026-09-12	2026-09-12	0	0	1	0	0	0
town.gunma-nakanojyocho.lg.jp			2026-09-12	2026-09-12	0	0	1	0	0	0
town.gunma-nakanojyomachi.gunma.jp			2026-09-12	2026-09-12	0	0	1	0	0	0
town.gunma-nakanojyomachi.jp			2026-09-12	2026-09-12	0	0	1	0	0	0
town.gunma-nakanojyomachi.lg.jp			2026-09-12	2026-09-12	0	0	1	0	0	0
town.haga.chigi.jp			2026-09-11	2026-09-11	0	0	1	0	0	0
town.haga.jp			2026-09-11	2026-09-11	0	0	1	0	0	0
town.haga.lg.jp			2026-09-11	2026-09-11	0	0	1	0	0	0
town.haga.tochigi.jp			2026-09-11	2026-09-11	0	0	1	0	0	0
town.hagacho.chigi.jp			2026-09-11	2026-09-11	0	0	1	0	0	0
town.hagacho.jp			2026-09-11	2026-09-11	0	0	1	0	0	0
town.hagacho.lg.jp			2026-09-11	2026-09-11	0	0	1	0	0	0
town.hagamachi.chigi.jp			2026-09-11	2026-09-11	0	0	1	0	0	0
town.hagamachi.jp			2026-09-11	2026-09-11	0	0	1	0	0	0
town.hagamachi.lg.jp			2026-09-11	2026-09-11	0	0	1	0	0	0
town.hichiso.gifu.jp			2026-09-12	2026-09-12	0	0	1	0	0	0
town.hichiso.jp			2026-09-12	2026-09-12	0	0	1	0	0	0
town.hichiso.lg.jp			2026-09-12	2026-09-12	0	0	1	0	0	0
town.hichisocho.gifu.jp			2026-09-12	2026-09-12	0	0	1	0	0	0
town.hichisocho.jp			2026-09-12	2026-09-12	0	0	1	0	0	0
town.hichisocho.lg.jp			2026-09-12	2026-09-12	0	0	1	0	0	0
town.hichisomachi.gifu.jp			2026-09-12	2026-09-12	0	0	1	0	0	0
town.hichisomachi.jp			2026-09-12	2026-09-12	0	0	1	0	0	0
town.hichisomachi.lg.jp			2026-09-12	2026-09-12	0	0	1	0	0	0
town.hidaka.jp			2026-09-12	2026-09-12	0	0	1	0	0	0
town.hidaka.lg.jp			2026-09-12	2026-09-12	0	0	1	0	0	0
town.hidaka.wakayama.jp			2026-09-12	2026-09-12	0	0	1	0	0	0
town.hidakacho.jp			2026-09-12	2026-09-12	0	0	1	0	0	0
town.hidakacho.lg.jp			2026-09-12	2026-09-12	0	0	1	0	0	0
town.hidakacho.wakayama.jp			2026-09-12	2026-09-12	0	0	1	0	0	0
town.hidakamachi.jp			2026-09-12	2026-09-12	0	0	1	0	0	0
town.hidakamachi.lg.jp			2026-09-12	2026-09-12	0	0	1	0	0	0
town.hidakamachi.wakayama.jp			2026-09-12	2026-09-12	0	0	1	0	0	0
town.higashiagatsuma.gumma.jp			2026-09-12	2026-09-12	0	0	1	0	0	0
town.higashiagatsuma.jp			2026-09-12	2026-09-12	0	0	1	0	0	0
town.higashiagatsuma.lg.jp			2026-09-12	2026-09-12	0	0	1	0	0	0
town.higashiagatsumacho.gumma.jp			2026-09-12	2026-09-12	0	0	1	0	0	0
town.higashiagatsumacho.jp			2026-09-12	2026-09-12	0	0	1	0	0	0
town.higashiagatsumacho.lg.jp			2026-09-12	2026-09-12	0	0	1	0	0	0
town.higashiagatsumamachi.gumma.jp			2026-09-12	2026-09-12	0	0	1	0	0	0
town.higashiagatsumamachi.jp			2026-09-12	2026-09-12	0	0	1	0	0	0
town.higashiagatsumamachi.lg.jp			2026-09-12	2026-09-12	0	0	1	0	0	0
town.higashikushira.jp			2026-09-20	2026-09-20	0	0	4	0	0	0
town.higashikushira.kagoshima.jp			2026-09-20	2026-09-20	0	0	4	0	0	0
town.higashikushira.lg.jp			2026-09-20	2026-09-20	0	0	4	0	0	0
town.higashikushiracho.jp			2026-09-20	2026-09-20	0	0	4	0	0	0
town.higashikushiracho.kagoshima.jp			2026-09-20	2026-09-20	0	0	4	0	0	0
town.higashikushiracho.lg.jp			2026-09-20	2026-09-20	0	0	4	0	0	0
town.higashikushiramachi.jp			2026-09-20	2026-09-20	0	0	4	0	0	0
town.higashikushiramachi.kagoshima.jp			2026-09-20	2026-09-20	0	0	4	0	0	0
town.higashikushiramachi.lg.jp			2026-09-20	2026-09-20	0	0	4	0	0	0
town.higashiura.aichi.jp			2026-09-08	2026-09-08	0	0	1	0	0	0
town.higashiura.jp			2026-09-08	2026-09-08	0	0	1	0	0	0
town.higashiura.lg.jp			2026-09-08	2026-09-08	0	0	1	0	0	0
town.hino.jp			2026-09-12	2026-09-12	0	0	1	0	0	0
town.hino.lg.jp			2026-09-12	2026-09-12	0	0	1	0	0	0
town.hino.shiga.jp			2026-09-12	2026-09-12	0	0	1	0	0	0
town.ichikai.chigi.jp			2026-09-11	2026-09-11	0	0	1	0	0	0
town.ichikai.jp			2026-09-11	2026-09-11	0	0	1	0	0	0
town.ichikai.lg.jp			2026-09-11	2026-09-11	0	0	1	0	0	0
town.ichikaicho.chigi.jp			2026-09-11	2026-09-11	0	0	1	0	0	0
town.ichikaicho.jp			2026-09-11	2026-09-11	0	0	1	0	0	0
town.ichikaicho.lg.jp			2026-09-11	2026-09-11	0	0	1	0	0	0
town.ichikaimachi.chigi.jp			2026-09-11	2026-09-11	0	0	1	0	0	0
town.ichikaimachi.jp			2026-09-11	2026-09-11	0	0	1	0	0	0
town.ichikaimachi.lg.jp			2026-09-11	2026-09-11	0	0	1	0	0	0
town.ikeda.gifu.jp			2026-09-12	2026-09-12	0	0	1	0	0	0
town.ikeda.jp			2026-09-12	2026-09-12	0	0	1	0	0	0
town.ikeda.lg.jp			2026-09-12	2026-09-12	0	0	1	0	0	0
town.ikeda.nagano.jp			2026-09-12	2026-09-12	0	0	1	0	0	0
town.ikedacho.jp			2026-09-12	2026-09-12	0	0	1	0	0	0
town.ikedacho.lg.jp			2026-09-12	2026-09-12	0	0	1	0	0	0
town.ikedacho.nagano.jp			2026-09-12	2026-09-12	0	0	1	0	0	0
town.ikedamachi.jp			2026-09-12	2026-09-12	0	0	1	0	0	0
town.ikedamachi.lg.jp			2026-09-12	2026-09-12	0	0	1	0	0	0
town.ikedamachi.nagano.jp			2026-09-12	2026-09-12	0	0	1	0	0	0
town.ina.jp			2026-09-11	2026-09-11	0	0	1	0	0	0
town.ina.lg.jp			2026-09-11	2026-09-11	0	0	1	0	0	0
town.ina.saitama.jp			2026-09-11	2026-09-11	0	0	1	0	0	0
town.inami.jp			2026-09-12	2026-09-12	0	0	1	0	0	0
town.inami.lg.jp			2026-09-12	2026-09-12	0	0	1	0	0	0
town.inami.wakayama.jp			2026-09-12	2026-09-12	0	0	1	0	0	0
town.itakura.gumma.jp			2026-09-12	2026-09-12	0	0	1	0	0	0
town.itakura.jp			2026-09-12	2026-09-12	0	0	1	0	0	0
town.itakura.lg.jp			2026-09-12	2026-09-12	0	0	1	0	0	0
town.itakuracho.gumma.jp			2026-09-12	2026-09-12	0	0	1	0	0	0
town.itakuracho.jp			2026-09-12	2026-09-12	0	0	1	0	0	0
town.itakuracho.lg.jp			2026-09-12	2026-09-12	0	0	1	0	0	0
town.itakuramachi.gumma.jp			2026-09-12	2026-09-12	0	0	1	0	0	0
town.itakuramachi.jp			2026-09-12	2026-09-12	0	0	1	0	0	0
town.itakuramachi.lg.jp			2026-09-12	2026-09-12	0	0	1	0	0	0
town.kagoshima-higashikushira.jp			2026-09-20	2026-09-20	0	0	4	0	0	0
town.kagoshima-higashikushira.kagoshima.jp			2026-09-20	2026-09-20	0	0	4	0	0	0
town.kagoshima-higashikushira.lg.jp			2026-09-20	2026-09-20	0	0	4	0	0	0
town.kagoshima-higashikushiracho.jp			2026-09-20	2026-09-20	0	0	4	0	0	0
town.kagoshima-higashikushiracho.kagoshima.jp			2026-09-20	2026-09-20	0	0	4	0	0	0
town.kagoshima-higashikushiracho.lg.jp			2026-09-20	2026-09-20	0	0	4	0	0	0
town.kagoshima-higashikushiramachi.jp			2026-09-20	2026-09-20	0	0	4	0	0	0
town.kagoshima-higashikushiramachi.kagoshima.jp			2026-09-20	2026-09-20	0	0	4	0	0	0
town.kagoshima-higashikushiramachi.lg.jp			2026-09-20	2026-09-20	0	0	4	0	0	0
town.kagoshima-kimotsuki.jp			2026-09-20	2026-09-20	0	0	8	0	0	0
town.kagoshima-kimotsuki.kagoshima.jp			2026-09-20	2026-09-20	0	0	8	0	0	0
town.kagoshima-kimotsuki.lg.jp			2026-09-20	2026-09-20	0	0	8	0	0	0
town.kagoshima-kimotsukicho.jp			2026-09-20	2026-09-20	0	0	8	0	0	0
town.kagoshima-kimotsukicho.kagoshima.jp			2026-09-20	2026-09-20	0	0	8	0	0	0
town.kagoshima-kimotsukicho.lg.jp			2026-09-20	2026-09-20	0	0	8	0	0	0
town.kagoshima-kimotsukimachi.jp			2026-09-20	2026-09-20	0	0	8	0	0	0
town.kagoshima-kimotsukimachi.kagoshima.jp			2026-09-20	2026-09-20	0	0	8	0	0	0
town.kagoshima-kimotsukimachi.lg.jp			2026-09-20	2026-09-20	0	0	8	0	0	0
town.kagoshima-minamitane.jp			2026-09-20	2026-09-20	0	0	2	0	0	0
town.kagoshima-minamitane.kagoshima.jp			2026-09-20	2026-09-20	0	0	2	0	0	0
town.kagoshima-minamitane.lg.jp			2026-09-20	2026-09-20	0	0	2	0	0	0
town.kagoshima-minamitanecho.jp			2026-09-20	2026-09-20	0	0	2	0	0	0
town.kagoshima-minamitanecho.kagoshima.jp			2026-09-20	2026-09-20	0	0	2	0	0	0
town.kagoshima-minamitanecho.lg.jp			2026-09-20	2026-09-20	0	0	2	0	0	0
town.kagoshima-minamitanemachi.jp			2026-09-20	2026-09-20	0	0	2	0	0	0
town.kagoshima-minamitanemachi.kagoshima.jp			2026-09-20	2026-09-20	0	0	2	0	0	0
town.kagoshima-minamitanemachi.lg.jp			2026-09-20	2026-09-20	0	0	2	0	0	0
town.kagoshima-satsuma.jp			2026-09-20	2026-09-20	0	0	4	0	0	0
town.kagoshima-satsuma.kagoshima.jp			2026-09-20	2026-09-20	0	0	4	0	0	0
town.kagoshima-satsuma.lg.jp			2026-09-20	2026-09-20	0	0	4	0	0	0
town.kagoshima-satsumacho.jp			2026-09-20	2026-09-20	0	0	4	0	0	0
town.kagoshima-satsumacho.kagoshima.jp			2026-09-20	2026-09-20	0	0	4	0	0	0
town.kagoshima-satsumacho.lg.jp			2026-09-20	2026-09-20	0	0	4	0	0	0
town.kagoshima-satsumamachi.jp			2026-09-20	2026-09-20	0	0	4	0	0	0
town.kagoshima-satsumamachi.kagoshima.jp			2026-09-20	2026-09-20	0	0	4	0	0	0
town.kagoshima-satsumamachi.lg.jp			2026-09-20	2026-09-20	0	0	4	0	0	0
town.kagoshima-setochi.jp			2026-09-20	2026-09-20	0	0	8	0	0	0
town.kagoshima-setochi.kagoshima.jp			2026-09-20	2026-09-20	0	0	8	0	0	0
town.kagoshima-setochi.lg.jp			2026-09-20	2026-09-20	0	0	8	0	0	0
town.kagoshima-setochicho.jp			2026-09-20	2026-09-20	0	0	8	0	0	0
town.kagoshima-setochicho.kagoshima.jp			2026-09-20	2026-09-20	0	0	8	0	0	0
town.kagoshima-setochicho.lg.jp			2026-09-20	2026-09-20	0	0	8	0	0	0
town.kagoshima-setochimachi.jp			2026-09-20	2026-09-20	0	0	8	0	0	0
town.kagoshima-setochimachi.kagoshima.jp			2026-09-20	2026-09-20	0	0	8	0	0	0
town.kagoshima-setochimachi.lg.jp			2026-09-20	2026-09-20	0	0	8	0	0	0
town.kagoshima-tokunoshima.jp			2026-09-20	2026-09-20	0	0	8	0	0	0
town.kagoshima-tokunoshima.kagoshima.jp			2026-09-20	2026-09-20	0	0	8	0	0	0
town.kagoshima-tokunoshima.lg.jp			2026-09-20	2026-09-20	0	0	8	0	0	0
town.kagoshima-tokunoshimacho.jp			2026-09-20	2026-09-20	0	0	8	0	0	0
town.kagoshima-tokunoshimacho.kagoshima.jp			2026-09-20	2026-09-20	0	0	8	0	0	0
town.kagoshima-tokunoshimacho.lg.jp			2026-09-20	2026-09-20	0	0	8	0	0	0
town.kagoshima-tokunoshimamachi.jp			2026-09-20	2026-09-20	0	0	8	0	0	0
town.kagoshima-tokunoshimamachi.kagoshima.jp			2026-09-20	2026-09-20	0	0	8	0	0	0
town.kagoshima-tokunoshimamachi.lg.jp			2026-09-20	2026-09-20	0	0	8	0	0	0
town.kagoshima-yoron.jp			2026-09-20	2026-09-20	0	0	8	0	0	0
town.kagoshima-yoron.kagoshima.jp			2026-09-20	2026-09-20	0	0	8	0	0	0
town.kagoshima-yoron.lg.jp			2026-09-20	2026-09-20	0	0	8	0	0	0
town.kagoshima-yoroncho.jp			2026-09-20	2026-09-20	0	0	8	0	0	0
town.kagoshima-yoroncho.kagoshima.jp			2026-09-20	2026-09-20	0	0	8	0	0	0
town.kagoshima-yoroncho.lg.jp			2026-09-20	2026-09-20	0	0	8	0	0	0
town.kagoshima-yoronmachi.jp			2026-09-20	2026-09-20	0	0	8	0	0	0
town.kagoshima-yoronmachi.kagoshima.jp			2026-09-20	2026-09-20	0	0	8	0	0	0
town.kagoshima-yoronmachi.lg.jp			2026-09-20	2026-09-20	0	0	8	0	0	0
town.kagoshima-yuusui.jp			2026-09-20	2026-09-20	0	0	2	0	0	0
town.kagoshima-yuusui.kagoshima.jp			2026-09-20	2026-09-20	0	0	2	0	0	0
town.kagoshima-yuusui.lg.jp			2026-09-20	2026-09-20	0	0	2	0	0	0
town.kagoshima-yuusuicho.jp			2026-09-20	2026-09-20	0	0	2	0	0	0
town.kagoshima-yuusuicho.kagoshima.jp			2026-09-20	2026-09-20	0	0	2	0	0	0
town.kagoshima-yuusuicho.lg.jp			2026-09-20	2026-09-20	0	0	2	0	0	0
town.kagoshima-yuusuimachi.jp			2026-09-20	2026-09-20	0	0	2	0	0	0
town.kagoshima-yuusuimachi.kagoshima.jp			2026-09-20	2026-09-20	0	0	2	0	0	0
town.kagoshima-yuusuimachi.lg.jp			2026-09-20	2026-09-20	0	0	2	0	0	0
town.kammaki.jp			2026-09-12	2026-09-12	0	0	1	0	0	0
town.kammaki.lg.jp			2026-09-12	2026-09-12	0	0	1	0	0	0
town.kammaki.nara.jp			2026-09-12	2026-09-12	0	0	1	0	0	0
town.kammakicho.jp			2026-09-12	2026-09-12	0	0	1	0	0	0
town.kammakicho.lg.jp			2026-09-12	2026-09-12	0	0	1	0	0	0
town.kammakicho.nara.jp			2026-09-12	2026-09-12	0	0	1	0	0	0
town.kammakimachi.jp			2026-09-12	2026-09-12	0	0	1	0	0	0
town.kammakimachi.lg.jp			2026-09-12	2026-09-12	0	0	1	0	0	0
town.kammakimachi.nara.jp			2026-09-12	2026-09-12	0	0	1	0	0	0
town.kanna.gumma.jp			2026-09-12	2026-09-12	0	0	1	0	0	0
town.kanna.jp			2026-09-12	2026-09-12	0	0	1	0	0	0
town.kanna.lg.jp			2026-09-12	2026-09-12	0	0	1	0	0	0
town.kannacho.gumma.jp			2026-09-12	2026-09-12	0	0	1	0	0	0
town.kannacho.jp			2026-09-12	2026-09-12	0	0	1	0	0	0
town.kannacho.lg.jp			2026-09-12	2026-09-12	0	0	1	0	0	0
town.kannamachi.gumma.jp			2026-09-12	2026-09-12	0	0	1	0	0	0
town.kannamachi.jp			2026-09-12	2026-09-12	0	0	1	0	0	0
town.kannamachi.lg.jp			2026-09-12	2026-09-12	0	0	1	0	0	0
town.kashima.jp			2026-09-20	2026-09-20	0	0	2	0	0	0
town.kashima.kumamoto.jp			2026-09-20	2026-09-20	0	0	2	0	0	0
town.kashima.lg.jp			2026-09-20	2026-09-20	0	0	2	0	0	0
town.kawabe.gifu.jp			2026-09-12	2026-09-12	0	0	1	0	0	0
town.kawabe.jp			2026-09-12	2026-09-12	0	0	1	0	0	0
town.kawabe.lg.jp			2026-09-12	2026-09-12	0	0	1	0	0	0
town.kawabecho.gifu.jp			2026-09-12	2026-09-12	0	0	1	0	0	0
town.kawabecho.jp			2026-09-12	2026-09-12	0	0	1	0	0	0
town.kawabecho.lg.jp			2026-09-12	2026-09-12	0	0	1	0	0	0
town.kawabemachi.gifu.jp			2026-09-12	2026-09-12	0	0	1	0	0	0
town.kawabemachi.jp			2026-09-12	2026-09-12	0	0	1	0	0	0
town.kawabemachi.lg.jp			2026-09-12	2026-09-12	0	0	1	0	0	0
town.kawachi.ibaraki.jp			2026-09-07	2026-09-07	0	0	1	0	0	0
town.kawachi.jp			2026-09-11	2026-09-11	0	0	1	0	0	0
town.kawachi.lg.jp			2026-09-07	2026-09-07	0	0	1	0	0	0
town.kawanishi.jp			2026-09-12	2026-09-12	0	0	1	0	0	0
town.kawanishi.lg.jp			2026-09-12	2026-09-12	0	0	1	0	0	0
town.kawanishi.nara.jp			2026-09-12	2026-09-12	0	0	1	0	0	0
town.kawasaki.fukuoka.jp			2026-09-19	2026-09-19	0	0	8	0	0	0
town.kawasaki.jp			2026-09-19	2026-09-19	0	0	8	0	0	0
town.kawasaki.lg.jp			2026-09-19	2026-09-19	0	0	8	0	0	0
town.kawasakicho.fukuoka.jp			2026-09-19	2026-09-19	0	0	8	0	0	0
town.kawasakicho.jp			2026-09-19	2026-09-19	0	0	8	0	0	0
town.kawasakicho.lg.jp			2026-09-19	2026-09-19	0	0	8	0	0	0
town.kawasakimachi.fukuoka.jp			2026-09-19	2026-09-19	0	0	8	0	0	0
town.kawasakimachi.jp			2026-09-19	2026-09-19	0	0	8	0	0	0
town.kawasakimachi.lg.jp			2026-09-19	2026-09-19	0	0	8	0	0	0
town.kawatana.jp			2026-09-19	2026-09-19	0	0	8	0	0	0
town.kawatana.lg.jp			2026-09-19	2026-09-19	0	0	8	0	0	0
town.kawatana.nagasaki.jp			2026-09-19	2026-09-19	0	0	8	0	0	0
town.kawatanacho.jp			2026-09-19	2026-09-19	0	0	8	0	0	0
town.kawatanacho.lg.jp			2026-09-19	2026-09-19	0	0	8	0	0	0
town.kawatanacho.nagasaki.jp			2026-09-19	2026-09-19	0	0	8	0	0	0
town.kawatanamachi.jp			2026-09-19	2026-09-19	0	0	8	0	0	0
town.kawatanamachi.lg.jp			2026-09-19	2026-09-19	0	0	8	0	0	0
town.kawatanamachi.nagasaki.jp			2026-09-19	2026-09-19	0	0	8	0	0	0
town.kihoku.jp			2026-09-12	2026-09-12	0	0	1	0	0	0
town.kihoku.lg.jp			2026-09-12	2026-09-12	0	0	1	0	0	0
town.kihoku.mie.jp			2026-09-12	2026-09-12	0	0	1	0	0	0
town.kimotsuki.jp			2026-09-20	2026-09-20	0	0	8	0	0	0
town.kimotsuki.kagoshima.jp			2026-09-20	2026-09-20	0	0	8	0	0	0
town.kimotsuki.lg.jp			2026-09-20	2026-09-20	0	0	8	0	0	0
town.kimotsukicho.jp			2026-09-20	2026-09-20	0	0	8	0	0	0
town.kimotsukicho.kagoshima.jp			2026-09-20	2026-09-20	0	0	8	0	0	0
town.kimotsukicho.lg.jp			2026-09-20	2026-09-20	0	0	8	0	0	0
town.kimotsukimachi.jp			2026-09-20	2026-09-20	0	0	8	0	0	0
town.kimotsukimachi.kagoshima.jp			2026-09-20	2026-09-20	0	0	8	0	0	0
town.kimotsukimachi.lg.jp			2026-09-20	2026-09-20	0	0	8	0	0	0
town.kiso.jp			2026-09-12	2026-09-12	0	0	1	0	0	0
town.kiso.lg.jp			2026-09-12	2026-09-12	0	0	1	0	0	0
town.kiso.nagano.jp			2026-09-12	2026-09-12	0	0	1	0	0	0
town.kisocho.jp			2026-09-12	2026-09-12	0	0	1	0	0	0
town.kisocho.lg.jp			2026-09-12	2026-09-12	0	0	1	0	0	0
town.kisocho.nagano.jp			2026-09-12	2026-09-12	0	0	1	0	0	0
town.kisomachi.jp			2026-09-12	2026-09-12	0	0	1	0	0	0
town.kisomachi.lg.jp			2026-09-12	2026-09-12	0	0	1	0	0	0
town.kisomachi.nagano.jp			2026-09-12	2026-09-12	0	0	1	0	0	0
town.kiyonan.chiba.jp			2026-09-11	2026-09-11	0	0	1	0	0	0
town.kiyonan.jp			2026-09-11	2026-09-11	0	0	1	0	0	0
town.kiyonan.lg.jp			2026-09-11	2026-09-11	0	0	1	0	0	0
town.kiyonancho.chiba.jp			2026-09-11	2026-09-11	0	0	1	0	0	0
town.kiyonancho.jp			2026-09-11	2026-09-11	0	0	1	0	0	0
town.kiyonancho.lg.jp			2026-09-11	2026-09-11	0	0	1	0	0	0
town.kiyonanmachi.chiba.jp			2026-09-11	2026-09-11	0	0	1	0	0	0
town.kiyonanmachi.jp			2026-09-11	2026-09-11	0	0	1	0	0	0
town.kiyonanmachi.lg.jp			2026-09-11	2026-09-11	0	0	1	0	0	0
town.kohoku.jp			2026-09-19	2026-09-19	0	0	8	0	0	0
town.kohoku.lg.jp			2026-09-19	2026-09-19	0	0	8	0	0	0
town.kohoku.saga.jp			2026-09-19	2026-09-19	0	0	8	0	0	0
town.kohokucho.jp			2026-09-19	2026-09-19	0	0	8	0	0	0
town.kohokucho.lg.jp			2026-09-19	2026-09-19	0	0	8	0	0	0
town.kohokucho.saga.jp			2026-09-19	2026-09-19	0	0	8	0	0	0
town.kohokumachi.jp			2026-09-19	2026-09-19	0	0	8	0	0	0
town.kohokumachi.lg.jp			2026-09-19	2026-09-19	0	0	8	0	0	0
town.kohokumachi.saga.jp			2026-09-19	2026-09-19	0	0	8	0	0	0
town.komi.jp			2026-09-12	2026-09-12	0	0	1	0	0	0
town.komi.lg.jp			2026-09-12	2026-09-12	0	0	1	0	0	0
town.komi.nagano.jp			2026-09-12	2026-09-12	0	0	1	0	0	0
town.komicho.jp			2026-09-12	2026-09-12	0	0	1	0	0	0
town.komicho.lg.jp			2026-09-12	2026-09-12	0	0	1	0	0	0
town.komicho.nagano.jp			2026-09-12	2026-09-12	0	0	1	0	0	0
town.komimachi.jp			2026-09-12	2026-09-12	0	0	1	0	0	0
town.komimachi.lg.jp			2026-09-12	2026-09-12	0	0	1	0	0	0
town.komimachi.nagano.jp			2026-09-12	2026-09-12	0	0	1	0	0	0
town.kora.jp			2026-09-12	2026-09-12	0	0	1	0	0	0
town.kora.lg.jp			2026-09-12	2026-09-12	0	0	1	0	0	0
town.kora.shiga.jp			2026-09-12	2026-09-12	0	0	1	0	0	0
town.koracho.jp			2026-09-12	2026-09-12	0	0	1	0	0	0
town.koracho.lg.jp			2026-09-12	2026-09-12	0	0	1	0	0	0
town.koracho.shiga.jp			2026-09-12	2026-09-12	0	0	1	0	0	0
town.koramachi.jp			2026-09-12	2026-09-12	0	0	1	0	0	0
town.koramachi.lg.jp			2026-09-12	2026-09-12	0	0	1	0	0	0
town.koramachi.shiga.jp			2026-09-12	2026-09-12	0	0	1	0	0	0
town.koriyo.jp			2026-09-12	2026-09-12	0	0	1	0	0	0
town.koriyo.lg.jp			2026-09-12	2026-09-12	0	0	1	0	0	0
town.koriyo.nara.jp			2026-09-12	2026-09-12	0	0	1	0	0	0
town.koriyocho.jp			2026-09-12	2026-09-12	0	0	1	0	0	0
town.koriyocho.lg.jp			2026-09-12	2026-09-12	0	0	1	0	0	0
town.koriyocho.nara.jp			2026-09-12	2026-09-12	0	0	1	0	0	0
town.koriyomachi.jp			2026-09-12	2026-09-12	0	0	1	0	0	0
town.koriyomachi.lg.jp			2026-09-12	2026-09-12	0	0	1	0	0	0
town.koriyomachi.nara.jp			2026-09-12	2026-09-12	0	0	1	0	0	0
town.kujiyukuri.chiba.jp			2026-09-11	2026-09-11	0	0	1	0	0	0
town.kujiyukuri.jp			2026-09-11	2026-09-11	0	0	1	0	0	0
town.kujiyukuri.lg.jp			2026-09-11	2026-09-11	0	0	1	0	0	0
town.kujiyukuricho.chiba.jp			2026-09-11	2026-09-11	0	0	1	0	0	0
town.kujiyukuricho.jp			2026-09-11	2026-09-11	0	0	1	0	0	0
town.kujiyukuricho.lg.jp			2026-09-11	2026-09-11	0	0	1	0	0	0
town.kujiyukurimachi.chiba.jp			2026-09-11	2026-09-11	0	0	1	0	0	0
town.kujiyukurimachi.jp			2026-09-11	2026-09-11	0	0	1	0	0	0
town.kujiyukurimachi.lg.jp			2026-09-11	2026-09-11	0	0	1	0	0	0
town.kujiyuukuri.chiba.jp			2026-09-11	2026-09-11	0	0	1	0	0	0
town.kujiyuukuri.jp			2026-09-11	2026-09-11	0	0	1	0	0	0
town.kujiyuukuri.lg.jp			2026-09-11	2026-09-11	0	0	1	0	0	0
town.kujiyuukuricho.chiba.jp			2026-09-11	2026-09-11	0	0	1	0	0	0
town.kujiyuukuricho.jp			2026-09-11	2026-09-11	0	0	1	0	0	0
town.kujiyuukuricho.lg.jp			2026-09-11	2026-09-11	0	0	1	0	0	0
town.kujiyuukurimachi.chiba.jp			2026-09-11	2026-09-11	0	0	1	0	0	0
town.kujiyuukurimachi.jp			2026-09-11	2026-09-11	0	0	1	0	0	0
town.kujiyuukurimachi.lg.jp			2026-09-11	2026-09-11	0	0	1	0	0	0
town.kujyukuri.chiba.jp			2026-09-11	2026-09-11	0	0	1	0	0	0
town.kujyukuri.jp			2026-09-11	2026-09-11	0	0	1	0	0	0
town.kujyukuri.lg.jp			2026-09-11	2026-09-11	0	0	1	0	0	0
town.kujyukuricho.chiba.jp			2026-09-11	2026-09-11	0	0	1	0	0	0
town.kujyukuricho.jp			2026-09-11	2026-09-11	0	0	1	0	0	0
town.kujyukuricho.lg.jp			2026-09-11	2026-09-11	0	0	1	0	0	0
town.kujyukurimachi.chiba.jp			2026-09-11	2026-09-11	0	0	1	0	0	0
town.kujyukurimachi.jp			2026-09-11	2026-09-11	0	0	1	0	0	0
town.kujyukurimachi.lg.jp			2026-09-11	2026-09-11	0	0	1	0	0	0
town.kujyuukuri.chiba.jp			2026-09-11	2026-09-11	0	0	1	0	0	0
town.kujyuukuri.jp			2026-09-11	2026-09-11	0	0	1	0	0	0
town.kujyuukuri.lg.jp			2026-09-11	2026-09-11	0	0	1	0	0	0
town.kujyuukuricho.chiba.jp			2026-09-11	2026-09-11	0	0	1	0	0	0
town.kujyuukuricho.jp			2026-09-11	2026-09-11	0	0	1	0	0	0
town.kujyuukuricho.lg.jp			2026-09-11	2026-09-11	0	0	1	0	0	0
town.kujyuukurimachi.chiba.jp			2026-09-11	2026-09-11	0	0	1	0	0	0
town.kujyuukurimachi.jp			2026-09-11	2026-09-11	0	0	1	0	0	0
town.kujyuukurimachi.lg.jp			2026-09-11	2026-09-11	0	0	1	0	0	0
town.kumamoto-reihoku.jp			2026-09-20	2026-09-20	0	0	4	0	0	0
town.kumamoto-reihoku.kumamoto.jp			2026-09-20	2026-09-20	0	0	4	0	0	0
town.kumamoto-reihoku.lg.jp			2026-09-20	2026-09-20	0	0	4	0	0	0
town.kumamoto-reihokucho.jp			2026-09-20	2026-09-20	0	0	4	0	0	0
town.kumamoto-reihokucho.kumamoto.jp			2026-09-20	2026-09-20	0	0	4	0	0	0
town.kumamoto-reihokucho.lg.jp			2026-09-20	2026-09-20	0	0	4	0	0	0
town.kumamoto-reihokumachi.jp			2026-09-20	2026-09-20	0	0	4	0	0	0
town.kumamoto-reihokumachi.kumamoto.jp			2026-09-20	2026-09-20	0	0	4	0	0	0
town.kumamoto-reihokumachi.lg.jp			2026-09-20	2026-09-20	0	0	4	0	0	0
town.kusatsu.gumma.jp			2026-09-12	2026-09-12	0	0	1	0	0	0
town.kusatsu.jp			2026-09-12	2026-09-12	0	0	1	0	0	0
town.kusatsu.lg.jp			2026-09-12	2026-09-12	0	0	1	0	0	0
town.kusatsucho.gumma.jp			2026-09-12	2026-09-12	0	0	1	0	0	0
town.kusatsucho.jp			2026-09-12	2026-09-12	0	0	1	0	0	0
town.kusatsucho.lg.jp			2026-09-12	2026-09-12	0	0	1	0	0	0
town.kusatsumachi.gumma.jp			2026-09-12	2026-09-12	0	0	1	0	0	0
town.kusatsumachi.jp			2026-09-12	2026-09-12	0	0	1	0	0	0
town.kusatsumachi.lg.jp			2026-09-12	2026-09-12	0	0	1	0	0	0
town.matsuda.lg.jp			2026-09-11	2026-09-11	0	0	1	0	0	0
town.meiwa.gumma.jp			2026-09-12	2026-09-12	0	0	1	0	0	0
town.meiwa.jp			2026-09-12	2026-09-12	0	0	1	0	0	0
town.meiwa.lg.jp			2026-09-12	2026-09-12	0	0	1	0	0	0
town.meiwacho.gumma.jp			2026-09-12	2026-09-12	0	0	1	0	0	0
town.meiwacho.jp			2026-09-12	2026-09-12	0	0	1	0	0	0
town.meiwacho.lg.jp			2026-09-12	2026-09-12	0	0	1	0	0	0
town.meiwamachi.gumma.jp			2026-09-12	2026-09-12	0	0	1	0	0	0
town.meiwamachi.jp			2026-09-12	2026-09-12	0	0	1	0	0	0
town.meiwamachi.lg.jp			2026-09-12	2026-09-12	0	0	1	0	0	0
town.mibu.chigi.jp			2026-09-11	2026-09-11	0	0	1	0	0	0
town.mibu.jp			2026-09-11	2026-09-11	0	0	1	0	0	0
town.mibu.lg.jp			2026-09-11	2026-09-11	0	0	1	0	0	0
town.mibucho.chigi.jp			2026-09-11	2026-09-11	0	0	1	0	0	0
town.mibucho.jp			2026-09-11	2026-09-11	0	0	1	0	0	0
town.mibucho.lg.jp			2026-09-11	2026-09-11	0	0	1	0	0	0
town.mibumachi.chigi.jp			2026-09-11	2026-09-11	0	0	1	0	0	0
town.mibumachi.jp			2026-09-11	2026-09-11	0	0	1	0	0	0
town.mibumachi.lg.jp			2026-09-11	2026-09-11	0	0	1	0	0	0
town.mie-asahi.jp			2026-09-12	2026-09-12	0	0	1	0	0	0
town.mie-asahi.lg.jp			2026-09-12	2026-09-12	0	0	1	0	0	0
town.mie-asahi.mie.jp			2026-09-12	2026-09-12	0	0	1	0	0	0
town.mie-asahicho.jp			2026-09-12	2026-09-12	0	0	1	0	0	0
town.mie-asahicho.lg.jp			2026-09-12	2026-09-12	0	0	1	0	0	0
town.mie-asahicho.mie.jp			2026-09-12	2026-09-12	0	0	1	0	0	0
town.mie-asahimachi.jp			2026-09-12	2026-09-12	0	0	1	0	0	0
town.mie-asahimachi.lg.jp			2026-09-12	2026-09-12	0	0	1	0	0	0
town.mie-asahimachi.mie.jp			2026-09-12	2026-09-12	0	0	1	0	0	0
town.mie-odai.jp			2026-09-12	2026-09-12	0	0	1	0	0	0
town.mie-odai.lg.jp			2026-09-12	2026-09-12	0	0	1	0	0	0
town.mie-odai.mie.jp			2026-09-12	2026-09-12	0	0	1	0	0	0
town.mie-odaicho.jp			2026-09-12	2026-09-12	0	0	1	0	0	0
town.mie-odaicho.lg.jp			2026-09-12	2026-09-12	0	0	1	0	0	0
town.mie-odaicho.mie.jp			2026-09-12	2026-09-12	0	0	1	0	0	0
town.mie-odaimachi.jp			2026-09-12	2026-09-12	0	0	1	0	0	0
town.mie-odaimachi.lg.jp			2026-09-12	2026-09-12	0	0	1	0	0	0
town.mie-odaimachi.mie.jp			2026-09-12	2026-09-12	0	0	1	0	0	0
town.mie-tamaki.jp			2026-09-12	2026-09-12	0	0	1	0	0	0
town.mie-tamaki.lg.jp			2026-09-12	2026-09-12	0	0	1	0	0	0
town.mie-tamaki.mie.jp			2026-09-12	2026-09-12	0	0	1	0	0	0
town.mie-tamakicho.jp			2026-09-12	2026-09-12	0	0	1	0	0	0
town.mie-tamakicho.lg.jp			2026-09-12	2026-09-12	0	0	1	0	0	0
town.mie-tamakicho.mie.jp			2026-09-12	2026-09-12	0	0	1	0	0	0
town.mie-tamakimachi.jp			2026-09-12	2026-09-12	0	0	1	0	0	0
town.mie-tamakimachi.lg.jp			2026-09-12	2026-09-12	0	0	1	0	0	0
town.mie-tamakimachi.mie.jp			2026-09-12	2026-09-12	0	0	1	0	0	0
town.mihama.aichi.jp			2026-09-08	2026-09-08	0	0	1	0	0	0
town.mihama.fukui.jp			2026-09-12	2026-09-12	0	0	1	0	0	0
town.mihama.jp			2026-09-08	2026-09-08	0	0	1	0	0	0
town.mihama.lg.jp			2026-09-08	2026-09-08	0	0	1	0	0	0
town.mihama.wakayama.jp			2026-09-12	2026-09-12	0	0	1	0	0	0
town.mihamacho.jp			2026-09-12	2026-09-12	0	0	1	0	0	0
town.mihamacho.lg.jp			2026-09-12	2026-09-12	0	0	1	0	0	0
town.mihamacho.wakayama.jp			2026-09-12	2026-09-12	0	0	1	0	0	0
town.mihamamachi.jp			2026-09-12	2026-09-12	0	0	1	0	0	0
town.mihamamachi.lg.jp			2026-09-12	2026-09-12	0	0	1	0	0	0
town.mihamamachi.wakayama.jp			2026-09-12	2026-09-12	0	0	1	0	0	0
town.minakami.gumma.jp			2026-09-12	2026-09-12	0	0	1	0	0	0
town.minakami.jp			2026-09-12	2026-09-12	0	0	1	0	0	0
town.minakami.lg.jp			2026-09-12	2026-09-12	0	0	1	0	0	0
town.minakamicho.gumma.jp			2026-09-12	2026-09-12	0	0	1	0	0	0
town.minakamicho.jp			2026-09-12	2026-09-12	0	0	1	0	0	0
town.minakamicho.lg.jp			2026-09-12	2026-09-12	0	0	1	0	0	0
town.minakamimachi.gumma.jp			2026-09-12	2026-09-12	0	0	1	0	0	0
town.minakamimachi.jp			2026-09-12	2026-09-12	0	0	1	0	0	0
town.minakamimachi.lg.jp			2026-09-12	2026-09-12	0	0	1	0	0	0
town.minamitane.jp			2026-09-20	2026-09-20	0	0	2	0	0	0
town.minamitane.kagoshima.jp			2026-09-20	2026-09-20	0	0	2	0	0	0
town.minamitane.lg.jp			2026-09-20	2026-09-20	0	0	2	0	0	0
town.minamitanecho.jp			2026-09-20	2026-09-20	0	0	2	0	0	0
town.minamitanecho.kagoshima.jp			2026-09-20	2026-09-20	0	0	2	0	0	0
town.minamitanecho.lg.jp			2026-09-20	2026-09-20	0	0	2	0	0	0
town.minamitanemachi.jp			2026-09-20	2026-09-20	0	0	2	0	0	0
town.minamitanemachi.kagoshima.jp			2026-09-20	2026-09-20	0	0	2	0	0	0
town.minamitanemachi.lg.jp			2026-09-20	2026-09-20	0	0	2	0	0	0
town.misato.jp			2026-09-11	2026-09-20	0	0	5	0	0	0
town.misato.kumamoto.jp			2026-09-20	2026-09-20	0	0	2	0	0	0
town.misato.lg.jp			2026-09-11	2026-09-20	0	0	5	0	0	0
town.misato.miyazaki.jp			2026-09-20	2026-09-20	0	0	2	0	0	0
town.misato.saitama.jp			2026-09-11	2026-09-11	0	0	1	0	0	0
town.miyazaki-takachiho.jp			2026-09-20	2026-09-20	0	0	4	0	0	0
town.miyazaki-takachiho.lg.jp			2026-09-20	2026-09-20	0	0	4	0	0	0
town.miyazaki-takachiho.miyazaki.jp			2026-09-20	2026-09-20	0	0	4	0	0	0
town.miyazaki-takachihocho.jp			2026-09-20	2026-09-20	0	0	4	0	0	0
town.miyazaki-takachihocho.lg.jp			2026-09-20	2026-09-20	0	0	4	0	0	0
town.miyazaki-takachihocho.miyazaki.jp			2026-09-20	2026-09-20	0	0	4	0	0	0
town.miyazaki-takachihomachi.jp			2026-09-20	2026-09-20	0	0	4	0	0	0
town.miyazaki-takachihomachi.lg.jp			2026-09-20	2026-09-20	0	0	4	0	0	0
town.miyazaki-takachihomachi.miyazaki.jp			2026-09-20	2026-09-20	0	0	4	0	0	0
town.miyoshi.jp			2026-09-11	2026-09-11	0	0	1	0	0	0
town.miyoshi.lg.jp			2026-09-11	2026-09-11	0	0	1	0	0	0
town.miyoshi.saitama.jp			2026-09-11	2026-09-11	0	0	1	0	0	0
town.mori.jp			2026-09-08	2026-09-08	0	0	1	0	0	0
town.mori.lg.jp			2026-09-08	2026-09-08	0	0	1	0	0	0
town.mori.shizuoka.jp			2026-09-08	2026-09-08	0	0	1	0	0	0
town.motegi.chigi.jp			2026-09-11	2026-09-11	0	0	1	0	0	0
town.motegi.jp			2026-09-11	2026-09-11	0	0	1	0	0	0
town.motegi.lg.jp			2026-09-11	2026-09-11	0	0	1	0	0	0
town.motegicho.chigi.jp			2026-09-11	2026-09-11	0	0	1	0	0	0
town.motegicho.jp			2026-09-11	2026-09-11	0	0	1	0	0	0
town.motegicho.lg.jp			2026-09-11	2026-09-11	0	0	1	0	0	0
town.motegimachi.chigi.jp			2026-09-11	2026-09-11	0	0	1	0	0	0
town.motegimachi.jp			2026-09-11	2026-09-11	0	0	1	0	0	0
town.motegimachi.lg.jp			2026-09-11	2026-09-11	0	0	1	0	0	0
town.nagano-anan.jp			2026-09-12	2026-09-12	0	0	1	0	0	0
town.nagano-anan.lg.jp			2026-09-12	2026-09-12	0	0	1	0	0	0
town.nagano-anan.nagano.jp			2026-09-12	2026-09-12	0	0	1	0	0	0
town.nagano-anancho.jp			2026-09-12	2026-09-12	0	0	1	0	0	0
town.nagano-anancho.lg.jp			2026-09-12	2026-09-12	0	0	1	0	0	0
town.nagano-anancho.nagano.jp			2026-09-12	2026-09-12	0	0	1	0	0	0
town.nagano-ananmachi.jp			2026-09-12	2026-09-12	0	0	1	0	0	0
town.nagano-ananmachi.lg.jp			2026-09-12	2026-09-12	0	0	1	0	0	0
town.nagano-ananmachi.nagano.jp			2026-09-12	2026-09-12	0	0	1	0	0	0
town.nagano-ikeda.jp			2026-09-12	2026-09-12	0	0	1	0	0	0
town.nagano-ikeda.lg.jp			2026-09-12	2026-09-12	0	0	1	0	0	0
town.nagano-ikeda.nagano.jp			2026-09-12	2026-09-12	0	0	1	0	0	0
town.nagano-ikedacho.jp			2026-09-12	2026-09-12	0	0	1	0	0	0
town.nagano-ikedacho.lg.jp			2026-09-12	2026-09-12	0	0	1	0	0	0
town.nagano-ikedacho.nagano.jp			2026-09-12	2026-09-12	0	0	1	0	0	0
town.nagano-ikedamachi.jp			2026-09-12	2026-09-12	0	0	1	0	0	0
town.nagano-ikedamachi.lg.jp			2026-09-12	2026-09-12	0	0	1	0	0	0
town.nagano-ikedamachi.nagano.jp			2026-09-12	2026-09-12	0	0	1	0	0	0
town.nagano-kiso.jp			2026-09-12	2026-09-12	0	0	1	0	0	0
town.nagano-kiso.lg.jp			2026-09-12	2026-09-12	0	0	1	0	0	0
town.nagano-kiso.nagano.jp			2026-09-12	2026-09-12	0	0	1	0	0	0
town.nagano-kisocho.jp			2026-09-12	2026-09-12	0	0	1	0	0	0
town.nagano-kisocho.lg.jp			2026-09-12	2026-09-12	0	0	1	0	0	0
town.nagano-kisocho.nagano.jp			2026-09-12	2026-09-12	0	0	1	0	0	0
town.nagano-kisomachi.jp			2026-09-12	2026-09-12	0	0	1	0	0	0
town.nagano-kisomachi.lg.jp			2026-09-12	2026-09-12	0	0	1	0	0	0
town.nagano-kisomachi.nagano.jp			2026-09-12	2026-09-12	0	0	1	0	0	0
town.nagano-komi.jp			2026-09-12	2026-09-12	0	0	1	0	0	0
town.nagano-komi.lg.jp			2026-09-12	2026-09-12	0	0	1	0	0	0
town.nagano-komi.nagano.jp			2026-09-12	2026-09-12	0	0	1	0	0	0
town.nagano-komicho.jp			2026-09-12	2026-09-12	0	0	1	0	0	0
town.nagano-komicho.lg.jp			2026-09-12	2026-09-12	0	0	1	0	0	0
town.nagano-komicho.nagano.jp			2026-09-12	2026-09-12	0	0	1	0	0	0
town.nagano-komimachi.jp			2026-09-12	2026-09-12	0	0	1	0	0	0
town.nagano-komimachi.lg.jp			2026-09-12	2026-09-12	0	0	1	0	0	0
town.nagano-komimachi.nagano.jp			2026-09-12	2026-09-12	0	0	1	0	0	0
town.nagano-yamanochi.jp			2026-09-12	2026-09-12	0	0	1	0	0	0
town.nagano-yamanochi.lg.jp			2026-09-12	2026-09-12	0	0	1	0	0	0
town.nagano-yamanochi.nagano.jp			2026-09-12	2026-09-12	0	0	1	0	0	0
town.nagano-yamanochicho.jp			2026-09-12	2026-09-12	0	0	1	0	0	0
town.nagano-yamanochicho.lg.jp			2026-09-12	2026-09-12	0	0	1	0	0	0
town.nagano-yamanochicho.nagano.jp			2026-09-12	2026-09-12	0	0	1	0	0	0
town.nagano-yamanochimachi.jp			2026-09-12	2026-09-12	0	0	1	0	0	0
town.nagano-yamanochimachi.lg.jp			2026-09-12	2026-09-12	0	0	1	0	0	0
town.nagano-yamanochimachi.nagano.jp			2026-09-12	2026-09-12	0	0	1	0	0	0
town.naganohara.gumma.jp			2026-09-12	2026-09-12	0	0	1	0	0	0
town.naganohara.jp			2026-09-12	2026-09-12	0	0	1	0	0	0
town.naganohara.lg.jp			2026-09-12	2026-09-12	0	0	1	0	0	0
town.naganoharacho.gumma.jp			2026-09-12	2026-09-12	0	0	1	0	0	0
town.naganoharacho.jp			2026-09-12	2026-09-12	0	0	1	0	0	0
town.naganoharacho.lg.jp			2026-09-12	2026-09-12	0	0	1	0	0	0
town.naganoharamachi.gumma.jp			2026-09-12	2026-09-12	0	0	1	0	0	0
town.naganoharamachi.jp			2026-09-12	2026-09-12	0	0	1	0	0	0
town.naganoharamachi.lg.jp			2026-09-12	2026-09-12	0	0	1	0	0	0
town.nagasaki-kawatana.jp			2026-09-19	2026-09-19	0	0	8	0	0	0
town.nagasaki-kawatana.lg.jp			2026-09-19	2026-09-19	0	0	8	0	0	0
town.nagasaki-kawatana.nagasaki.jp			2026-09-19	2026-09-19	0	0	8	0	0	0
town.nagasaki-kawatanacho.jp			2026-09-19	2026-09-19	0	0	8	0	0	0
town.nagasaki-kawatanacho.lg.jp			2026-09-19	2026-09-19	0	0	8	0	0	0
town.nagasaki-kawatanacho.nagasaki.jp			2026-09-19	2026-09-19	0	0	8	0	0	0
town.nagasaki-kawatanamachi.jp			2026-09-19	2026-09-19	0	0	8	0	0	0
town.nagasaki-kawatanamachi.lg.jp			2026-09-19	2026-09-19	0	0	8	0	0	0
town.nagasaki-kawatanamachi.nagasaki.jp			2026-09-19	2026-09-19	0	0	8	0	0	0
town.nagasaki-nagayo.jp			2026-09-19	2026-09-19	0	0	8	0	0	0
town.nagasaki-nagayo.lg.jp			2026-09-19	2026-09-19	0	0	8	0	0	0
town.nagasaki-nagayo.nagasaki.jp			2026-09-19	2026-09-19	0	0	8	0	0	0
town.nagasaki-nagayocho.jp			2026-09-19	2026-09-19	0	0	8	0	0	0
town.nagasaki-nagayocho.lg.jp			2026-09-19	2026-09-19	0	0	8	0	0	0
town.nagasaki-nagayocho.nagasaki.jp			2026-09-19	2026-09-19	0	0	8	0	0	0
town.nagasaki-nagayomachi.jp			2026-09-19	2026-09-19	0	0	8	0	0	0
town.nagasaki-nagayomachi.lg.jp			2026-09-19	2026-09-19	0	0	8	0	0	0
town.nagasaki-nagayomachi.nagasaki.jp			2026-09-19	2026-09-19	0	0	8	0	0	0
town.nagasaki-saza.jp			2026-09-19	2026-09-19	0	0	8	0	0	0
town.nagasaki-saza.lg.jp			2026-09-19	2026-09-19	0	0	8	0	0	0
town.nagasaki-saza.nagasaki.jp			2026-09-19	2026-09-19	0	0	8	0	0	0
town.nagasaki-sazacho.jp			2026-09-19	2026-09-19	0	0	8	0	0	0
town.nagasaki-sazacho.lg.jp			2026-09-19	2026-09-19	0	0	8	0	0	0
town.nagasaki-sazacho.nagasaki.jp			2026-09-19	2026-09-19	0	0	8	0	0	0
town.nagasaki-sazamachi.jp			2026-09-19	2026-09-19	0	0	8	0	0	0
town.nagasaki-sazamachi.lg.jp			2026-09-19	2026-09-19	0	0	8	0	0	0
town.nagasaki-sazamachi.nagasaki.jp			2026-09-19	2026-09-19	0	0	8	0	0	0
town.nagasaki-shinkamigoto.jp			2026-09-19	2026-09-19	0	0	4	0	0	0
town.nagasaki-shinkamigoto.lg.jp			2026-09-19	2026-09-19	0	0	4	0	0	0
town.nagasaki-shinkamigoto.nagasaki.jp			2026-09-19	2026-09-19	0	0	4	0	0	0
town.nagasaki-shinkamigotocho.jp			2026-09-19	2026-09-19	0	0	4	0	0	0
town.nagasaki-shinkamigotocho.lg.jp			2026-09-19	2026-09-19	0	0	4	0	0	0
town.nagasaki-shinkamigotocho.nagasaki.jp			2026-09-19	2026-09-19	0	0	4	0	0	0
town.nagasaki-shinkamigotomachi.jp			2026-09-19	2026-09-19	0	0	4	0	0	0
town.nagasaki-shinkamigotomachi.lg.jp			2026-09-19	2026-09-19	0	0	4	0	0	0
town.nagasaki-shinkamigotomachi.nagasaki.jp			2026-09-19	2026-09-19	0	0	4	0	0	0
town.nagayo.jp			2026-09-19	2026-09-19	0	0	8	0	0	0
town.nagayo.lg.jp			2026-09-19	2026-09-19	0	0	8	0	0	0
town.nagayo.nagasaki.jp			2026-09-19	2026-09-19	0	0	8	0	0	0
town.nagayocho.jp			2026-09-19	2026-09-19	0	0	8	0	0	0
town.nagayocho.lg.jp			2026-09-19	2026-09-19	0	0	8	0	0	0
town.nagayocho.nagasaki.jp			2026-09-19	2026-09-19	0	0	8	0	0	0
town.nagayomachi.jp			2026-09-19	2026-09-19	0	0	8	0	0	0
town.nagayomachi.lg.jp			2026-09-19	2026-09-19	0	0	8	0	0	0
town.nagayomachi.nagasaki.jp			2026-09-19	2026-09-19	0	0	8	0	0	0
town.nakagawa.chigi.jp			2026-09-11	2026-09-11	0	0	1	0	0	0
town.nakagawa.jp			2026-09-11	2026-09-11	0	0	1	0	0	0
town.nakagawa.lg.jp			2026-09-11	2026-09-11	0	0	1	0	0	0
town.nakagawa.tochigi.jp			2026-09-11	2026-09-11	0	0	1	0	0	0
town.nakagawacho.chigi.jp			2026-09-11	2026-09-11	0	0	1	0	0	0
town.nakagawacho.jp			2026-09-11	2026-09-11	0	0	1	0	0	0
town.nakagawacho.lg.jp			2026-09-11	2026-09-11	0	0	1	0	0	0
town.nakagawamachi.chigi.jp			2026-09-11	2026-09-11	0	0	1	0	0	0
town.nakagawamachi.jp			2026-09-11	2026-09-11	0	0	1	0	0	0
town.nakagawamachi.lg.jp			2026-09-11	2026-09-11	0	0	1	0	0	0
town.nakanojiyo.gumma.jp			2026-09-12	2026-09-12	0	0	1	0	0	0
town.nakanojiyo.gunma.jp			2026-09-12	2026-09-12	0	0	1	0	0	0
town.nakanojiyo.jp			2026-09-12	2026-09-12	0	0	1	0	0	0
town.nakanojiyo.lg.jp			2026-09-12	2026-09-12	0	0	1	0	0	0
town.nakanojiyocho.gumma.jp			2026-09-12	2026-09-12	0	0	1	0	0	0
town.nakanojiyocho.gunma.jp			2026-09-12	2026-09-12	0	0	1	0	0	0
town.nakanojiyocho.jp			2026-09-12	2026-09-12	0	0	1	0	0	0
town.nakanojiyocho.lg.jp			2026-09-12	2026-09-12	0	0	1	0	0	0
town.nakanojiyomachi.gumma.jp			2026-09-12	2026-09-12	0	0	1	0	0	0
town.nakanojiyomachi.gunma.jp			2026-09-12	2026-09-12	0	0	1	0	0	0
town.nakanojiyomachi.jp			2026-09-12	2026-09-12	0	0	1	0	0	0
town.nakanojiyomachi.lg.jp			2026-09-12	2026-09-12	0	0	1	0	0	0
town.nakanojyo.gumma.jp			2026-09-12	2026-09-12	0	0	1	0	0	0
town.nakanojyo.gunma.jp			2026-09-12	2026-09-12	0	0	1	0	0	0
town.nakanojyo.jp			2026-09-12	2026-09-12	0	0	1	0	0	0
town.nakanojyo.lg.jp			2026-09-12	2026-09-12	0	0	1	0	0	0
town.nakanojyocho.gumma.jp			2026-09-12	2026-09-12	0	0	1	0	0	0
town.nakanojyocho.gunma.jp			2026-09-12	2026-09-12	0	0	1	0	0	0
town.nakanojyocho.jp			2026-09-12	2026-09-12	0	0	1	0	0	0
town.nakanojyocho.lg.jp			2026-09-12	2026-09-12	0	0	1	0	0	0
town.nakanojyomachi.gumma.jp			2026-09-12	2026-09-12	0	0	1	0	0	0
town.nakanojyomachi.gunma.jp			2026-09-12	2026-09-12	0	0	1	0	0	0
town.nakanojyomachi.jp			2026-09-12	2026-09-12	0	0	1	0	0	0
town.nakanojyomachi.lg.jp			2026-09-12	2026-09-12	0	0	1	0	0	0
town.nakatane.lg.jp			2026-09-20	2026-09-20	0	0	2	0	0	0
town.nambu.jp			2026-09-12	2026-09-12	0	0	1	0	0	0
town.nambu.lg.jp			2026-09-12	2026-09-12	0	0	1	0	0	0
town.nambu.yamanashi.jp			2026-09-12	2026-09-12	0	0	1	0	0	0
town.nambucho.jp			2026-09-12	2026-09-12	0	0	1	0	0	0
town.nambucho.lg.jp			2026-09-12	2026-09-12	0	0	1	0	0	0
town.nambucho.yamanashi.jp			2026-09-12	2026-09-12	0	0	1	0	0	0
town.nambumachi.jp			2026-09-12	2026-09-12	0	0	1	0	0	0
town.nambumachi.lg.jp			2026-09-12	2026-09-12	0	0	1	0	0	0
town.nambumachi.yamanashi.jp			2026-09-12	2026-09-12	0	0	1	0	0	0
town.nara-kammaki.jp			2026-09-12	2026-09-12	0	0	1	0	0	0
town.nara-kammaki.lg.jp			2026-09-12	2026-09-12	0	0	1	0	0	0
town.nara-kammaki.nara.jp			2026-09-12	2026-09-12	0	0	1	0	0	0
town.nara-kammakicho.jp			2026-09-12	2026-09-12	0	0	1	0	0	0
town.nara-kammakicho.lg.jp			2026-09-12	2026-09-12	0	0	1	0	0	0
town.nara-kammakicho.nara.jp			2026-09-12	2026-09-12	0	0	1	0	0	0
town.nara-kammakimachi.jp			2026-09-12	2026-09-12	0	0	1	0	0	0
town.nara-kammakimachi.lg.jp			2026-09-12	2026-09-12	0	0	1	0	0	0
town.nara-kammakimachi.nara.jp			2026-09-12	2026-09-12	0	0	1	0	0	0
town.nara-koriyo.jp			2026-09-12	2026-09-12	0	0	1	0	0	0
town.nara-koriyo.lg.jp			2026-09-12	2026-09-12	0	0	1	0	0	0
town.nara-koriyo.nara.jp			2026-09-12	2026-09-12	0	0	1	0	0	0
town.nara-koriyocho.jp			2026-09-12	2026-09-12	0	0	1	0	0	0
town.nara-koriyocho.lg.jp			2026-09-12	2026-09-12	0	0	1	0	0	0
town.nara-koriyocho.nara.jp			2026-09-12	2026-09-12	0	0	1	0	0	0
town.nara-koriyomachi.jp			2026-09-12	2026-09-12	0	0	1	0	0	0
town.nara-koriyomachi.lg.jp			2026-09-12	2026-09-12	0	0	1	0	0	0
town.nara-koriyomachi.nara.jp			2026-09-12	2026-09-12	0	0	1	0	0	0
town.nishiki.jp			2026-09-20	2026-09-20	0	0	2	0	0	0
town.nishiki.kumamoto.jp			2026-09-20	2026-09-20	0	0	2	0	0	0
town.nishiki.lg.jp			2026-09-20	2026-09-20	0	0	2	0	0	0
town.odai.jp			2026-09-12	2026-09-12	0	0	1	0	0	0
town.odai.lg.jp			2026-09-12	2026-09-12	0	0	1	0	0	0
town.odai.mie.jp			2026-09-12	2026-09-12	0	0	1	0	0	0
town.odaicho.jp			2026-09-12	2026-09-12	0	0	1	0	0	0
town.odaicho.lg.jp			2026-09-12	2026-09-12	0	0	1	0	0	0
town.odaicho.mie.jp			2026-09-12	2026-09-12	0	0	1	0	0	0
town.odaimachi.jp			2026-09-12	2026-09-12	0	0	1	0	0	0
town.odaimachi.lg.jp			2026-09-12	2026-09-12	0	0	1	0	0	0
town.odaimachi.mie.jp			2026-09-12	2026-09-12	0	0	1	0	0	0
town.oguni.jp			2026-09-20	2026-09-20	0	0	2	0	0	0
town.oguni.kumamoto.jp			2026-09-20	2026-09-20	0	0	2	0	0	0
town.oguni.lg.jp			2026-09-20	2026-09-20	0	0	2	0	0	0
town.oi.fukui.jp			2026-09-12	2026-09-12	0	0	1	0	0	0
town.oi.jp			2026-09-12	2026-09-12	0	0	1	0	0	0
town.oi.lg.jp			2026-09-12	2026-09-12	0	0	1	0	0	0
town.oicho.fukui.jp			2026-09-12	2026-09-12	0	0	1	0	0	0
town.oicho.jp			2026-09-12	2026-09-12	0	0	1	0	0	0
town.oicho.lg.jp			2026-09-12	2026-09-12	0	0	1	0	0	0
town.oimachi.fukui.jp			2026-09-12	2026-09-12	0	0	1	0	0	0
town.oimachi.jp			2026-09-12	2026-09-12	0	0	1	0	0	0
town.oimachi.lg.jp			2026-09-12	2026-09-12	0	0	1	0	0	0
town.oizumi.gumma.jp			2026-09-12	2026-09-12	0	0	1	0	0	0
town.oizumi.jp			2026-09-12	2026-09-12	0	0	1	0	0	0
town.oizumi.lg.jp			2026-09-12	2026-09-12	0	0	1	0	0	0
town.oizumicho.gumma.jp			2026-09-12	2026-09-12	0	0	1	0	0	0
town.oizumicho.jp			2026-09-12	2026-09-12	0	0	1	0	0	0
town.oizumicho.lg.jp			2026-09-12	2026-09-12	0	0	1	0	0	0
town.oizumimachi.gumma.jp			2026-09-12	2026-09-12	0	0	1	0	0	0
town.oizumimachi.jp			2026-09-12	2026-09-12	0	0	1	0	0	0
town.oizumimachi.lg.jp			2026-09-12	2026-09-12	0	0	1	0	0	0
town.oki.fukuoka.jp			2026-09-19	2026-09-19	0	0	8	0	0	0
town.oki.jp			2026-09-19	2026-09-19	0	0	8	0	0	0
town.oki.lg.jp			2026-09-19	2026-09-19	0	0	8	0	0	0
town.okicho.fukuoka.jp			2026-09-19	2026-09-19	0	0	8	0	0	0
town.okicho.jp			2026-09-19	2026-09-19	0	0	8	0	0	0
town.okicho.lg.jp			2026-09-19	2026-09-19	0	0	8	0	0	0
town.okimachi.fukuoka.jp			2026-09-19	2026-09-19	0	0	8	0	0	0
town.okimachi.jp			2026-09-19	2026-09-19	0	0	8	0	0	0
town.okimachi.lg.jp			2026-09-19	2026-09-19	0	0	8	0	0	0
town.onjiyuku.chiba.jp			2026-09-11	2026-09-11	0	0	1	0	0	0
town.onjiyuku.jp			2026-09-11	2026-09-11	0	0	1	0	0	0
town.onjiyuku.lg.jp			2026-09-11	2026-09-11	0	0	1	0	0	0
town.onjiyukucho.chiba.jp			2026-09-11	2026-09-11	0	0	1	0	0	0
town.onjiyukucho.jp			2026-09-11	2026-09-11	0	0	1	0	0	0
town.onjiyukucho.lg.jp			2026-09-11	2026-09-11	0	0	1	0	0	0
town.onjiyukumachi.chiba.jp			2026-09-11	2026-09-11	0	0	1	0	0	0
town.onjiyukumachi.jp			2026-09-11	2026-09-11	0	0	1	0	0	0
town.onjiyukumachi.lg.jp			2026-09-11	2026-09-11	0	0	1	0	0	0
town.onjyuku.chiba.jp			2026-09-11	2026-09-11	0	0	1	0	0	0
town.onjyuku.jp			2026-09-11	2026-09-11	0	0	1	0	0	0
town.onjyuku.lg.jp			2026-09-11	2026-09-11	0	0	1	0	0	0
town.onjyukucho.chiba.jp			2026-09-11	2026-09-11	0	0	1	0	0	0
town.onjyukucho.jp			2026-09-11	2026-09-11	0	0	1	0	0	0
town.onjyukucho.lg.jp			2026-09-11	2026-09-11	0	0	1	0	0	0
town.onjyukumachi.chiba.jp			2026-09-11	2026-09-11	0	0	1	0	0	0
town.onjyukumachi.jp			2026-09-11	2026-09-11	0	0	1	0	0	0
town.onjyukumachi.lg.jp			2026-09-11	2026-09-11	0	0	1	0	0	0
town.ono.gifu.jp			2026-09-12	2026-09-12	0	0	1	0	0	0
town.ono.jp			2026-09-12	2026-09-12	0	0	1	0	0	0
town.ono.lg.jp			2026-09-12	2026-09-12	0	0	1	0	0	0
town.onocho.gifu.jp			2026-09-12	2026-09-12	0	0	1	0	0	0
town.onocho.jp			2026-09-12	2026-09-12	0	0	1	0	0	0
town.onocho.lg.jp			2026-09-12	2026-09-12	0	0	1	0	0	0
town.onomachi.gifu.jp			2026-09-12	2026-09-12	0	0	1	0	0	0
town.onomachi.jp			2026-09-12	2026-09-12	0	0	1	0	0	0
town.onomachi.lg.jp			2026-09-12	2026-09-12	0	0	1	0	0	0
town.ora.gumma.jp			2026-09-12	2026-09-12	0	0	1	0	0	0
town.ora.jp			2026-09-12	2026-09-12	0	0	1	0	0	0
town.ora.lg.jp			2026-09-12	2026-09-12	0	0	1	0	0	0
town.oracho.gumma.jp			2026-09-12	2026-09-12	0	0	1	0	0	0
town.oracho.jp			2026-09-12	2026-09-12	0	0	1	0	0	0
town.oracho.lg.jp			2026-09-12	2026-09-12	0	0	1	0	0	0
town.oramachi.gumma.jp			2026-09-12	2026-09-12	0	0	1	0	0	0
town.oramachi.jp			2026-09-12	2026-09-12	0	0	1	0	0	0
town.oramachi.lg.jp			2026-09-12	2026-09-12	0	0	1	0	0	0
town.osaki.jp			2026-09-20	2026-09-20	0	0	2	0	0	0
town.osaki.kagoshima.jp			2026-09-20	2026-09-20	0	0	2	0	0	0
town.osaki.lg.jp			2026-09-20	2026-09-20	0	0	2	0	0	0
town.oyama.jp			2026-09-08	2026-09-08	0	0	1	0	0	0
town.oyama.lg.jp			2026-09-08	2026-09-08	0	0	1	0	0	0
town.oyama.shizuoka.jp			2026-09-08	2026-09-08	0	0	1	0	0	0
town.oyamacho.jp			2026-09-08	2026-09-08	0	0	1	0	0	0
town.oyamacho.lg.jp			2026-09-08	2026-09-08	0	0	1	0	0	0
town.oyamacho.shizuoka.jp			2026-09-08	2026-09-08	0	0	1	0	0	0
town.oyamamachi.jp			2026-09-08	2026-09-08	0	0	1	0	0	0
town.oyamamachi.lg.jp			2026-09-08	2026-09-08	0	0	1	0	0	0
town.oyamamachi.shizuoka.jp			2026-09-08	2026-09-08	0	0	1	0	0	0
town.reihoku.kumamoto.jp			2026-09-20	2026-09-20	0	0	4	0	0	0
town.reihoku.lg.jp			2026-09-20	2026-09-20	0	0	4	0	0	0
town.reihokucho.jp			2026-09-20	2026-09-20	0	0	4	0	0	0
town.reihokucho.kumamoto.jp			2026-09-20	2026-09-20	0	0	4	0	0	0
town.reihokucho.lg.jp			2026-09-20	2026-09-20	0	0	4	0	0	0
town.reihokumachi.jp			2026-09-20	2026-09-20	0	0	4	0	0	0
town.reihokumachi.kumamoto.jp			2026-09-20	2026-09-20	0	0	4	0	0	0
town.reihokumachi.lg.jp			2026-09-20	2026-09-20	0	0	4	0	0	0
town.riyuo.jp			2026-09-12	2026-09-12	0	0	1	0	0	0
town.riyuo.lg.jp			2026-09-12	2026-09-12	0	0	1	0	0	0
town.riyuo.shiga.jp			2026-09-12	2026-09-12	0	0	1	0	0	0
town.riyuocho.jp			2026-09-12	2026-09-12	0	0	1	0	0	0
town.riyuocho.lg.jp			2026-09-12	2026-09-12	0	0	1	0	0	0
town.riyuocho.shiga.jp			2026-09-12	2026-09-12	0	0	1	0	0	0
town.riyuomachi.jp			2026-09-12	2026-09-12	0	0	1	0	0	0
town.riyuomachi.lg.jp			2026-09-12	2026-09-12	0	0	1	0	0	0
town.riyuomachi.shiga.jp			2026-09-12	2026-09-12	0	0	1	0	0	0
town.riyuuo.jp			2026-09-12	2026-09-12	0	0	1	0	0	0
town.riyuuo.lg.jp			2026-09-12	2026-09-12	0	0	1	0	0	0
town.riyuuo.shiga.jp			2026-09-12	2026-09-12	0	0	1	0	0	0
town.riyuuocho.jp			2026-09-12	2026-09-12	0	0	1	0	0	0
town.riyuuocho.lg.jp			2026-09-12	2026-09-12	0	0	1	0	0	0
town.riyuuocho.shiga.jp			2026-09-12	2026-09-12	0	0	1	0	0	0
town.riyuuomachi.jp			2026-09-12	2026-09-12	0	0	1	0	0	0
town.riyuuomachi.lg.jp			2026-09-12	2026-09-12	0	0	1	0	0	0
town.riyuuomachi.shiga.jp			2026-09-12	2026-09-12	0	0	1	0	0	0
town.ryuo.jp			2026-09-12	2026-09-12	0	0	1	0	0	0
town.ryuo.lg.jp			2026-09-12	2026-09-12	0	0	1	0	0	0
town.ryuo.shiga.jp			2026-09-12	2026-09-12	0	0	1	0	0	0
town.ryuocho.jp			2026-09-12	2026-09-12	0	0	1	0	0	0
town.ryuocho.lg.jp			2026-09-12	2026-09-12	0	0	1	0	0	0
town.ryuocho.shiga.jp			2026-09-12	2026-09-12	0	0	1	0	0	0
town.ryuomachi.jp			2026-09-12	2026-09-12	0	0	1	0	0	0
town.ryuomachi.lg.jp			2026-09-12	2026-09-12	0	0	1	0	0	0
town.ryuomachi.shiga.jp			2026-09-12	2026-09-12	0	0	1	0	0	0
town.ryuuo.jp			2026-09-12	2026-09-12	0	0	1	0	0	0
town.ryuuo.lg.jp			2026-09-12	2026-09-12	0	0	1	0	0	0
town.ryuuo.shiga.jp			2026-09-12	2026-09-12	0	0	1	0	0	0
town.ryuuocho.jp			2026-09-12	2026-09-12	0	0	1	0	0	0
town.ryuuocho.lg.jp			2026-09-12	2026-09-12	0	0	1	0	0	0
town.ryuuocho.shiga.jp			2026-09-12	2026-09-12	0	0	1	0	0	0
town.ryuuomachi.jp			2026-09-12	2026-09-12	0	0	1	0	0	0
town.ryuuomachi.lg.jp			2026-09-12	2026-09-12	0	0	1	0	0	0
town.ryuuomachi.shiga.jp			2026-09-12	2026-09-12	0	0	1	0	0	0
town.saga-kohoku.jp			2026-09-19	2026-09-19	0	0	8	0	0	0
town.saga-kohoku.lg.jp			2026-09-19	2026-09-19	0	0	8	0	0	0
town.saga-kohoku.saga.jp			2026-09-19	2026-09-19	0	0	8	0	0	0
town.saga-kohokucho.jp			2026-09-19	2026-09-19	0	0	8	0	0	0
town.saga-kohokucho.lg.jp			2026-09-19	2026-09-19	0	0	8	0	0	0
town.saga-kohokucho.saga.jp			2026-09-19	2026-09-19	0	0	8	0	0	0
town.saga-kohokumachi.jp			2026-09-19	2026-09-19	0	0	8	0	0	0
town.saga-kohokumachi.lg.jp			2026-09-19	2026-09-19	0	0	8	0	0	0
town.saga-kohokumachi.saga.jp			2026-09-19	2026-09-19	0	0	8	0	0	0
town.sakai.ibaraki.jp			2026-09-07	2026-09-07	0	0	1	0	0	0
town.sakai.jp			2026-09-11	2026-09-11	0	0	1	0	0	0
town.sakai.lg.jp			2026-09-07	2026-09-07	0	0	1	0	0	0
town.satsuma.kagoshima.jp			2026-09-20	2026-09-20	0	0	4	0	0	0
town.satsuma.lg.jp			2026-09-20	2026-09-20	0	0	4	0	0	0
town.satsumacho.jp			2026-09-20	2026-09-20	0	0	4	0	0	0
town.satsumacho.kagoshima.jp			2026-09-20	2026-09-20	0	0	4	0	0	0
town.satsumacho.lg.jp			2026-09-20	2026-09-20	0	0	4	0	0	0
town.satsumamachi.jp			2026-09-20	2026-09-20	0	0	4	0	0	0
town.satsumamachi.kagoshima.jp			2026-09-20	2026-09-20	0	0	4	0	0	0
town.satsumamachi.lg.jp			2026-09-20	2026-09-20	0	0	4	0	0	0
town.saza.jp			2026-09-19	2026-09-19	0	0	8	0	0	0
town.saza.lg.jp			2026-09-19	2026-09-19	0	0	8	0	0	0
town.saza.nagasaki.jp			2026-09-19	2026-09-19	0	0	8	0	0	0
town.sazacho.jp			2026-09-19	2026-09-19	0	0	8	0	0	0
town.sazacho.lg.jp			2026-09-19	2026-09-19	0	0	8	0	0	0
town.sazacho.nagasaki.jp			2026-09-19	2026-09-19	0	0	8	0	0	0
town.sazamachi.jp			2026-09-19	2026-09-19	0	0	8	0	0	0
town.sazamachi.lg.jp			2026-09-19	2026-09-19	0	0	8	0	0	0
town.sazamachi.nagasaki.jp			2026-09-19	2026-09-19	0	0	8	0	0	0
town.setochi.jp			2026-09-20	2026-09-20	0	0	8	0	0	0
town.setochi.kagoshima.jp			2026-09-20	2026-09-20	0	0	8	0	0	0
town.setochi.lg.jp			2026-09-20	2026-09-20	0	0	8	0	0	0
town.setochicho.jp			2026-09-20	2026-09-20	0	0	8	0	0	0
town.setochicho.kagoshima.jp			2026-09-20	2026-09-20	0	0	8	0	0	0
town.setochicho.lg.jp			2026-09-20	2026-09-20	0	0	8	0	0	0
town.setochimachi.jp			2026-09-20	2026-09-20	0	0	8	0	0	0
town.setochimachi.kagoshima.jp			2026-09-20	2026-09-20	0	0	8	0	0	0
town.setochimachi.lg.jp			2026-09-20	2026-09-20	0	0	8	0	0	0
town.shiga-kora.jp			2026-09-12	2026-09-12	0	0	1	0	0	0
town.shiga-kora.lg.jp			2026-09-12	2026-09-12	0	0	1	0	0	0
town.shiga-kora.shiga.jp			2026-09-12	2026-09-12	0	0	1	0	0	0
town.shiga-koracho.jp			2026-09-12	2026-09-12	0	0	1	0	0	0
town.shiga-koracho.lg.jp			2026-09-12	2026-09-12	0	0	1	0	0	0
town.shiga-koracho.shiga.jp			2026-09-12	2026-09-12	0	0	1	0	0	0
town.shiga-koramachi.jp			2026-09-12	2026-09-12	0	0	1	0	0	0
town.shiga-koramachi.lg.jp			2026-09-12	2026-09-12	0	0	1	0	0	0
town.shiga-koramachi.shiga.jp			2026-09-12	2026-09-12	0	0	1	0	0	0
town.shiga-riyuo.jp			2026-09-12	2026-09-12	0	0	1	0	0	0
town.shiga-riyuo.lg.jp			2026-09-12	2026-09-12	0	0	1	0	0	0
town.shiga-riyuo.shiga.jp			2026-09-12	2026-09-12	0	0	1	0	0	0
town.shiga-riyuocho.jp			2026-09-12	2026-09-12	0	0	1	0	0	0
town.shiga-riyuocho.lg.jp			2026-09-12	2026-09-12	0	0	1	0	0	0
town.shiga-riyuocho.shiga.jp			2026-09-12	2026-09-12	0	0	1	0	0	0
town.shiga-riyuomachi.jp			2026-09-12	2026-09-12	0	0	1	0	0	0
town.shiga-riyuomachi.lg.jp			2026-09-12	2026-09-12	0	0	1	0	0	0
town.shiga-riyuomachi.shiga.jp			2026-09-12	2026-09-12	0	0	1	0	0	0
town.shiga-riyuuo.jp			2026-09-12	2026-09-12	0	0	1	0	0	0
town.shiga-riyuuo.lg.jp			2026-09-12	2026-09-12	0	0	1	0	0	0
town.shiga-riyuuo.shiga.jp			2026-09-12	2026-09-12	0	0	1	0	0	0
town.shiga-riyuuocho.jp			2026-09-12	2026-09-12	0	0	1	0	0	0
town.shiga-riyuuocho.lg.jp			2026-09-12	2026-09-12	0	0	1	0	0	0
town.shiga-riyuuocho.shiga.jp			2026-09-12	2026-09-12	0	0	1	0	0	0
town.shiga-riyuuomachi.jp			2026-09-12	2026-09-12	0	0	1	0	0	0
town.shiga-riyuuomachi.lg.jp			2026-09-12	2026-09-12	0	0	1	0	0	0
town.shiga-riyuuomachi.shiga.jp			2026-09-12	2026-09-12	0	0	1	0	0	0
town.shiga-ryuo.jp			2026-09-12	2026-09-12	0	0	1	0	0	0
town.shiga-ryuo.lg.jp			2026-09-12	2026-09-12	0	0	1	0	0	0
town.shiga-ryuo.shiga.jp			2026-09-12	2026-09-12	0	0	1	0	0	0
town.shiga-ryuocho.jp			2026-09-12	2026-09-12	0	0	1	0	0	0
town.shiga-ryuocho.lg.jp			2026-09-12	2026-09-12	0	0	1	0	0	0
town.shiga-ryuocho.shiga.jp			2026-09-12	2026-09-12	0	0	1	0	0	0
town.shiga-ryuomachi.jp			2026-09-12	2026-09-12	0	0	1	0	0	0
town.shiga-ryuomachi.lg.jp			2026-09-12	2026-09-12	0	0	1	0	0	0
town.shiga-ryuomachi.shiga.jp			2026-09-12	2026-09-12	0	0	1	0	0	0
town.shiga-ryuuo.jp			2026-09-12	2026-09-12	0	0	1	0	0	0
town.shiga-ryuuo.lg.jp			2026-09-12	2026-09-12	0	0	1	0	0	0
town.shiga-ryuuo.shiga.jp			2026-09-12	2026-09-12	0	0	1	0	0	0
town.shiga-ryuuocho.jp			2026-09-12	2026-09-12	0	0	1	0	0	0
town.shiga-ryuuocho.lg.jp			2026-09-12	2026-09-12	0	0	1	0	0	0
town.shiga-ryuuocho.shiga.jp			2026-09-12	2026-09-12	0	0	1	0	0	0
town.shiga-ryuuomachi.jp			2026-09-12	2026-09-12	0	0	1	0	0	0
town.shiga-ryuuomachi.lg.jp			2026-09-12	2026-09-12	0	0	1	0	0	0
town.shiga-ryuuomachi.shiga.jp			2026-09-12	2026-09-12	0	0	1	0	0	0
town.shinchi.fukushima.jp			2026-09-12	2026-09-12	0	0	2	0	0	0
town.shinchi.jp			2026-09-12	2026-09-12	0	0	2	0	0	0
town.shinchi.lg.jp			2026-09-12	2026-09-12	0	0	2	0	0	0
town.shinchicho.fukushima.jp			2026-09-12	2026-09-12	0	0	2	0	0	0
town.shinchicho.jp			2026-09-12	2026-09-12	0	0	2	0	0	0
town.shinchicho.lg.jp			2026-09-12	2026-09-12	0	0	2	0	0	0
town.shinchimachi.fukushima.jp			2026-09-12	2026-09-12	0	0	2	0	0	0
town.shinchimachi.jp			2026-09-12	2026-09-12	0	0	2	0	0	0
town.shinchimachi.lg.jp			2026-09-12	2026-09-12	0	0	2	0	0	0
town.shinguu.fukuoka.jp			2026-09-19	2026-09-19	0	0	4	0	0	0
town.shinguu.jp			2026-09-19	2026-09-19	0	0	4	0	0	0
town.shinguu.lg.jp			2026-09-19	2026-09-19	0	0	4	0	0	0
town.shinguucho.fukuoka.jp			2026-09-19	2026-09-19	0	0	4	0	0	0
town.shinguucho.jp			2026-09-19	2026-09-19	0	0	4	0	0	0
town.shinguucho.lg.jp			2026-09-19	2026-09-19	0	0	4	0	0	0
town.shinguumachi.fukuoka.jp			2026-09-19	2026-09-19	0	0	4	0	0	0
town.shinguumachi.jp			2026-09-19	2026-09-19	0	0	4	0	0	0
town.shinguumachi.lg.jp			2026-09-19	2026-09-19	0	0	4	0	0	0
town.shinkamigoto.jp			2026-09-19	2026-09-19	0	0	4	0	0	0
town.shinkamigoto.lg.jp			2026-09-19	2026-09-19	0	0	4	0	0	0
town.shinkamigoto.nagasaki.jp			2026-09-19	2026-09-19	0	0	4	0	0	0
town.shinkamigotocho.jp			2026-09-19	2026-09-19	0	0	4	0	0	0
town.shinkamigotocho.lg.jp			2026-09-19	2026-09-19	0	0	4	0	0	0
town.shinkamigotocho.nagasaki.jp			2026-09-19	2026-09-19	0	0	4	0	0	0
town.shinkamigotomachi.jp			2026-09-19	2026-09-19	0	0	4	0	0	0
town.shinkamigotomachi.lg.jp			2026-09-19	2026-09-19	0	0	4	0	0	0
town.shinkamigotomachi.nagasaki.jp			2026-09-19	2026-09-19	0	0	4	0	0	0
town.shioya.chigi.jp			2026-09-11	2026-09-11	0	0	1	0	0	0
town.shioya.jp			2026-09-11	2026-09-11	0	0	1	0	0	0
town.shioya.lg.jp			2026-09-11	2026-09-11	0	0	1	0	0	0
town.shioyacho.chigi.jp			2026-09-11	2026-09-11	0	0	1	0	0	0
town.shioyacho.jp			2026-09-11	2026-09-11	0	0	1	0	0	0
town.shioyacho.lg.jp			2026-09-11	2026-09-11	0	0	1	0	0	0
town.shioyamachi.chigi.jp			2026-09-11	2026-09-11	0	0	1	0	0	0
town.shioyamachi.jp			2026-09-11	2026-09-11	0	0	1	0	0	0
town.shioyamachi.lg.jp			2026-09-11	2026-09-11	0	0	1	0	0	0
town.shizuoka-mori.jp			2026-09-08	2026-09-08	0	0	1	0	0	0
town.shizuoka-mori.lg.jp			2026-09-08	2026-09-08	0	0	1	0	0	0
town.shizuoka-mori.shizuoka.jp			2026-09-08	2026-09-08	0	0	1	0	0	0
town.shizuoka-oyama.jp			2026-09-08	2026-09-08	0	0	1	0	0	0
town.shizuoka-oyama.lg.jp			2026-09-08	2026-09-08	0	0	1	0	0	0
town.shizuoka-oyama.shizuoka.jp			2026-09-08	2026-09-08	0	0	1	0	0	0
town.shizuoka-oyamacho.jp			2026-09-08	2026-09-08	0	0	1	0	0	0
town.shizuoka-oyamacho.lg.jp			2026-09-08	2026-09-08	0	0	1	0	0	0
town.shizuoka-oyamacho.shizuoka.jp			2026-09-08	2026-09-08	0	0	1	0	0	0
town.shizuoka-oyamamachi.jp			2026-09-08	2026-09-08	0	0	1	0	0	0
town.shizuoka-oyamamachi.lg.jp			2026-09-08	2026-09-08	0	0	1	0	0	0
town.shizuoka-oyamamachi.shizuoka.jp			2026-09-08	2026-09-08	0	0	1	0	0	0
town.takachiho.jp			2026-09-20	2026-09-20	0	0	4	0	0	0
town.takachiho.lg.jp			2026-09-20	2026-09-20	0	0	4	0	0	0
town.takachiho.miyazaki.jp			2026-09-20	2026-09-20	0	0	4	0	0	0
town.takachihocho.jp			2026-09-20	2026-09-20	0	0	4	0	0	0
town.takachihocho.lg.jp			2026-09-20	2026-09-20	0	0	4	0	0	0
town.takachihocho.miyazaki.jp			2026-09-20	2026-09-20	0	0	4	0	0	0
town.takachihomachi.jp			2026-09-20	2026-09-20	0	0	4	0	0	0
town.takachihomachi.lg.jp			2026-09-20	2026-09-20	0	0	4	0	0	0
town.takachihomachi.miyazaki.jp			2026-09-20	2026-09-20	0	0	4	0	0	0
town.takamori.jp			2026-09-12	2026-09-20	0	0	3	0	0	0
town.takamori.kumamoto.jp			2026-09-20	2026-09-20	0	0	2	0	0	0
town.takamori.lg.jp			2026-09-12	2026-09-20	0	0	3	0	0	0
town.takamori.nagano.jp			2026-09-12	2026-09-12	0	0	1	0	0	0
town.takanezawa.chigi.jp			2026-09-11	2026-09-11	0	0	1	0	0	0
town.takanezawa.jp			2026-09-11	2026-09-11	0	0	1	0	0	0
town.takanezawa.lg.jp			2026-09-11	2026-09-11	0	0	1	0	0	0
town.takanezawacho.chigi.jp			2026-09-11	2026-09-11	0	0	1	0	0	0
town.takanezawacho.jp			2026-09-11	2026-09-11	0	0	1	0	0	0
town.takanezawacho.lg.jp			2026-09-11	2026-09-11	0	0	1	0	0	0
town.takanezawamachi.chigi.jp			2026-09-11	2026-09-11	0	0	1	0	0	0
town.takanezawamachi.jp			2026-09-11	2026-09-11	0	0	1	0	0	0
town.takanezawamachi.lg.jp			2026-09-11	2026-09-11	0	0	1	0	0	0
town.tamaki.jp			2026-09-12	2026-09-12	0	0	1	0	0	0
town.tamaki.lg.jp			2026-09-12	2026-09-12	0	0	1	0	0	0
town.tamaki.mie.jp			2026-09-12	2026-09-12	0	0	1	0	0	0
town.tamakicho.jp			2026-09-12	2026-09-12	0	0	1	0	0	0
town.tamakicho.lg.jp			2026-09-12	2026-09-12	0	0	1	0	0	0
town.tamakicho.mie.jp			2026-09-12	2026-09-12	0	0	1	0	0	0
town.tamakimachi.jp			2026-09-12	2026-09-12	0	0	1	0	0	0
town.tamakimachi.lg.jp			2026-09-12	2026-09-12	0	0	1	0	0	0
town.tamakimachi.mie.jp			2026-09-12	2026-09-12	0	0	1	0	0	0
town.togo.aichi.jp			2026-09-08	2026-09-08	0	0	1	0	0	0
town.togo.jp			2026-09-08	2026-09-08	0	0	1	0	0	0
town.togo.lg.jp			2026-09-08	2026-09-08	0	0	1	0	0	0
town.tokunoshima.jp			2026-09-20	2026-09-20	0	0	8	0	0	0
town.tokunoshima.kagoshima.jp			2026-09-20	2026-09-20	0	0	8	0	0	0
town.tokunoshima.lg.jp			2026-09-20	2026-09-20	0	0	8	0	0	0
town.tokunoshimacho.jp			2026-09-20	2026-09-20	0	0	8	0	0	0
town.tokunoshimacho.kagoshima.jp			2026-09-20	2026-09-20	0	0	8	0	0	0
town.tokunoshimacho.lg.jp			2026-09-20	2026-09-20	0	0	8	0	0	0
town.tokunoshimamachi.jp			2026-09-20	2026-09-20	0	0	8	0	0	0
town.tokunoshimamachi.kagoshima.jp			2026-09-20	2026-09-20	0	0	8	0	0	0
town.tokunoshimamachi.lg.jp			2026-09-20	2026-09-20	0	0	8	0	0	0
town.tomioka.fukushima.jp			2026-09-12	2026-09-12	0	0	2	0	0	0
town.tomioka.jp			2026-09-12	2026-09-12	0	0	2	0	0	0
town.tomioka.lg.jp			2026-09-12	2026-09-12	0	0	2	0	0	0
town.tomiokacho.fukushima.jp			2026-09-12	2026-09-12	0	0	2	0	0	0
town.tomiokacho.jp			2026-09-12	2026-09-12	0	0	2	0	0	0
town.tomiokacho.lg.jp			2026-09-12	2026-09-12	0	0	2	0	0	0
town.tomiokamachi.fukushima.jp			2026-09-12	2026-09-12	0	0	2	0	0	0
town.tomiokamachi.jp			2026-09-12	2026-09-12	0	0	2	0	0	0
town.tomiokamachi.lg.jp			2026-09-12	2026-09-12	0	0	2	0	0	0
town.tonosho.chiba.jp			2026-09-11	2026-09-11	0	0	1	0	0	0
town.tonosho.jp			2026-09-11	2026-09-11	0	0	1	0	0	0
town.tonosho.lg.jp			2026-09-11	2026-09-11	0	0	1	0	0	0
town.tonoshocho.chiba.jp			2026-09-11	2026-09-11	0	0	1	0	0	0
town.tonoshocho.jp			2026-09-11	2026-09-11	0	0	1	0	0	0
town.tonoshocho.lg.jp			2026-09-11	2026-09-11	0	0	1	0	0	0
town.tonoshomachi.chiba.jp			2026-09-11	2026-09-11	0	0	1	0	0	0
town.tonoshomachi.jp			2026-09-11	2026-09-11	0	0	1	0	0	0
town.tonoshomachi.lg.jp			2026-09-11	2026-09-11	0	0	1	0	0	0
town.wakasa.fukui.jp			2026-09-12	2026-09-12	0	0	1	0	0	0
town.wakasa.jp			2026-09-12	2026-09-12	0	0	1	0	0	0
town.wakasa.lg.jp			2026-09-12	2026-09-12	0	0	1	0	0	0
town.wakayama-hidaka.jp			2026-09-12	2026-09-12	0	0	1	0	0	0
town.wakayama-hidaka.lg.jp			2026-09-12	2026-09-12	0	0	1	0	0	0
town.wakayama-hidaka.wakayama.jp			2026-09-12	2026-09-12	0	0	1	0	0	0
town.wakayama-hidakacho.jp			2026-09-12	2026-09-12	0	0	1	0	0	0
town.wakayama-hidakacho.lg.jp			2026-09-12	2026-09-12	0	0	1	0	0	0
town.wakayama-hidakacho.wakayama.jp			2026-09-12	2026-09-12	0	0	1	0	0	0
town.wakayama-hidakamachi.jp			2026-09-12	2026-09-12	0	0	1	0	0	0
town.wakayama-hidakamachi.lg.jp			2026-09-12	2026-09-12	0	0	1	0	0	0
town.wakayama-hidakamachi.wakayama.jp			2026-09-12	2026-09-12	0	0	1	0	0	0
town.wakayama-mihama.jp			2026-09-12	2026-09-12	0	0	1	0	0	0
town.wakayama-mihama.lg.jp			2026-09-12	2026-09-12	0	0	1	0	0	0
town.wakayama-mihama.wakayama.jp			2026-09-12	2026-09-12	0	0	1	0	0	0
town.wakayama-mihamacho.jp			2026-09-12	2026-09-12	0	0	1	0	0	0
town.wakayama-mihamacho.lg.jp			2026-09-12	2026-09-12	0	0	1	0	0	0
town.wakayama-mihamacho.wakayama.jp			2026-09-12	2026-09-12	0	0	1	0	0	0
town.wakayama-mihamamachi.jp			2026-09-12	2026-09-12	0	0	1	0	0	0
town.wakayama-mihamamachi.lg.jp			2026-09-12	2026-09-12	0	0	1	0	0	0
town.wakayama-mihamamachi.wakayama.jp			2026-09-12	2026-09-12	0	0	1	0	0	0
town.wakayama-yura.jp			2026-09-12	2026-09-12	0	0	1	0	0	0
town.wakayama-yura.lg.jp			2026-09-12	2026-09-12	0	0	1	0	0	0
town.wakayama-yura.wakayama.jp			2026-09-12	2026-09-12	0	0	1	0	0	0
town.wakayama-yuracho.jp			2026-09-12	2026-09-12	0	0	1	0	0	0
town.wakayama-yuracho.lg.jp			2026-09-12	2026-09-12	0	0	1	0	0	0
town.wakayama-yuracho.wakayama.jp			2026-09-12	2026-09-12	0	0	1	0	0	0
town.wakayama-yuramachi.jp			2026-09-12	2026-09-12	0	0	1	0	0	0
town.wakayama-yuramachi.lg.jp			2026-09-12	2026-09-12	0	0	1	0	0	0
town.wakayama-yuramachi.wakayama.jp			2026-09-12	2026-09-12	0	0	1	0	0	0
town.wanochi.gifu.jp			2026-09-12	2026-09-12	0	0	1	0	0	0
town.wanochi.jp			2026-09-12	2026-09-12	0	0	1	0	0	0
town.wanochi.lg.jp			2026-09-12	2026-09-12	0	0	1	0	0	0
town.wanochicho.gifu.jp			2026-09-12	2026-09-12	0	0	1	0	0	0
town.wanochicho.jp			2026-09-12	2026-09-12	0	0	1	0	0	0
town.wanochicho.lg.jp			2026-09-12	2026-09-12	0	0	1	0	0	0
town.wanochimachi.gifu.jp			2026-09-12	2026-09-12	0	0	1	0	0	0
town.wanochimachi.jp			2026-09-12	2026-09-12	0	0	1	0	0	0
town.wanochimachi.lg.jp			2026-09-12	2026-09-12	0	0	1	0	0	0
town.yachiyo.ibaraki.jp			2026-09-07	2026-09-07	0	0	1	0	0	0
town.yachiyo.jp			2026-09-11	2026-09-11	0	0	1	0	0	0
town.yachiyo.lg.jp			2026-09-07	2026-09-07	0	0	1	0	0	0
town.yamanashi-nambu.jp			2026-09-12	2026-09-12	0	0	1	0	0	0
town.yamanashi-nambu.lg.jp			2026-09-12	2026-09-12	0	0	1	0	0	0
town.yamanashi-nambu.yamanashi.jp			2026-09-12	2026-09-12	0	0	1	0	0	0
town.yamanashi-nambucho.jp			2026-09-12	2026-09-12	0	0	1	0	0	0
town.yamanashi-nambucho.lg.jp			2026-09-12	2026-09-12	0	0	1	0	0	0
town.yamanashi-nambucho.yamanashi.jp			2026-09-12	2026-09-12	0	0	1	0	0	0
town.yamanashi-nambumachi.jp			2026-09-12	2026-09-12	0	0	1	0	0	0
town.yamanashi-nambumachi.lg.jp			2026-09-12	2026-09-12	0	0	1	0	0	0
town.yamanashi-nambumachi.yamanashi.jp			2026-09-12	2026-09-12	0	0	1	0	0	0
town.yamanochi.jp			2026-09-12	2026-09-12	0	0	1	0	0	0
town.yamanochi.lg.jp			2026-09-12	2026-09-12	0	0	1	0	0	0
town.yamanochi.nagano.jp			2026-09-12	2026-09-12	0	0	1	0	0	0
town.yamanochicho.jp			2026-09-12	2026-09-12	0	0	1	0	0	0
town.yamanochicho.lg.jp			2026-09-12	2026-09-12	0	0	1	0	0	0
town.yamanochicho.nagano.jp			2026-09-12	2026-09-12	0	0	1	0	0	0
town.yamanochimachi.jp			2026-09-12	2026-09-12	0	0	1	0	0	0
town.yamanochimachi.lg.jp			2026-09-12	2026-09-12	0	0	1	0	0	0
town.yamanochimachi.nagano.jp			2026-09-12	2026-09-12	0	0	1	0	0	0
town.yamato.jp			2026-09-20	2026-09-20	0	0	2	0	0	0
town.yamato.kumamoto.jp			2026-09-20	2026-09-20	0	0	2	0	0	0
town.yamato.lg.jp			2026-09-20	2026-09-20	0	0	2	0	0	0
town.yoron.jp			2026-09-20	2026-09-20	0	0	8	0	0	0
town.yoron.kagoshima.jp			2026-09-20	2026-09-20	0	0	8	0	0	0
town.yoron.lg.jp			2026-09-20	2026-09-20	0	0	8	0	0	0
town.yoroncho.jp			2026-09-20	2026-09-20	0	0	8	0	0	0
town.yoroncho.kagoshima.jp			2026-09-20	2026-09-20	0	0	8	0	0	0
town.yoroncho.lg.jp			2026-09-20	2026-09-20	0	0	8	0	0	0
town.yoronmachi.jp			2026-09-20	2026-09-20	0	0	8	0	0	0
town.yoronmachi.kagoshima.jp			2026-09-20	2026-09-20	0	0	8	0	0	0
town.yoronmachi.lg.jp			2026-09-20	2026-09-20	0	0	8	0	0	0
town.yura.jp			2026-09-12	2026-09-12	0	0	1	0	0	0
town.yura.lg.jp			2026-09-12	2026-09-12	0	0	1	0	0	0
town.yura.wakayama.jp			2026-09-12	2026-09-12	0	0	1	0	0	0
town.yuracho.jp			2026-09-12	2026-09-12	0	0	1	0	0	0
town.yuracho.lg.jp			2026-09-12	2026-09-12	0	0	1	0	0	0
town.yuracho.wakayama.jp			2026-09-12	2026-09-12	0	0	1	0	0	0
town.yuramachi.jp			2026-09-12	2026-09-12	0	0	1	0	0	0
town.yuramachi.lg.jp			2026-09-12	2026-09-12	0	0	1	0	0	0
town.yuramachi.wakayama.jp			2026-09-12	2026-09-12	0	0	1	0	0	0
town.yuusui.jp			2026-09-20	2026-09-20	0	0	2	0	0	0
town.yuusui.kagoshima.jp			2026-09-20	2026-09-20	0	0	2	0	0	0
town.yuusui.lg.jp			2026-09-20	2026-09-20	0	0	2	0	0	0
town.yuusuicho.jp			2026-09-20	2026-09-20	0	0	2	0	0	0
town.yuusuicho.kagoshima.jp			2026-09-20	2026-09-20	0	0	2	0	0	0
town.yuusuicho.lg.jp			2026-09-20	2026-09-20	0	0	2	0	0	0
town.yuusuimachi.jp			2026-09-20	2026-09-20	0	0	2	0	0	0
town.yuusuimachi.kagoshima.jp			2026-09-20	2026-09-20	0	0	2	0	0	0
town.yuusuimachi.lg.jp			2026-09-20	2026-09-20	0	0	2	0	0	0
unzen-kanko.com			2026-09-19	2026-09-19	0	4	4	0	0	92
vill-hakuba.nagano.jp	長野県	白馬村観光	2026-09-12	2026-09-12	0	0	2	0	0	0
vill.aka.fukuoka.jp			2026-09-19	2026-09-19	0	0	8	0	0	0
vill.aka.jp			2026-09-19	2026-09-19	0	0	8	0	0	0
vill.aka.lg.jp			2026-09-19	2026-09-19	0	2	6	0	0	0
vill.akamura.fukuoka.jp			2026-09-19	2026-09-19	0	0	8	0	0	0
vill.akamura.jp			2026-09-19	2026-09-19	0	0	8	0	0	0
vill.akamura.lg.jp			2026-09-19	2026-09-19	0	0	8	0	0	0
vill.akason.fukuoka.jp			2026-09-19	2026-09-19	0	0	8	0	0	0
vill.akason.jp			2026-09-19	2026-09-19	0	0	8	0	0	0
vill.akason.lg.jp			2026-09-19	2026-09-19	0	0	8	0	0	0
vill.asuka.jp			2026-09-12	2026-09-12	0	0	1	0	0	0
vill.asuka.lg.jp			2026-09-12	2026-09-12	0	0	1	0	0	0
vill.asuka.nara.jp			2026-09-12	2026-09-12	0	0	1	0	0	0
vill.asukamura.jp			2026-09-12	2026-09-12	0	0	1	0	0	0
vill.asukamura.lg.jp			2026-09-12	2026-09-12	0	0	1	0	0	0
vill.asukamura.nara.jp			2026-09-12	2026-09-12	0	0	1	0	0	0
vill.asukason.jp			2026-09-12	2026-09-12	0	0	1	0	0	0
vill.asukason.lg.jp			2026-09-12	2026-09-12	0	0	1	0	0	0
vill.asukason.nara.jp			2026-09-12	2026-09-12	0	0	1	0	0	0
vill.doshi.jp			2026-09-12	2026-09-12	0	0	1	0	0	0
vill.doshi.lg.jp			2026-09-12	2026-09-12	0	0	1	0	0	0
vill.doshi.yamanashi.jp			2026-09-12	2026-09-12	0	0	1	0	0	0
vill.doshimura.jp			2026-09-12	2026-09-12	0	0	1	0	0	0
vill.doshimura.lg.jp			2026-09-12	2026-09-12	0	0	1	0	0	0
vill.doshimura.yamanashi.jp			2026-09-12	2026-09-12	0	0	1	0	0	0
vill.doshison.jp			2026-09-12	2026-09-12	0	0	1	0	0	0
vill.doshison.lg.jp			2026-09-12	2026-09-12	0	0	1	0	0	0
vill.doshison.yamanashi.jp			2026-09-12	2026-09-12	0	0	1	0	0	0
vill.fukuoka-aka.fukuoka.jp			2026-09-19	2026-09-19	0	0	8	0	0	0
vill.fukuoka-aka.jp			2026-09-19	2026-09-19	0	0	8	0	0	0
vill.fukuoka-aka.lg.jp			2026-09-19	2026-09-19	0	0	8	0	0	0
vill.fukuoka-akamura.fukuoka.jp			2026-09-19	2026-09-19	0	0	8	0	0	0
vill.fukuoka-akamura.jp			2026-09-19	2026-09-19	0	0	8	0	0	0
vill.fukuoka-akamura.lg.jp			2026-09-19	2026-09-19	0	0	8	0	0	0
vill.fukuoka-akason.fukuoka.jp			2026-09-19	2026-09-19	0	0	8	0	0	0
vill.fukuoka-akason.jp			2026-09-19	2026-09-19	0	0	8	0	0	0
vill.fukuoka-akason.lg.jp			2026-09-19	2026-09-19	0	0	8	0	0	0
vill.fukuoka-toho.fukuoka.jp			2026-09-19	2026-09-19	0	0	8	0	0	0
vill.fukuoka-toho.jp			2026-09-19	2026-09-19	0	0	8	0	0	0
vill.fukuoka-toho.lg.jp			2026-09-19	2026-09-19	0	0	8	0	0	0
vill.fukuoka-tohomura.fukuoka.jp			2026-09-19	2026-09-19	0	0	8	0	0	0
vill.fukuoka-tohomura.jp			2026-09-19	2026-09-19	0	0	8	0	0	0
vill.fukuoka-tohomura.lg.jp			2026-09-19	2026-09-19	0	0	8	0	0	0
vill.fukuoka-tohoson.fukuoka.jp			2026-09-19	2026-09-19	0	0	8	0	0	0
vill.fukuoka-tohoson.jp			2026-09-19	2026-09-19	0	0	8	0	0	0
vill.fukuoka-tohoson.lg.jp			2026-09-19	2026-09-19	0	0	8	0	0	0
vill.fukushima-katsurao.fukushima.jp			2026-09-12	2026-09-12	0	0	2	0	0	0
vill.fukushima-katsurao.jp			2026-09-12	2026-09-12	0	0	2	0	0	0
vill.fukushima-katsurao.lg.jp			2026-09-12	2026-09-12	0	0	2	0	0	0
vill.fukushima-katsuraomura.fukushima.jp			2026-09-12	2026-09-12	0	0	2	0	0	0
vill.fukushima-katsuraomura.jp			2026-09-12	2026-09-12	0	0	2	0	0	0
vill.fukushima-katsuraomura.lg.jp			2026-09-12	2026-09-12	0	0	2	0	0	0
vill.fukushima-katsuraoson.fukushima.jp			2026-09-12	2026-09-12	0	0	2	0	0	0
vill.fukushima-katsuraoson.jp			2026-09-12	2026-09-12	0	0	2	0	0	0
vill.fukushima-katsuraoson.lg.jp			2026-09-12	2026-09-12	0	0	2	0	0	0
vill.fukushima-kawauchi.fukushima.jp			2026-09-12	2026-09-12	0	0	2	0	0	0
vill.fukushima-kawauchi.jp			2026-09-12	2026-09-12	0	0	2	0	0	0
vill.fukushima-kawauchi.lg.jp			2026-09-12	2026-09-12	0	0	2	0	0	0
vill.fukushima-kawauchimura.fukushima.jp			2026-09-12	2026-09-12	0	0	2	0	0	0
vill.fukushima-kawauchimura.jp			2026-09-12	2026-09-12	0	0	2	0	0	0
vill.fukushima-kawauchimura.lg.jp			2026-09-12	2026-09-12	0	0	2	0	0	0
vill.fukushima-kawauchison.fukushima.jp			2026-09-12	2026-09-12	0	0	2	0	0	0
vill.fukushima-kawauchison.jp			2026-09-12	2026-09-12	0	0	2	0	0	0
vill.fukushima-kawauchison.lg.jp			2026-09-12	2026-09-12	0	0	2	0	0	0
vill.fukushima-nakajima.fukushima.jp			2026-09-12	2026-09-12	0	0	2	0	0	0
vill.fukushima-nakajima.jp			2026-09-12	2026-09-12	0	0	2	0	0	0
vill.fukushima-nakajima.lg.jp			2026-09-12	2026-09-12	0	0	2	0	0	0
vill.fukushima-nakajimamura.fukushima.jp			2026-09-12	2026-09-12	0	0	2	0	0	0
vill.fukushima-nakajimamura.jp			2026-09-12	2026-09-12	0	0	2	0	0	0
vill.fukushima-nakajimamura.lg.jp			2026-09-12	2026-09-12	0	0	2	0	0	0
vill.fukushima-nakajimason.fukushima.jp			2026-09-12	2026-09-12	0	0	2	0	0	0
vill.fukushima-nakajimason.jp			2026-09-12	2026-09-12	0	0	2	0	0	0
vill.fukushima-nakajimason.lg.jp			2026-09-12	2026-09-12	0	0	2	0	0	0
vill.gumma-katashina.gumma.jp			2026-09-12	2026-09-12	0	0	1	0	0	0
vill.gumma-katashina.jp			2026-09-12	2026-09-12	0	0	1	0	0	0
vill.gumma-katashina.lg.jp			2026-09-12	2026-09-12	0	0	1	0	0	0
vill.gumma-katashinamura.gumma.jp			2026-09-12	2026-09-12	0	0	1	0	0	0
vill.gumma-katashinamura.jp			2026-09-12	2026-09-12	0	0	1	0	0	0
vill.gumma-katashinamura.lg.jp			2026-09-12	2026-09-12	0	0	1	0	0	0
vill.gumma-katashinason.gumma.jp			2026-09-12	2026-09-12	0	0	1	0	0	0
vill.gumma-katashinason.jp			2026-09-12	2026-09-12	0	0	1	0	0	0
vill.gumma-katashinason.lg.jp			2026-09-12	2026-09-12	0	0	1	0	0	0
vill.gumma-kawaba.gumma.jp			2026-09-12	2026-09-12	0	0	1	0	0	0
vill.gumma-kawaba.jp			2026-09-12	2026-09-12	0	0	1	0	0	0
vill.gumma-kawaba.lg.jp			2026-09-12	2026-09-12	0	0	1	0	0	0
vill.gumma-kawabamura.gumma.jp			2026-09-12	2026-09-12	0	0	1	0	0	0
vill.gumma-kawabamura.jp			2026-09-12	2026-09-12	0	0	1	0	0	0
vill.gumma-kawabamura.lg.jp			2026-09-12	2026-09-12	0	0	1	0	0	0
vill.gumma-kawabason.gumma.jp			2026-09-12	2026-09-12	0	0	1	0	0	0
vill.gumma-kawabason.jp			2026-09-12	2026-09-12	0	0	1	0	0	0
vill.gumma-kawabason.lg.jp			2026-09-12	2026-09-12	0	0	1	0	0	0
vill.gumma-nammoku.gumma.jp			2026-09-12	2026-09-12	0	0	1	0	0	0
vill.gumma-nammoku.jp			2026-09-12	2026-09-12	0	0	1	0	0	0
vill.gumma-nammoku.lg.jp			2026-09-12	2026-09-12	0	0	1	0	0	0
vill.gumma-nammokumura.gumma.jp			2026-09-12	2026-09-12	0	0	1	0	0	0
vill.gumma-nammokumura.jp			2026-09-12	2026-09-12	0	0	1	0	0	0
vill.gumma-nammokumura.lg.jp			2026-09-12	2026-09-12	0	0	1	0	0	0
vill.gumma-nammokuson.gumma.jp			2026-09-12	2026-09-12	0	0	1	0	0	0
vill.gumma-nammokuson.jp			2026-09-12	2026-09-12	0	0	1	0	0	0
vill.gumma-nammokuson.lg.jp			2026-09-12	2026-09-12	0	0	1	0	0	0
vill.gumma-shinto.gumma.jp			2026-09-12	2026-09-12	0	0	1	0	0	0
vill.gumma-shinto.jp			2026-09-12	2026-09-12	0	0	1	0	0	0
vill.gumma-shinto.lg.jp			2026-09-12	2026-09-12	0	0	1	0	0	0
vill.gumma-shintomura.gumma.jp			2026-09-12	2026-09-12	0	0	1	0	0	0
vill.gumma-shintomura.jp			2026-09-12	2026-09-12	0	0	1	0	0	0
vill.gumma-shintomura.lg.jp			2026-09-12	2026-09-12	0	0	1	0	0	0
vill.gumma-shintoson.gumma.jp			2026-09-12	2026-09-12	0	0	1	0	0	0
vill.gumma-shintoson.jp			2026-09-12	2026-09-12	0	0	1	0	0	0
vill.gumma-shintoson.lg.jp			2026-09-12	2026-09-12	0	0	1	0	0	0
vill.gumma-showa.gumma.jp			2026-09-12	2026-09-12	0	0	1	0	0	0
vill.gumma-showa.jp			2026-09-12	2026-09-12	0	0	1	0	0	0
vill.gumma-showa.lg.jp			2026-09-12	2026-09-12	0	0	1	0	0	0
vill.gumma-showamura.gumma.jp			2026-09-12	2026-09-12	0	0	1	0	0	0
vill.gumma-showamura.jp			2026-09-12	2026-09-12	0	0	1	0	0	0
vill.gumma-showamura.lg.jp			2026-09-12	2026-09-12	0	0	1	0	0	0
vill.gumma-showason.gumma.jp			2026-09-12	2026-09-12	0	0	1	0	0	0
vill.gumma-showason.jp			2026-09-12	2026-09-12	0	0	1	0	0	0
vill.gumma-showason.lg.jp			2026-09-12	2026-09-12	0	0	1	0	0	0
vill.gumma-takayama.gumma.jp			2026-09-12	2026-09-12	0	0	1	0	0	0
vill.gumma-takayama.jp			2026-09-12	2026-09-12	0	0	1	0	0	0
vill.gumma-takayama.lg.jp			2026-09-12	2026-09-12	0	0	1	0	0	0
vill.gumma-takayamamura.gumma.jp			2026-09-12	2026-09-12	0	0	1	0	0	0
vill.gumma-takayamamura.jp			2026-09-12	2026-09-12	0	0	1	0	0	0
vill.gumma-takayamamura.lg.jp			2026-09-12	2026-09-12	0	0	1	0	0	0
vill.gumma-takayamason.gumma.jp			2026-09-12	2026-09-12	0	0	1	0	0	0
vill.gumma-takayamason.jp			2026-09-12	2026-09-12	0	0	1	0	0	0
vill.gumma-takayamason.lg.jp			2026-09-12	2026-09-12	0	0	1	0	0	0
vill.gumma-tsumagoi.gumma.jp			2026-09-12	2026-09-12	0	0	1	0	0	0
vill.gumma-tsumagoi.jp			2026-09-12	2026-09-12	0	0	1	0	0	0
vill.gumma-tsumagoi.lg.jp			2026-09-12	2026-09-12	0	0	1	0	0	0
vill.gumma-tsumagoimura.gumma.jp			2026-09-12	2026-09-12	0	0	1	0	0	0
vill.gumma-tsumagoimura.jp			2026-09-12	2026-09-12	0	0	1	0	0	0
vill.gumma-tsumagoimura.lg.jp			2026-09-12	2026-09-12	0	0	1	0	0	0
vill.gumma-tsumagoison.gumma.jp			2026-09-12	2026-09-12	0	0	1	0	0	0
vill.gumma-tsumagoison.jp			2026-09-12	2026-09-12	0	0	1	0	0	0
vill.gumma-tsumagoison.lg.jp			2026-09-12	2026-09-12	0	0	1	0	0	0
vill.gumma-ueno.gumma.jp			2026-09-12	2026-09-12	0	0	1	0	0	0
vill.gumma-ueno.jp			2026-09-12	2026-09-12	0	0	1	0	0	0
vill.gumma-ueno.lg.jp			2026-09-12	2026-09-12	0	0	1	0	0	0
vill.gumma-uenomura.gumma.jp			2026-09-12	2026-09-12	0	0	1	0	0	0
vill.gumma-uenomura.jp			2026-09-12	2026-09-12	0	0	1	0	0	0
vill.gumma-uenomura.lg.jp			2026-09-12	2026-09-12	0	0	1	0	0	0
vill.gumma-uenoson.gumma.jp			2026-09-12	2026-09-12	0	0	1	0	0	0
vill.gumma-uenoson.jp			2026-09-12	2026-09-12	0	0	1	0	0	0
vill.gumma-uenoson.lg.jp			2026-09-12	2026-09-12	0	0	1	0	0	0
vill.gunma-nammoku.gunma.jp			2026-09-12	2026-09-12	0	0	1	0	0	0
vill.gunma-nammoku.jp			2026-09-12	2026-09-12	0	0	1	0	0	0
vill.gunma-nammoku.lg.jp			2026-09-12	2026-09-12	0	0	1	0	0	0
vill.gunma-nammokumura.gunma.jp			2026-09-12	2026-09-12	0	0	1	0	0	0
vill.gunma-nammokumura.jp			2026-09-12	2026-09-12	0	0	1	0	0	0
vill.gunma-nammokumura.lg.jp			2026-09-12	2026-09-12	0	0	1	0	0	0
vill.gunma-nammokuson.gunma.jp			2026-09-12	2026-09-12	0	0	1	0	0	0
vill.gunma-nammokuson.jp			2026-09-12	2026-09-12	0	0	1	0	0	0
vill.gunma-nammokuson.lg.jp			2026-09-12	2026-09-12	0	0	1	0	0	0
vill.gunma-ueno.gunma.jp			2026-09-12	2026-09-12	0	0	1	0	0	0
vill.gunma-ueno.jp			2026-09-12	2026-09-12	0	0	1	0	0	0
vill.gunma-ueno.lg.jp			2026-09-12	2026-09-12	0	0	1	0	0	0
vill.gunma-uenomura.gunma.jp			2026-09-12	2026-09-12	0	0	1	0	0	0
vill.gunma-uenomura.jp			2026-09-12	2026-09-12	0	0	1	0	0	0
vill.gunma-uenomura.lg.jp			2026-09-12	2026-09-12	0	0	1	0	0	0
vill.gunma-uenoson.gunma.jp			2026-09-12	2026-09-12	0	0	1	0	0	0
vill.gunma-uenoson.jp			2026-09-12	2026-09-12	0	0	1	0	0	0
vill.gunma-uenoson.lg.jp			2026-09-12	2026-09-12	0	0	1	0	0	0
vill.higashiyoshino.lg.jp			2026-09-12	2026-09-12	0	0	1	0	0	0
vill.himeshima.jp			2026-09-19	2026-09-19	0	0	8	0	0	0
vill.himeshima.lg.jp			2026-09-19	2026-09-19	0	0	8	0	0	0
vill.himeshima.oita.jp			2026-09-19	2026-09-19	0	0	8	0	0	0
vill.himeshimamura.jp			2026-09-19	2026-09-19	0	0	8	0	0	0
vill.himeshimamura.lg.jp			2026-09-19	2026-09-19	0	0	8	0	0	0
vill.himeshimamura.oita.jp			2026-09-19	2026-09-19	0	0	8	0	0	0
vill.himeshimason.jp			2026-09-19	2026-09-19	0	0	8	0	0	0
vill.himeshimason.lg.jp			2026-09-19	2026-09-19	0	0	8	0	0	0
vill.himeshimason.oita.jp			2026-09-19	2026-09-19	0	0	8	0	0	0
vill.hiraya.jp			2026-09-12	2026-09-12	0	0	1	0	0	0
vill.hiraya.lg.jp			2026-09-12	2026-09-12	0	0	1	0	0	0
vill.hiraya.nagano.jp			2026-09-12	2026-09-12	0	0	1	0	0	0
vill.hirayamura.jp			2026-09-12	2026-09-12	0	0	1	0	0	0
vill.hirayamura.lg.jp			2026-09-12	2026-09-12	0	0	1	0	0	0
vill.hirayamura.nagano.jp			2026-09-12	2026-09-12	0	0	1	0	0	0
vill.hirayason.jp			2026-09-12	2026-09-12	0	0	1	0	0	0
vill.hirayason.lg.jp			2026-09-12	2026-09-12	0	0	1	0	0	0
vill.hirayason.nagano.jp			2026-09-12	2026-09-12	0	0	1	0	0	0
vill.ikusaka.jp			2026-09-12	2026-09-12	0	0	1	0	0	0
vill.ikusaka.lg.jp			2026-09-12	2026-09-12	0	0	1	0	0	0
vill.ikusaka.nagano.jp			2026-09-12	2026-09-12	0	0	1	0	0	0
vill.ikusakamura.jp			2026-09-12	2026-09-12	0	0	1	0	0	0
vill.ikusakamura.lg.jp			2026-09-12	2026-09-12	0	0	1	0	0	0
vill.ikusakamura.nagano.jp			2026-09-12	2026-09-12	0	0	1	0	0	0
vill.ikusakason.jp			2026-09-12	2026-09-12	0	0	1	0	0	0
vill.ikusakason.lg.jp			2026-09-12	2026-09-12	0	0	1	0	0	0
vill.ikusakason.nagano.jp			2026-09-12	2026-09-12	0	0	1	0	0	0
vill.kagoshima-mishima.jp			2026-09-20	2026-09-20	0	0	4	0	0	0
vill.kagoshima-mishima.kagoshima.jp			2026-09-20	2026-09-20	0	0	4	0	0	0
vill.kagoshima-mishima.lg.jp			2026-09-20	2026-09-20	0	0	4	0	0	0
vill.kagoshima-mishimamura.jp			2026-09-20	2026-09-20	0	0	4	0	0	0
vill.kagoshima-mishimamura.kagoshima.jp			2026-09-20	2026-09-20	0	0	4	0	0	0
vill.kagoshima-mishimamura.lg.jp			2026-09-20	2026-09-20	0	0	4	0	0	0
vill.kagoshima-mishimason.jp			2026-09-20	2026-09-20	0	0	4	0	0	0
vill.kagoshima-mishimason.kagoshima.jp			2026-09-20	2026-09-20	0	0	4	0	0	0
vill.kagoshima-mishimason.lg.jp			2026-09-20	2026-09-20	0	0	4	0	0	0
vill.kagoshima-toshima.jp			2026-09-20	2026-09-20	0	0	4	0	0	0
vill.kagoshima-toshima.kagoshima.jp			2026-09-20	2026-09-20	0	0	4	0	0	0
vill.kagoshima-toshima.lg.jp			2026-09-20	2026-09-20	0	0	4	0	0	0
vill.kagoshima-toshimamura.jp			2026-09-20	2026-09-20	0	0	4	0	0	0
vill.kagoshima-toshimamura.kagoshima.jp			2026-09-20	2026-09-20	0	0	4	0	0	0
vill.kagoshima-toshimamura.lg.jp			2026-09-20	2026-09-20	0	0	4	0	0	0
vill.kagoshima-toshimason.jp			2026-09-20	2026-09-20	0	0	4	0	0	0
vill.kagoshima-toshimason.kagoshima.jp			2026-09-20	2026-09-20	0	0	4	0	0	0
vill.kagoshima-toshimason.lg.jp			2026-09-20	2026-09-20	0	0	4	0	0	0
vill.kagoshima-uken.jp			2026-09-20	2026-09-20	0	0	8	0	0	0
vill.kagoshima-uken.kagoshima.jp			2026-09-20	2026-09-20	0	0	8	0	0	0
vill.kagoshima-uken.lg.jp			2026-09-20	2026-09-20	0	0	8	0	0	0
vill.kagoshima-ukenmura.jp			2026-09-20	2026-09-20	0	0	8	0	0	0
vill.kagoshima-ukenmura.kagoshima.jp			2026-09-20	2026-09-20	0	0	8	0	0	0
vill.kagoshima-ukenmura.lg.jp			2026-09-20	2026-09-20	0	0	8	0	0	0
vill.kagoshima-ukenson.jp			2026-09-20	2026-09-20	0	0	8	0	0	0
vill.kagoshima-ukenson.kagoshima.jp			2026-09-20	2026-09-20	0	0	8	0	0	0
vill.kagoshima-ukenson.lg.jp			2026-09-20	2026-09-20	0	0	8	0	0	0
vill.kanagawa-kiyokawa.jp			2026-09-11	2026-09-11	0	0	1	0	0	0
vill.kanagawa-kiyokawa.kanagawa.jp			2026-09-11	2026-09-11	0	0	1	0	0	0
vill.kanagawa-kiyokawa.lg.jp			2026-09-11	2026-09-11	0	0	1	0	0	0
vill.kanagawa-kiyokawamura.jp			2026-09-11	2026-09-11	0	0	1	0	0	0
vill.kanagawa-kiyokawamura.kanagawa.jp			2026-09-11	2026-09-11	0	0	1	0	0	0
vill.kanagawa-kiyokawamura.lg.jp			2026-09-11	2026-09-11	0	0	1	0	0	0
vill.kanagawa-kiyokawason.jp			2026-09-11	2026-09-11	0	0	1	0	0	0
vill.kanagawa-kiyokawason.kanagawa.jp			2026-09-11	2026-09-11	0	0	1	0	0	0
vill.kanagawa-kiyokawason.lg.jp			2026-09-11	2026-09-11	0	0	1	0	0	0
vill.kanagawa-kyokawa.jp			2026-09-11	2026-09-11	0	0	1	0	0	0
vill.kanagawa-kyokawa.kanagawa.jp			2026-09-11	2026-09-11	0	0	1	0	0	0
vill.kanagawa-kyokawa.lg.jp			2026-09-11	2026-09-11	0	0	1	0	0	0
vill.kanagawa-kyokawamura.jp			2026-09-11	2026-09-11	0	0	1	0	0	0
vill.kanagawa-kyokawamura.kanagawa.jp			2026-09-11	2026-09-11	0	0	1	0	0	0
vill.kanagawa-kyokawamura.lg.jp			2026-09-11	2026-09-11	0	0	1	0	0	0
vill.kanagawa-kyokawason.jp			2026-09-11	2026-09-11	0	0	1	0	0	0
vill.kanagawa-kyokawason.kanagawa.jp			2026-09-11	2026-09-11	0	0	1	0	0	0
vill.kanagawa-kyokawason.lg.jp			2026-09-11	2026-09-11	0	0	1	0	0	0
vill.kariwa.jp			2026-09-12	2026-09-12	0	0	2	0	0	0
vill.kariwa.lg.jp			2026-09-12	2026-09-12	0	0	2	0	0	0
vill.kariwa.niigata.jp			2026-09-12	2026-09-12	0	0	2	0	0	0
vill.kariwamura.jp			2026-09-12	2026-09-12	0	0	2	0	0	0
vill.kariwamura.lg.jp			2026-09-12	2026-09-12	0	0	2	0	0	0
vill.kariwamura.niigata.jp			2026-09-12	2026-09-12	0	0	2	0	0	0
vill.kariwason.jp			2026-09-12	2026-09-12	0	0	2	0	0	0
vill.kariwason.lg.jp			2026-09-12	2026-09-12	0	0	2	0	0	0
vill.kariwason.niigata.jp			2026-09-12	2026-09-12	0	0	2	0	0	0
vill.katashina.gumma.jp			2026-09-12	2026-09-12	0	0	1	0	0	0
vill.katashina.jp			2026-09-12	2026-09-12	0	0	1	0	0	0
vill.katashina.lg.jp			2026-09-12	2026-09-12	0	0	1	0	0	0
vill.katashinamura.gumma.jp			2026-09-12	2026-09-12	0	0	1	0	0	0
vill.katashinamura.jp			2026-09-12	2026-09-12	0	0	1	0	0	0
vill.katashinamura.lg.jp			2026-09-12	2026-09-12	0	0	1	0	0	0
vill.katashinason.gumma.jp			2026-09-12	2026-09-12	0	0	1	0	0	0
vill.katashinason.jp			2026-09-12	2026-09-12	0	0	1	0	0	0
vill.katashinason.lg.jp			2026-09-12	2026-09-12	0	0	1	0	0	0
vill.katsurao.fukushima.jp			2026-09-12	2026-09-12	0	0	2	0	0	0
vill.katsurao.jp			2026-09-12	2026-09-12	0	0	2	0	0	0
vill.katsurao.lg.jp			2026-09-12	2026-09-12	0	0	2	0	0	0
vill.katsuraomura.fukushima.jp			2026-09-12	2026-09-12	0	0	2	0	0	0
vill.katsuraomura.jp			2026-09-12	2026-09-12	0	0	2	0	0	0
vill.katsuraomura.lg.jp			2026-09-12	2026-09-12	0	0	2	0	0	0
vill.katsuraoson.fukushima.jp			2026-09-12	2026-09-12	0	0	2	0	0	0
vill.katsuraoson.jp			2026-09-12	2026-09-12	0	0	2	0	0	0
vill.katsuraoson.lg.jp			2026-09-12	2026-09-12	0	0	2	0	0	0
vill.kawaba.gumma.jp			2026-09-12	2026-09-12	0	0	1	0	0	0
vill.kawaba.jp			2026-09-12	2026-09-12	0	0	1	0	0	0
vill.kawaba.lg.jp			2026-09-12	2026-09-12	0	0	1	0	0	0
vill.kawabamura.gumma.jp			2026-09-12	2026-09-12	0	0	1	0	0	0
vill.kawabamura.jp			2026-09-12	2026-09-12	0	0	1	0	0	0
vill.kawabamura.lg.jp			2026-09-12	2026-09-12	0	0	1	0	0	0
vill.kawabason.gumma.jp			2026-09-12	2026-09-12	0	0	1	0	0	0
vill.kawabason.jp			2026-09-12	2026-09-12	0	0	1	0	0	0
vill.kawabason.lg.jp			2026-09-12	2026-09-12	0	0	1	0	0	0
vill.kawauchi.fukushima.jp			2026-09-12	2026-09-12	0	0	2	0	0	0
vill.kawauchi.jp			2026-09-12	2026-09-12	0	0	2	0	0	0
vill.kawauchi.lg.jp			2026-09-12	2026-09-12	0	0	2	0	0	0
vill.kawauchimura.fukushima.jp			2026-09-12	2026-09-12	0	0	2	0	0	0
vill.kawauchimura.jp			2026-09-12	2026-09-12	0	0	2	0	0	0
vill.kawauchimura.lg.jp			2026-09-12	2026-09-12	0	0	2	0	0	0
vill.kawauchison.fukushima.jp			2026-09-12	2026-09-12	0	0	2	0	0	0
vill.kawauchison.jp			2026-09-12	2026-09-12	0	0	2	0	0	0
vill.kawauchison.lg.jp			2026-09-12	2026-09-12	0	0	2	0	0	0
vill.kitaaiki.jp			2026-09-12	2026-09-12	0	0	1	0	0	0
vill.kitaaiki.lg.jp			2026-09-12	2026-09-12	0	0	1	0	0	0
vill.kitaaiki.nagano.jp			2026-09-12	2026-09-12	0	0	1	0	0	0
vill.kitaaikimura.jp			2026-09-12	2026-09-12	0	0	1	0	0	0
vill.kitaaikimura.lg.jp			2026-09-12	2026-09-12	0	0	1	0	0	0
vill.kitaaikimura.nagano.jp			2026-09-12	2026-09-12	0	0	1	0	0	0
vill.kitaaikison.jp			2026-09-12	2026-09-12	0	0	1	0	0	0
vill.kitaaikison.lg.jp			2026-09-12	2026-09-12	0	0	1	0	0	0
vill.kitaaikison.nagano.jp			2026-09-12	2026-09-12	0	0	1	0	0	0
vill.kitaiki.jp			2026-09-12	2026-09-12	0	0	1	0	0	0
vill.kitaiki.lg.jp			2026-09-12	2026-09-12	0	0	1	0	0	0
vill.kitaiki.nagano.jp			2026-09-12	2026-09-12	0	0	1	0	0	0
vill.kitaikimura.jp			2026-09-12	2026-09-12	0	0	1	0	0	0
vill.kitaikimura.lg.jp			2026-09-12	2026-09-12	0	0	1	0	0	0
vill.kitaikimura.nagano.jp			2026-09-12	2026-09-12	0	0	1	0	0	0
vill.kitaikison.jp			2026-09-12	2026-09-12	0	0	1	0	0	0
vill.kitaikison.lg.jp			2026-09-12	2026-09-12	0	0	1	0	0	0
vill.kitaikison.nagano.jp			2026-09-12	2026-09-12	0	0	1	0	0	0
vill.kiyokawa.jp			2026-09-11	2026-09-11	0	0	1	0	0	0
vill.kiyokawa.kanagawa.jp			2026-09-11	2026-09-11	0	0	1	0	0	0
vill.kiyokawa.lg.jp			2026-09-11	2026-09-11	0	0	1	0	0	0
vill.kiyokawamura.jp			2026-09-11	2026-09-11	0	0	1	0	0	0
vill.kiyokawamura.kanagawa.jp			2026-09-11	2026-09-11	0	0	1	0	0	0
vill.kiyokawamura.lg.jp			2026-09-11	2026-09-11	0	0	1	0	0	0
vill.kiyokawason.jp			2026-09-11	2026-09-11	0	0	1	0	0	0
vill.kiyokawason.kanagawa.jp			2026-09-11	2026-09-11	0	0	1	0	0	0
vill.kiyokawason.lg.jp			2026-09-11	2026-09-11	0	0	1	0	0	0
vill.kosuge.jp			2026-09-12	2026-09-12	0	0	1	0	0	0
vill.kosuge.lg.jp			2026-09-12	2026-09-12	0	0	1	0	0	0
vill.kosuge.yamanashi.jp			2026-09-12	2026-09-12	0	0	1	0	0	0
vill.kosugemura.jp			2026-09-12	2026-09-12	0	0	1	0	0	0
vill.kosugemura.lg.jp			2026-09-12	2026-09-12	0	0	1	0	0	0
vill.kosugemura.yamanashi.jp			2026-09-12	2026-09-12	0	0	1	0	0	0
vill.kosugeson.jp			2026-09-12	2026-09-12	0	0	1	0	0	0
vill.kosugeson.lg.jp			2026-09-12	2026-09-12	0	0	1	0	0	0
vill.kosugeson.yamanashi.jp			2026-09-12	2026-09-12	0	0	1	0	0	0
vill.kozushima.jp			2026-09-11	2026-09-11	0	0	1	0	0	0
vill.kozushima.lg.jp			2026-09-11	2026-09-11	0	0	1	0	0	0
vill.kozushima.tokyo.jp			2026-09-11	2026-09-11	0	0	1	0	0	0
vill.kozushimamura.jp			2026-09-11	2026-09-11	0	0	1	0	0	0
vill.kozushimamura.lg.jp			2026-09-11	2026-09-11	0	0	1	0	0	0
vill.kozushimamura.tokyo.jp			2026-09-11	2026-09-11	0	0	1	0	0	0
vill.kozushimason.jp			2026-09-11	2026-09-11	0	0	1	0	0	0
vill.kozushimason.lg.jp			2026-09-11	2026-09-11	0	0	1	0	0	0
vill.kozushimason.tokyo.jp			2026-09-11	2026-09-11	0	0	1	0	0	0
vill.kuma.jp			2026-09-20	2026-09-20	0	0	4	0	0	0
vill.kuma.kumamoto.jp			2026-09-20	2026-09-20	0	0	4	0	0	0
vill.kuma.lg.jp			2026-09-20	2026-09-20	0	0	4	0	0	0
vill.kumamoto-kuma.jp			2026-09-20	2026-09-20	0	0	4	0	0	0
vill.kumamoto-kuma.kumamoto.jp			2026-09-20	2026-09-20	0	0	4	0	0	0
vill.kumamoto-kuma.lg.jp			2026-09-20	2026-09-20	0	0	4	0	0	0
vill.kumamoto-kumamura.jp			2026-09-20	2026-09-20	0	0	4	0	0	0
vill.kumamoto-kumamura.kumamoto.jp			2026-09-20	2026-09-20	0	0	4	0	0	0
vill.kumamoto-kumamura.lg.jp			2026-09-20	2026-09-20	0	0	4	0	0	0
vill.kumamoto-kumason.jp			2026-09-20	2026-09-20	0	0	4	0	0	0
vill.kumamoto-kumason.kumamoto.jp			2026-09-20	2026-09-20	0	0	4	0	0	0
vill.kumamoto-kumason.lg.jp			2026-09-20	2026-09-20	0	0	4	0	0	0
vill.kumamoto-ubuyama.jp			2026-09-20	2026-09-20	0	0	4	0	0	0
vill.kumamoto-ubuyama.kumamoto.jp			2026-09-20	2026-09-20	0	0	4	0	0	0
vill.kumamoto-ubuyama.lg.jp			2026-09-20	2026-09-20	0	0	4	0	0	0
vill.kumamoto-ubuyamamura.jp			2026-09-20	2026-09-20	0	0	4	0	0	0
vill.kumamoto-ubuyamamura.kumamoto.jp			2026-09-20	2026-09-20	0	0	4	0	0	0
vill.kumamoto-ubuyamamura.lg.jp			2026-09-20	2026-09-20	0	0	4	0	0	0
vill.kumamoto-ubuyamason.jp			2026-09-20	2026-09-20	0	0	4	0	0	0
vill.kumamoto-ubuyamason.kumamoto.jp			2026-09-20	2026-09-20	0	0	4	0	0	0
vill.kumamoto-ubuyamason.lg.jp			2026-09-20	2026-09-20	0	0	4	0	0	0
vill.kumamura.jp			2026-09-20	2026-09-20	0	0	4	0	0	0
vill.kumamura.kumamoto.jp			2026-09-20	2026-09-20	0	0	4	0	0	0
vill.kumamura.lg.jp			2026-09-20	2026-09-20	0	0	4	0	0	0
vill.kumason.jp			2026-09-20	2026-09-20	0	0	4	0	0	0
vill.kumason.kumamoto.jp			2026-09-20	2026-09-20	0	0	4	0	0	0
vill.kumason.lg.jp			2026-09-20	2026-09-20	0	0	4	0	0	0
vill.kyokawa.jp			2026-09-11	2026-09-11	0	0	1	0	0	0
vill.kyokawa.kanagawa.jp			2026-09-11	2026-09-11	0	0	1	0	0	0
vill.kyokawa.lg.jp			2026-09-11	2026-09-11	0	0	1	0	0	0
vill.kyokawamura.jp			2026-09-11	2026-09-11	0	0	1	0	0	0
vill.kyokawamura.kanagawa.jp			2026-09-11	2026-09-11	0	0	1	0	0	0
vill.kyokawamura.lg.jp			2026-09-11	2026-09-11	0	0	1	0	0	0
vill.kyokawason.jp			2026-09-11	2026-09-11	0	0	1	0	0	0
vill.kyokawason.kanagawa.jp			2026-09-11	2026-09-11	0	0	1	0	0	0
vill.kyokawason.lg.jp			2026-09-11	2026-09-11	0	0	1	0	0	0
vill.mikurajima.jp			2026-09-11	2026-09-11	0	0	1	0	0	0
vill.mikurajima.lg.jp			2026-09-11	2026-09-11	0	0	1	0	0	0
vill.mikurajima.tokyo.jp			2026-09-11	2026-09-11	0	0	1	0	0	0
vill.mikurajimamura.jp			2026-09-11	2026-09-11	0	0	1	0	0	0
vill.mikurajimamura.lg.jp			2026-09-11	2026-09-11	0	0	1	0	0	0
vill.mikurajimamura.tokyo.jp			2026-09-11	2026-09-11	0	0	1	0	0	0
vill.mikurajimason.jp			2026-09-11	2026-09-11	0	0	1	0	0	0
vill.mikurajimason.lg.jp			2026-09-11	2026-09-11	0	0	1	0	0	0
vill.mikurajimason.tokyo.jp			2026-09-11	2026-09-11	0	0	1	0	0	0
vill.minamiaiki.jp			2026-09-12	2026-09-12	0	0	1	0	0	0
vill.minamiaiki.lg.jp			2026-09-12	2026-09-12	0	0	1	0	0	0
vill.minamiaiki.nagano.jp			2026-09-12	2026-09-12	0	0	1	0	0	0
vill.minamiaikimura.jp			2026-09-12	2026-09-12	0	0	1	0	0	0
vill.minamiaikimura.lg.jp			2026-09-12	2026-09-12	0	0	1	0	0	0
vill.minamiaikimura.nagano.jp			2026-09-12	2026-09-12	0	0	1	0	0	0
vill.minamiaikison.jp			2026-09-12	2026-09-12	0	0	1	0	0	0
vill.minamiaikison.lg.jp			2026-09-12	2026-09-12	0	0	1	0	0	0
vill.minamiaikison.nagano.jp			2026-09-12	2026-09-12	0	0	1	0	0	0
vill.minamimaki.jp			2026-09-12	2026-09-12	0	0	1	0	0	0
vill.minamimaki.lg.jp			2026-09-12	2026-09-12	0	0	1	0	0	0
vill.minamimaki.nagano.jp			2026-09-12	2026-09-12	0	0	1	0	0	0
vill.minamimakimura.jp			2026-09-12	2026-09-12	0	0	1	0	0	0
vill.minamimakimura.lg.jp			2026-09-12	2026-09-12	0	0	1	0	0	0
vill.minamimakimura.nagano.jp			2026-09-12	2026-09-12	0	0	1	0	0	0
vill.minamimakison.jp			2026-09-12	2026-09-12	0	0	1	0	0	0
vill.minamimakison.lg.jp			2026-09-12	2026-09-12	0	0	1	0	0	0
vill.minamimakison.nagano.jp			2026-09-12	2026-09-12	0	0	1	0	0	0
vill.mishima.jp			2026-09-20	2026-09-20	0	0	4	0	0	0
vill.mishima.kagoshima.jp			2026-09-20	2026-09-20	0	0	4	0	0	0
vill.mishima.lg.jp			2026-09-20	2026-09-20	0	0	4	0	0	0
vill.mishimamura.jp			2026-09-20	2026-09-20	0	0	4	0	0	0
vill.mishimamura.kagoshima.jp			2026-09-20	2026-09-20	0	0	4	0	0	0
vill.mishimamura.lg.jp			2026-09-20	2026-09-20	0	0	4	0	0	0
vill.mishimason.jp			2026-09-20	2026-09-20	0	0	4	0	0	0
vill.mishimason.kagoshima.jp			2026-09-20	2026-09-20	0	0	4	0	0	0
vill.mishimason.lg.jp			2026-09-20	2026-09-20	0	0	4	0	0	0
vill.nagano-hiraya.jp			2026-09-12	2026-09-12	0	0	1	0	0	0
vill.nagano-hiraya.lg.jp			2026-09-12	2026-09-12	0	0	1	0	0	0
vill.nagano-hiraya.nagano.jp			2026-09-12	2026-09-12	0	0	1	0	0	0
vill.nagano-hirayamura.jp			2026-09-12	2026-09-12	0	0	1	0	0	0
vill.nagano-hirayamura.lg.jp			2026-09-12	2026-09-12	0	0	1	0	0	0
vill.nagano-hirayamura.nagano.jp			2026-09-12	2026-09-12	0	0	1	0	0	0
vill.nagano-hirayason.jp			2026-09-12	2026-09-12	0	0	1	0	0	0
vill.nagano-hirayason.lg.jp			2026-09-12	2026-09-12	0	0	1	0	0	0
vill.nagano-hirayason.nagano.jp			2026-09-12	2026-09-12	0	0	1	0	0	0
vill.nagano-ikusaka.jp			2026-09-12	2026-09-12	0	0	1	0	0	0
vill.nagano-ikusaka.lg.jp			2026-09-12	2026-09-12	0	0	1	0	0	0
vill.nagano-ikusaka.nagano.jp			2026-09-12	2026-09-12	0	0	1	0	0	0
vill.nagano-ikusakamura.jp			2026-09-12	2026-09-12	0	0	1	0	0	0
vill.nagano-ikusakamura.lg.jp			2026-09-12	2026-09-12	0	0	1	0	0	0
vill.nagano-ikusakamura.nagano.jp			2026-09-12	2026-09-12	0	0	1	0	0	0
vill.nagano-ikusakason.jp			2026-09-12	2026-09-12	0	0	1	0	0	0
vill.nagano-ikusakason.lg.jp			2026-09-12	2026-09-12	0	0	1	0	0	0
vill.nagano-ikusakason.nagano.jp			2026-09-12	2026-09-12	0	0	1	0	0	0
vill.nagano-kitaaiki.jp			2026-09-12	2026-09-12	0	0	1	0	0	0
vill.nagano-kitaaiki.lg.jp			2026-09-12	2026-09-12	0	0	1	0	0	0
vill.nagano-kitaaiki.nagano.jp			2026-09-12	2026-09-12	0	0	1	0	0	0
vill.nagano-kitaaikimura.jp			2026-09-12	2026-09-12	0	0	1	0	0	0
vill.nagano-kitaaikimura.lg.jp			2026-09-12	2026-09-12	0	0	1	0	0	0
vill.nagano-kitaaikimura.nagano.jp			2026-09-12	2026-09-12	0	0	1	0	0	0
vill.nagano-kitaaikison.jp			2026-09-12	2026-09-12	0	0	1	0	0	0
vill.nagano-kitaaikison.lg.jp			2026-09-12	2026-09-12	0	0	1	0	0	0
vill.nagano-kitaaikison.nagano.jp			2026-09-12	2026-09-12	0	0	1	0	0	0
vill.nagano-kitaiki.jp			2026-09-12	2026-09-12	0	0	1	0	0	0
vill.nagano-kitaiki.lg.jp			2026-09-12	2026-09-12	0	0	1	0	0	0
vill.nagano-kitaiki.nagano.jp			2026-09-12	2026-09-12	0	0	1	0	0	0
vill.nagano-kitaikimura.jp			2026-09-12	2026-09-12	0	0	1	0	0	0
vill.nagano-kitaikimura.lg.jp			2026-09-12	2026-09-12	0	0	1	0	0	0
vill.nagano-kitaikimura.nagano.jp			2026-09-12	2026-09-12	0	0	1	0	0	0
vill.nagano-kitaikison.jp			2026-09-12	2026-09-12	0	0	1	0	0	0
vill.nagano-kitaikison.lg.jp			2026-09-12	2026-09-12	0	0	1	0	0	0
vill.nagano-kitaikison.nagano.jp			2026-09-12	2026-09-12	0	0	1	0	0	0
vill.nagano-minamiaiki.jp			2026-09-12	2026-09-12	0	0	1	0	0	0
vill.nagano-minamiaiki.lg.jp			2026-09-12	2026-09-12	0	0	1	0	0	0
vill.nagano-minamiaiki.nagano.jp			2026-09-12	2026-09-12	0	0	1	0	0	0
vill.nagano-minamiaikimura.jp			2026-09-12	2026-09-12	0	0	1	0	0	0
vill.nagano-minamiaikimura.lg.jp			2026-09-12	2026-09-12	0	0	1	0	0	0
vill.nagano-minamiaikimura.nagano.jp			2026-09-12	2026-09-12	0	0	1	0	0	0
vill.nagano-minamiaikison.jp			2026-09-12	2026-09-12	0	0	1	0	0	0
vill.nagano-minamiaikison.lg.jp			2026-09-12	2026-09-12	0	0	1	0	0	0
vill.nagano-minamiaikison.nagano.jp			2026-09-12	2026-09-12	0	0	1	0	0	0
vill.nagano-minamimaki.jp			2026-09-12	2026-09-12	0	0	1	0	0	0
vill.nagano-minamimaki.lg.jp			2026-09-12	2026-09-12	0	0	1	0	0	0
vill.nagano-minamimaki.nagano.jp			2026-09-12	2026-09-12	0	0	1	0	0	0
vill.nagano-minamimakimura.jp			2026-09-12	2026-09-12	0	0	1	0	0	0
vill.nagano-minamimakimura.lg.jp			2026-09-12	2026-09-12	0	0	1	0	0	0
vill.nagano-minamimakimura.nagano.jp			2026-09-12	2026-09-12	0	0	1	0	0	0
vill.nagano-minamimakison.jp			2026-09-12	2026-09-12	0	0	1	0	0	0
vill.nagano-minamimakison.lg.jp			2026-09-12	2026-09-12	0	0	1	0	0	0
vill.nagano-minamimakison.nagano.jp			2026-09-12	2026-09-12	0	0	1	0	0	0
vill.nagano-neba.jp			2026-09-12	2026-09-12	0	0	1	0	0	0
vill.nagano-neba.lg.jp			2026-09-12	2026-09-12	0	0	1	0	0	0
vill.nagano-neba.nagano.jp			2026-09-12	2026-09-12	0	0	1	0	0	0
vill.nagano-nebamura.jp			2026-09-12	2026-09-12	0	0	1	0	0	0
vill.nagano-nebamura.lg.jp			2026-09-12	2026-09-12	0	0	1	0	0	0
vill.nagano-nebamura.nagano.jp			2026-09-12	2026-09-12	0	0	1	0	0	0
vill.nagano-nebason.jp			2026-09-12	2026-09-12	0	0	1	0	0	0
vill.nagano-nebason.lg.jp			2026-09-12	2026-09-12	0	0	1	0	0	0
vill.nagano-nebason.nagano.jp			2026-09-12	2026-09-12	0	0	1	0	0	0
vill.nagano-oshika.jp			2026-09-12	2026-09-12	0	0	1	0	0	0
vill.nagano-oshika.lg.jp			2026-09-12	2026-09-12	0	0	1	0	0	0
vill.nagano-oshika.nagano.jp			2026-09-12	2026-09-12	0	0	1	0	0	0
vill.nagano-oshikamura.jp			2026-09-12	2026-09-12	0	0	1	0	0	0
vill.nagano-oshikamura.lg.jp			2026-09-12	2026-09-12	0	0	1	0	0	0
vill.nagano-oshikamura.nagano.jp			2026-09-12	2026-09-12	0	0	1	0	0	0
vill.nagano-oshikason.jp			2026-09-12	2026-09-12	0	0	1	0	0	0
vill.nagano-oshikason.lg.jp			2026-09-12	2026-09-12	0	0	1	0	0	0
vill.nagano-oshikason.nagano.jp			2026-09-12	2026-09-12	0	0	1	0	0	0
vill.nagano-sakae.jp			2026-09-12	2026-09-12	0	0	1	0	0	0
vill.nagano-sakae.lg.jp			2026-09-12	2026-09-12	0	0	1	0	0	0
vill.nagano-sakae.nagano.jp			2026-09-12	2026-09-12	0	0	1	0	0	0
vill.nagano-sakaemura.jp			2026-09-12	2026-09-12	0	0	1	0	0	0
vill.nagano-sakaemura.lg.jp			2026-09-12	2026-09-12	0	0	1	0	0	0
vill.nagano-sakaemura.nagano.jp			2026-09-12	2026-09-12	0	0	1	0	0	0
vill.nagano-sakaeson.jp			2026-09-12	2026-09-12	0	0	1	0	0	0
vill.nagano-sakaeson.lg.jp			2026-09-12	2026-09-12	0	0	1	0	0	0
vill.nagano-sakaeson.nagano.jp			2026-09-12	2026-09-12	0	0	1	0	0	0
vill.nagano-shimojo.jp			2026-09-12	2026-09-12	0	0	2	0	0	0
vill.nagano-shimojo.lg.jp			2026-09-12	2026-09-12	0	0	2	0	0	0
vill.nagano-shimojo.nagano.jp			2026-09-12	2026-09-12	0	0	2	0	0	0
vill.nagano-shimojomura.jp			2026-09-12	2026-09-12	0	0	2	0	0	0
vill.nagano-shimojomura.lg.jp			2026-09-12	2026-09-12	0	0	2	0	0	0
vill.nagano-shimojomura.nagano.jp			2026-09-12	2026-09-12	0	0	2	0	0	0
vill.nagano-shimojoson.jp			2026-09-12	2026-09-12	0	0	2	0	0	0
vill.nagano-shimojoson.lg.jp			2026-09-12	2026-09-12	0	0	2	0	0	0
vill.nagano-shimojoson.nagano.jp			2026-09-12	2026-09-12	0	0	2	0	0	0
vill.nagano-tenryu.jp			2026-09-12	2026-09-12	0	0	1	0	0	0
vill.nagano-tenryu.lg.jp			2026-09-12	2026-09-12	0	0	1	0	0	0
vill.nagano-tenryu.nagano.jp			2026-09-12	2026-09-12	0	0	1	0	0	0
vill.nagano-tenryumura.jp			2026-09-12	2026-09-12	0	0	1	0	0	0
vill.nagano-tenryumura.lg.jp			2026-09-12	2026-09-12	0	0	1	0	0	0
vill.nagano-tenryumura.nagano.jp			2026-09-12	2026-09-12	0	0	1	0	0	0
vill.nagano-tenryuson.jp			2026-09-12	2026-09-12	0	0	1	0	0	0
vill.nagano-tenryuson.lg.jp			2026-09-12	2026-09-12	0	0	1	0	0	0
vill.nagano-tenryuson.nagano.jp			2026-09-12	2026-09-12	0	0	1	0	0	0
vill.nagano-urugi.jp			2026-09-12	2026-09-12	0	0	1	0	0	0
vill.nagano-urugi.lg.jp			2026-09-12	2026-09-12	0	0	1	0	0	0
vill.nagano-urugi.nagano.jp			2026-09-12	2026-09-12	0	0	1	0	0	0
vill.nagano-urugimura.jp			2026-09-12	2026-09-12	0	0	1	0	0	0
vill.nagano-urugimura.lg.jp			2026-09-12	2026-09-12	0	0	1	0	0	0
vill.nagano-urugimura.nagano.jp			2026-09-12	2026-09-12	0	0	1	0	0	0
vill.nagano-urugison.jp			2026-09-12	2026-09-12	0	0	1	0	0	0
vill.nagano-urugison.lg.jp			2026-09-12	2026-09-12	0	0	1	0	0	0
vill.nagano-urugison.nagano.jp			2026-09-12	2026-09-12	0	0	1	0	0	0
vill.nakajima.fukushima.jp			2026-09-12	2026-09-12	0	0	2	0	0	0
vill.nakajima.lg.jp			2026-09-12	2026-09-12	0	0	2	0	0	0
vill.nakajimamura.fukushima.jp			2026-09-12	2026-09-12	0	0	2	0	0	0
vill.nakajimamura.jp			2026-09-12	2026-09-12	0	0	2	0	0	0
vill.nakajimamura.lg.jp			2026-09-12	2026-09-12	0	0	2	0	0	0
vill.nakajimason.fukushima.jp			2026-09-12	2026-09-12	0	0	2	0	0	0
vill.nakajimason.jp			2026-09-12	2026-09-12	0	0	2	0	0	0
vill.nakajimason.lg.jp			2026-09-12	2026-09-12	0	0	2	0	0	0
vill.nammoku.gumma.jp			2026-09-12	2026-09-12	0	0	1	0	0	0
vill.nammoku.gunma.jp			2026-09-12	2026-09-12	0	0	1	0	0	0
vill.nammoku.jp			2026-09-12	2026-09-12	0	0	1	0	0	0
vill.nammoku.lg.jp			2026-09-12	2026-09-12	0	0	1	0	0	0
vill.nammokumura.gumma.jp			2026-09-12	2026-09-12	0	0	1	0	0	0
vill.nammokumura.gunma.jp			2026-09-12	2026-09-12	0	0	1	0	0	0
vill.nammokumura.jp			2026-09-12	2026-09-12	0	0	1	0	0	0
vill.nammokumura.lg.jp			2026-09-12	2026-09-12	0	0	1	0	0	0
vill.nammokuson.gumma.jp			2026-09-12	2026-09-12	0	0	1	0	0	0
vill.nammokuson.gunma.jp			2026-09-12	2026-09-12	0	0	1	0	0	0
vill.nammokuson.jp			2026-09-12	2026-09-12	0	0	1	0	0	0
vill.nammokuson.lg.jp			2026-09-12	2026-09-12	0	0	1	0	0	0
vill.nara-asuka.jp			2026-09-12	2026-09-12	0	0	1	0	0	0
vill.nara-asuka.lg.jp			2026-09-12	2026-09-12	0	0	1	0	0	0
vill.nara-asuka.nara.jp			2026-09-12	2026-09-12	0	0	1	0	0	0
vill.nara-asukamura.jp			2026-09-12	2026-09-12	0	0	1	0	0	0
vill.nara-asukamura.lg.jp			2026-09-12	2026-09-12	0	0	1	0	0	0
vill.nara-asukamura.nara.jp			2026-09-12	2026-09-12	0	0	1	0	0	0
vill.nara-asukason.jp			2026-09-12	2026-09-12	0	0	1	0	0	0
vill.nara-asukason.lg.jp			2026-09-12	2026-09-12	0	0	1	0	0	0
vill.nara-asukason.nara.jp			2026-09-12	2026-09-12	0	0	1	0	0	0
vill.neba.jp			2026-09-12	2026-09-12	0	0	1	0	0	0
vill.neba.lg.jp			2026-09-12	2026-09-12	0	0	1	0	0	0
vill.neba.nagano.jp			2026-09-12	2026-09-12	0	0	1	0	0	0
vill.nebamura.jp			2026-09-12	2026-09-12	0	0	1	0	0	0
vill.nebamura.lg.jp			2026-09-12	2026-09-12	0	0	1	0	0	0
vill.nebamura.nagano.jp			2026-09-12	2026-09-12	0	0	1	0	0	0
vill.nebason.jp			2026-09-12	2026-09-12	0	0	1	0	0	0
vill.nebason.lg.jp			2026-09-12	2026-09-12	0	0	1	0	0	0
vill.nebason.nagano.jp			2026-09-12	2026-09-12	0	0	1	0	0	0
vill.niigata-kariwa.jp			2026-09-12	2026-09-12	0	0	2	0	0	0
vill.niigata-kariwa.lg.jp			2026-09-12	2026-09-12	0	0	2	0	0	0
vill.niigata-kariwa.niigata.jp			2026-09-12	2026-09-12	0	0	2	0	0	0
vill.niigata-kariwamura.jp			2026-09-12	2026-09-12	0	0	2	0	0	0
vill.niigata-kariwamura.lg.jp			2026-09-12	2026-09-12	0	0	2	0	0	0
vill.niigata-kariwamura.niigata.jp			2026-09-12	2026-09-12	0	0	2	0	0	0
vill.niigata-kariwason.jp			2026-09-12	2026-09-12	0	0	2	0	0	0
vill.niigata-kariwason.lg.jp			2026-09-12	2026-09-12	0	0	2	0	0	0
vill.niigata-kariwason.niigata.jp			2026-09-12	2026-09-12	0	0	2	0	0	0
vill.niigata-sekikawa.jp			2026-09-12	2026-09-12	0	0	1	0	0	0
vill.niigata-sekikawa.lg.jp			2026-09-12	2026-09-12	0	0	1	0	0	0
vill.niigata-sekikawa.niigata.jp			2026-09-12	2026-09-12	0	0	1	0	0	0
vill.niigata-sekikawamura.jp			2026-09-12	2026-09-12	0	0	1	0	0	0
vill.niigata-sekikawamura.lg.jp			2026-09-12	2026-09-12	0	0	1	0	0	0
vill.niigata-sekikawamura.niigata.jp			2026-09-12	2026-09-12	0	0	1	0	0	0
vill.niigata-sekikawason.jp			2026-09-12	2026-09-12	0	0	1	0	0	0
vill.niigata-sekikawason.lg.jp			2026-09-12	2026-09-12	0	0	1	0	0	0
vill.niigata-sekikawason.niigata.jp			2026-09-12	2026-09-12	0	0	1	0	0	0
vill.niijima.jp			2026-09-11	2026-09-11	0	0	1	0	0	0
vill.niijima.lg.jp			2026-09-11	2026-09-11	0	0	1	0	0	0
vill.niijima.tokyo.jp			2026-09-11	2026-09-11	0	0	1	0	0	0
vill.niijimamura.jp			2026-09-11	2026-09-11	0	0	1	0	0	0
vill.niijimamura.lg.jp			2026-09-11	2026-09-11	0	0	1	0	0	0
vill.niijimamura.tokyo.jp			2026-09-11	2026-09-11	0	0	1	0	0	0
vill.niijimason.jp			2026-09-11	2026-09-11	0	0	1	0	0	0
vill.niijimason.lg.jp			2026-09-11	2026-09-11	0	0	1	0	0	0
vill.niijimason.tokyo.jp			2026-09-11	2026-09-11	0	0	1	0	0	0
vill.nijima.jp			2026-09-11	2026-09-11	0	0	1	0	0	0
vill.nijima.lg.jp			2026-09-11	2026-09-11	0	0	1	0	0	0
vill.nijima.tokyo.jp			2026-09-11	2026-09-11	0	0	1	0	0	0
vill.nijimamura.jp			2026-09-11	2026-09-11	0	0	1	0	0	0
vill.nijimamura.lg.jp			2026-09-11	2026-09-11	0	0	1	0	0	0
vill.nijimamura.tokyo.jp			2026-09-11	2026-09-11	0	0	1	0	0	0
vill.nijimason.jp			2026-09-11	2026-09-11	0	0	1	0	0	0
vill.nijimason.lg.jp			2026-09-11	2026-09-11	0	0	1	0	0	0
vill.nijimason.tokyo.jp			2026-09-11	2026-09-11	0	0	1	0	0	0
vill.oita-himeshima.jp			2026-09-19	2026-09-19	0	0	8	0	0	0
vill.oita-himeshima.lg.jp			2026-09-19	2026-09-19	0	0	8	0	0	0
vill.oita-himeshima.oita.jp			2026-09-19	2026-09-19	0	0	8	0	0	0
vill.oita-himeshimamura.jp			2026-09-19	2026-09-19	0	0	8	0	0	0
vill.oita-himeshimamura.lg.jp			2026-09-19	2026-09-19	0	0	8	0	0	0
vill.oita-himeshimamura.oita.jp			2026-09-19	2026-09-19	0	0	8	0	0	0
vill.oita-himeshimason.jp			2026-09-19	2026-09-19	0	0	8	0	0	0
vill.oita-himeshimason.lg.jp			2026-09-19	2026-09-19	0	0	8	0	0	0
vill.oita-himeshimason.oita.jp			2026-09-19	2026-09-19	0	0	8	0	0	0
vill.oshika.jp			2026-09-12	2026-09-12	0	0	1	0	0	0
vill.oshika.lg.jp			2026-09-12	2026-09-12	0	0	1	0	0	0
vill.oshika.nagano.jp			2026-09-12	2026-09-12	0	0	1	0	0	0
vill.oshikamura.jp			2026-09-12	2026-09-12	0	0	1	0	0	0
vill.oshikamura.lg.jp			2026-09-12	2026-09-12	0	0	1	0	0	0
vill.oshikamura.nagano.jp			2026-09-12	2026-09-12	0	0	1	0	0	0
vill.oshikason.jp			2026-09-12	2026-09-12	0	0	1	0	0	0
vill.oshikason.lg.jp			2026-09-12	2026-09-12	0	0	1	0	0	0
vill.oshikason.nagano.jp			2026-09-12	2026-09-12	0	0	1	0	0	0
vill.sakae.jp			2026-09-12	2026-09-12	0	0	1	0	0	0
vill.sakae.lg.jp			2026-09-12	2026-09-12	0	0	1	0	0	0
vill.sakae.nagano.jp			2026-09-12	2026-09-12	0	0	1	0	0	0
vill.sakaemura.jp			2026-09-12	2026-09-12	0	0	1	0	0	0
vill.sakaemura.lg.jp			2026-09-12	2026-09-12	0	0	1	0	0	0
vill.sakaemura.nagano.jp			2026-09-12	2026-09-12	0	0	1	0	0	0
vill.sakaeson.jp			2026-09-12	2026-09-12	0	0	1	0	0	0
vill.sakaeson.lg.jp			2026-09-12	2026-09-12	0	0	1	0	0	0
vill.sakaeson.nagano.jp			2026-09-12	2026-09-12	0	0	1	0	0	0
vill.sekikawa.jp			2026-09-12	2026-09-12	0	0	1	0	0	0
vill.sekikawa.lg.jp			2026-09-12	2026-09-12	0	0	1	0	0	0
vill.sekikawa.niigata.jp			2026-09-12	2026-09-12	0	0	1	0	0	0
vill.sekikawamura.jp			2026-09-12	2026-09-12	0	0	1	0	0	0
vill.sekikawamura.lg.jp			2026-09-12	2026-09-12	0	0	1	0	0	0
vill.sekikawamura.niigata.jp			2026-09-12	2026-09-12	0	0	1	0	0	0
vill.sekikawason.jp			2026-09-12	2026-09-12	0	0	1	0	0	0
vill.sekikawason.lg.jp			2026-09-12	2026-09-12	0	0	1	0	0	0
vill.sekikawason.niigata.jp			2026-09-12	2026-09-12	0	0	1	0	0	0
vill.shimojo.jp			2026-09-12	2026-09-12	0	0	2	0	0	0
vill.shimojo.lg.jp			2026-09-12	2026-09-12	0	0	2	0	0	0
vill.shimojo.nagano.jp			2026-09-12	2026-09-12	0	0	2	0	0	0
vill.shimojomura.jp			2026-09-12	2026-09-12	0	0	2	0	0	0
vill.shimojomura.lg.jp			2026-09-12	2026-09-12	0	0	2	0	0	0
vill.shimojomura.nagano.jp			2026-09-12	2026-09-12	0	0	2	0	0	0
vill.shimojoson.jp			2026-09-12	2026-09-12	0	0	2	0	0	0
vill.shimojoson.lg.jp			2026-09-12	2026-09-12	0	0	2	0	0	0
vill.shimojoson.nagano.jp			2026-09-12	2026-09-12	0	0	2	0	0	0
vill.shinto.gumma.jp			2026-09-12	2026-09-12	0	0	1	0	0	0
vill.shinto.jp			2026-09-12	2026-09-12	0	0	1	0	0	0
vill.shinto.lg.jp			2026-09-12	2026-09-12	0	0	1	0	0	0
vill.shintomura.gumma.jp			2026-09-12	2026-09-12	0	0	1	0	0	0
vill.shintomura.jp			2026-09-12	2026-09-12	0	0	1	0	0	0
vill.shintomura.lg.jp			2026-09-12	2026-09-12	0	0	1	0	0	0
vill.shintoson.gumma.jp			2026-09-12	2026-09-12	0	0	1	0	0	0
vill.shintoson.jp			2026-09-12	2026-09-12	0	0	1	0	0	0
vill.shintoson.lg.jp			2026-09-12	2026-09-12	0	0	1	0	0	0
vill.showa.gumma.jp			2026-09-12	2026-09-12	0	0	1	0	0	0
vill.showa.jp			2026-09-12	2026-09-12	0	0	1	0	0	0
vill.showa.lg.jp			2026-09-12	2026-09-12	0	0	1	0	0	0
vill.showamura.gumma.jp			2026-09-12	2026-09-12	0	0	1	0	0	0
vill.showamura.jp			2026-09-12	2026-09-12	0	0	1	0	0	0
vill.showamura.lg.jp			2026-09-12	2026-09-12	0	0	1	0	0	0
vill.showason.gumma.jp			2026-09-12	2026-09-12	0	0	1	0	0	0
vill.showason.jp			2026-09-12	2026-09-12	0	0	1	0	0	0
vill.showason.lg.jp			2026-09-12	2026-09-12	0	0	1	0	0	0
vill.takayama.gumma.jp			2026-09-12	2026-09-12	0	0	1	0	0	0
vill.takayama.jp			2026-09-12	2026-09-12	0	0	1	0	0	0
vill.takayama.lg.jp			2026-09-12	2026-09-12	0	0	1	0	0	0
vill.takayamamura.gumma.jp			2026-09-12	2026-09-12	0	0	1	0	0	0
vill.takayamamura.jp			2026-09-12	2026-09-12	0	0	1	0	0	0
vill.takayamamura.lg.jp			2026-09-12	2026-09-12	0	0	1	0	0	0
vill.takayamason.gumma.jp			2026-09-12	2026-09-12	0	0	1	0	0	0
vill.takayamason.jp			2026-09-12	2026-09-12	0	0	1	0	0	0
vill.takayamason.lg.jp			2026-09-12	2026-09-12	0	0	1	0	0	0
vill.tenryu.jp			2026-09-12	2026-09-12	0	0	1	0	0	0
vill.tenryu.lg.jp			2026-09-12	2026-09-12	0	0	1	0	0	0
vill.tenryu.nagano.jp			2026-09-12	2026-09-12	0	0	1	0	0	0
vill.tenryumura.jp			2026-09-12	2026-09-12	0	0	1	0	0	0
vill.tenryumura.lg.jp			2026-09-12	2026-09-12	0	0	1	0	0	0
vill.tenryumura.nagano.jp			2026-09-12	2026-09-12	0	0	1	0	0	0
vill.tenryuson.jp			2026-09-12	2026-09-12	0	0	1	0	0	0
vill.tenryuson.lg.jp			2026-09-12	2026-09-12	0	0	1	0	0	0
vill.tenryuson.nagano.jp			2026-09-12	2026-09-12	0	0	1	0	0	0
vill.toho.fukuoka.jp			2026-09-19	2026-09-19	0	0	8	0	0	0
vill.toho.jp			2026-09-19	2026-09-19	0	0	8	0	0	0
vill.toho.lg.jp			2026-09-19	2026-09-19	0	0	8	0	0	0
vill.tohomura.fukuoka.jp			2026-09-19	2026-09-19	0	0	8	0	0	0
vill.tohomura.jp			2026-09-19	2026-09-19	0	0	8	0	0	0
vill.tohomura.lg.jp			2026-09-19	2026-09-19	0	0	8	0	0	0
vill.tohoson.fukuoka.jp			2026-09-19	2026-09-19	0	0	8	0	0	0
vill.tohoson.jp			2026-09-19	2026-09-19	0	0	8	0	0	0
vill.tohoson.lg.jp			2026-09-19	2026-09-19	0	0	8	0	0	0
vill.tokyo-kozushima.jp			2026-09-11	2026-09-11	0	0	1	0	0	0
vill.tokyo-kozushima.lg.jp			2026-09-11	2026-09-11	0	0	1	0	0	0
vill.tokyo-kozushima.tokyo.jp			2026-09-11	2026-09-11	0	0	1	0	0	0
vill.tokyo-kozushimamura.jp			2026-09-11	2026-09-11	0	0	1	0	0	0
vill.tokyo-kozushimamura.lg.jp			2026-09-11	2026-09-11	0	0	1	0	0	0
vill.tokyo-kozushimamura.tokyo.jp			2026-09-11	2026-09-11	0	0	1	0	0	0
vill.tokyo-kozushimason.jp			2026-09-11	2026-09-11	0	0	1	0	0	0
vill.tokyo-kozushimason.lg.jp			2026-09-11	2026-09-11	0	0	1	0	0	0
vill.tokyo-kozushimason.tokyo.jp			2026-09-11	2026-09-11	0	0	1	0	0	0
vill.tokyo-mikurajima.jp			2026-09-11	2026-09-11	0	0	1	0	0	0
vill.tokyo-mikurajima.lg.jp			2026-09-11	2026-09-11	0	0	1	0	0	0
vill.tokyo-mikurajima.tokyo.jp			2026-09-11	2026-09-11	0	0	1	0	0	0
vill.tokyo-mikurajimamura.jp			2026-09-11	2026-09-11	0	0	1	0	0	0
vill.tokyo-mikurajimamura.lg.jp			2026-09-11	2026-09-11	0	0	1	0	0	0
vill.tokyo-mikurajimamura.tokyo.jp			2026-09-11	2026-09-11	0	0	1	0	0	0
vill.tokyo-mikurajimason.jp			2026-09-11	2026-09-11	0	0	1	0	0	0
vill.tokyo-mikurajimason.lg.jp			2026-09-11	2026-09-11	0	0	1	0	0	0
vill.tokyo-mikurajimason.tokyo.jp			2026-09-11	2026-09-11	0	0	1	0	0	0
vill.tokyo-niijima.jp			2026-09-11	2026-09-11	0	0	1	0	0	0
vill.tokyo-niijima.lg.jp			2026-09-11	2026-09-11	0	0	1	0	0	0
vill.tokyo-niijima.tokyo.jp			2026-09-11	2026-09-11	0	0	1	0	0	0
vill.tokyo-niijimamura.jp			2026-09-11	2026-09-11	0	0	1	0	0	0
vill.tokyo-niijimamura.lg.jp			2026-09-11	2026-09-11	0	0	1	0	0	0
vill.tokyo-niijimamura.tokyo.jp			2026-09-11	2026-09-11	0	0	1	0	0	0
vill.tokyo-niijimason.jp			2026-09-11	2026-09-11	0	0	1	0	0	0
vill.tokyo-niijimason.lg.jp			2026-09-11	2026-09-11	0	0	1	0	0	0
vill.tokyo-niijimason.tokyo.jp			2026-09-11	2026-09-11	0	0	1	0	0	0
vill.tokyo-nijima.jp			2026-09-11	2026-09-11	0	0	1	0	0	0
vill.tokyo-nijima.lg.jp			2026-09-11	2026-09-11	0	0	1	0	0	0
vill.tokyo-nijima.tokyo.jp			2026-09-11	2026-09-11	0	0	1	0	0	0
vill.tokyo-nijimamura.jp			2026-09-11	2026-09-11	0	0	1	0	0	0
vill.tokyo-nijimamura.lg.jp			2026-09-11	2026-09-11	0	0	1	0	0	0
vill.tokyo-nijimamura.tokyo.jp			2026-09-11	2026-09-11	0	0	1	0	0	0
vill.tokyo-nijimason.jp			2026-09-11	2026-09-11	0	0	1	0	0	0
vill.tokyo-nijimason.lg.jp			2026-09-11	2026-09-11	0	0	1	0	0	0
vill.tokyo-nijimason.tokyo.jp			2026-09-11	2026-09-11	0	0	1	0	0	0
vill.tokyo-toshima.jp			2026-09-11	2026-09-11	0	0	1	0	0	0
vill.tokyo-toshima.lg.jp			2026-09-11	2026-09-11	0	0	1	0	0	0
vill.tokyo-toshima.tokyo.jp			2026-09-11	2026-09-11	0	0	1	0	0	0
vill.tokyo-toshimamura.jp			2026-09-11	2026-09-11	0	0	1	0	0	0
vill.tokyo-toshimamura.lg.jp			2026-09-11	2026-09-11	0	0	1	0	0	0
vill.tokyo-toshimamura.tokyo.jp			2026-09-11	2026-09-11	0	0	1	0	0	0
vill.tokyo-toshimason.jp			2026-09-11	2026-09-11	0	0	1	0	0	0
vill.tokyo-toshimason.lg.jp			2026-09-11	2026-09-11	0	0	1	0	0	0
vill.tokyo-toshimason.tokyo.jp			2026-09-11	2026-09-11	0	0	1	0	0	0
vill.toshima.jp			2026-09-11	2026-09-20	0	0	5	0	0	0
vill.toshima.kagoshima.jp			2026-09-20	2026-09-20	0	0	4	0	0	0
vill.toshima.lg.jp			2026-09-11	2026-09-20	0	0	5	0	0	0
vill.toshima.tokyo.jp			2026-09-11	2026-09-11	0	0	1	0	0	0
vill.toshimamura.jp			2026-09-11	2026-09-20	0	0	5	0	0	0
vill.toshimamura.kagoshima.jp			2026-09-20	2026-09-20	0	0	4	0	0	0
vill.toshimamura.lg.jp			2026-09-11	2026-09-20	0	0	5	0	0	0
vill.toshimamura.tokyo.jp			2026-09-11	2026-09-11	0	0	1	0	0	0
vill.toshimason.jp			2026-09-11	2026-09-20	0	0	5	0	0	0
vill.toshimason.kagoshima.jp			2026-09-20	2026-09-20	0	0	4	0	0	0
vill.toshimason.lg.jp			2026-09-11	2026-09-20	0	0	5	0	0	0
vill.toshimason.tokyo.jp			2026-09-11	2026-09-11	0	0	1	0	0	0
vill.toyooka.jp			2026-09-12	2026-09-12	0	0	1	0	0	0
vill.toyooka.lg.jp			2026-09-12	2026-09-12	0	0	1	0	0	0
vill.toyooka.nagano.jp			2026-09-12	2026-09-12	0	0	1	0	0	0
vill.tsumagoi.gumma.jp			2026-09-12	2026-09-12	0	0	1	0	0	0
vill.tsumagoi.jp			2026-09-12	2026-09-12	0	0	1	0	0	0
vill.tsumagoi.lg.jp			2026-09-12	2026-09-12	0	0	1	0	0	0
vill.tsumagoimura.gumma.jp			2026-09-12	2026-09-12	0	0	1	0	0	0
vill.tsumagoimura.jp			2026-09-12	2026-09-12	0	0	1	0	0	0
vill.tsumagoimura.lg.jp			2026-09-12	2026-09-12	0	0	1	0	0	0
vill.tsumagoison.gumma.jp			2026-09-12	2026-09-12	0	0	1	0	0	0
vill.tsumagoison.jp			2026-09-12	2026-09-12	0	0	1	0	0	0
vill.tsumagoison.lg.jp			2026-09-12	2026-09-12	0	0	1	0	0	0
vill.ubuyama.jp			2026-09-20	2026-09-20	0	0	4	0	0	0
vill.ubuyama.kumamoto.jp			2026-09-20	2026-09-20	0	0	4	0	0	0
vill.ubuyama.lg.jp			2026-09-20	2026-09-20	0	0	4	0	0	0
vill.ubuyamamura.jp			2026-09-20	2026-09-20	0	0	4	0	0	0
vill.ubuyamamura.kumamoto.jp			2026-09-20	2026-09-20	0	0	4	0	0	0
vill.ubuyamamura.lg.jp			2026-09-20	2026-09-20	0	0	4	0	0	0
vill.ubuyamason.jp			2026-09-20	2026-09-20	0	0	4	0	0	0
vill.ubuyamason.kumamoto.jp			2026-09-20	2026-09-20	0	0	4	0	0	0
vill.ubuyamason.lg.jp			2026-09-20	2026-09-20	0	0	4	0	0	0
vill.ueno.gumma.jp			2026-09-12	2026-09-12	0	0	1	0	0	0
vill.ueno.gunma.jp			2026-09-12	2026-09-12	0	0	1	0	0	0
vill.ueno.jp			2026-09-12	2026-09-12	0	0	1	0	0	0
vill.ueno.lg.jp			2026-09-12	2026-09-12	0	0	1	0	0	0
vill.uenomura.gumma.jp			2026-09-12	2026-09-12	0	0	1	0	0	0
vill.uenomura.gunma.jp			2026-09-12	2026-09-12	0	0	1	0	0	0
vill.uenomura.jp			2026-09-12	2026-09-12	0	0	1	0	0	0
vill.uenomura.lg.jp			2026-09-12	2026-09-12	0	0	1	0	0	0
vill.uenoson.gumma.jp			2026-09-12	2026-09-12	0	0	1	0	0	0
vill.uenoson.gunma.jp			2026-09-12	2026-09-12	0	0	1	0	0	0
vill.uenoson.jp			2026-09-12	2026-09-12	0	0	1	0	0	0
vill.uenoson.lg.jp			2026-09-12	2026-09-12	0	0	1	0	0	0
vill.uken.kagoshima.jp			2026-09-20	2026-09-20	0	0	8	0	0	0
vill.uken.lg.jp			2026-09-20	2026-09-20	0	0	8	0	0	0
vill.ukenmura.jp			2026-09-20	2026-09-20	0	0	8	0	0	0
vill.ukenmura.kagoshima.jp			2026-09-20	2026-09-20	0	0	8	0	0	0
vill.ukenmura.lg.jp			2026-09-20	2026-09-20	0	0	8	0	0	0
vill.ukenson.jp			2026-09-20	2026-09-20	0	0	8	0	0	0
vill.ukenson.kagoshima.jp			2026-09-20	2026-09-20	0	0	8	0	0	0
vill.ukenson.lg.jp			2026-09-20	2026-09-20	0	0	8	0	0	0
vill.urugi.jp			2026-09-12	2026-09-12	0	0	1	0	0	0
vill.urugi.lg.jp			2026-09-12	2026-09-12	0	0	1	0	0	0
vill.urugi.nagano.jp			2026-09-12	2026-09-12	0	0	1	0	0	0
vill.urugimura.jp			2026-09-12	2026-09-12	0	0	1	0	0	0
vill.urugimura.lg.jp			2026-09-12	2026-09-12	0	0	1	0	0	0
vill.urugimura.nagano.jp			2026-09-12	2026-09-12	0	0	1	0	0	0
vill.urugison.jp			2026-09-12	2026-09-12	0	0	1	0	0	0
vill.urugison.lg.jp			2026-09-12	2026-09-12	0	0	1	0	0	0
vill.urugison.nagano.jp			2026-09-12	2026-09-12	0	0	1	0	0	0
vill.yamanashi-doshi.jp			2026-09-12	2026-09-12	0	0	1	0	0	0
vill.yamanashi-doshi.lg.jp			2026-09-12	2026-09-12	0	0	1	0	0	0
vill.yamanashi-doshi.yamanashi.jp			2026-09-12	2026-09-12	0	0	1	0	0	0
vill.yamanashi-doshimura.jp			2026-09-12	2026-09-12	0	0	1	0	0	0
vill.yamanashi-doshimura.lg.jp			2026-09-12	2026-09-12	0	0	1	0	0	0
vill.yamanashi-doshimura.yamanashi.jp			2026-09-12	2026-09-12	0	0	1	0	0	0
vill.yamanashi-doshison.jp			2026-09-12	2026-09-12	0	0	1	0	0	0
vill.yamanashi-doshison.lg.jp			2026-09-12	2026-09-12	0	0	1	0	0	0
vill.yamanashi-doshison.yamanashi.jp			2026-09-12	2026-09-12	0	0	1	0	0	0
vill.yamanashi-kosuge.jp			2026-09-12	2026-09-12	0	0	1	0	0	0
vill.yamanashi-kosuge.lg.jp			2026-09-12	2026-09-12	0	0	1	0	0	0
vill.yamanashi-kosuge.yamanashi.jp			2026-09-12	2026-09-12	0	0	1	0	0	0
vill.yamanashi-kosugemura.jp			2026-09-12	2026-09-12	0	0	1	0	0	0
vill.yamanashi-kosugemura.lg.jp			2026-09-12	2026-09-12	0	0	1	0	0	0
vill.yamanashi-kosugemura.yamanashi.jp			2026-09-12	2026-09-12	0	0	1	0	0	0
vill.yamanashi-kosugeson.jp			2026-09-12	2026-09-12	0	0	1	0	0	0
vill.yamanashi-kosugeson.lg.jp			2026-09-12	2026-09-12	0	0	1	0	0	0
vill.yamanashi-kosugeson.yamanashi.jp			2026-09-12	2026-09-12	0	0	1	0	0	0
www.aoki-kanko.com			2026-09-12	2026-09-12	0	0	2	0	0	0
www.aokikanko.com			2026-09-12	2026-09-12	0	0	2	0	0	0
www.ashiya-kankou.com			2026-09-19	2026-09-19	0	2	6	0	0	0
www.city.abiko.lg.jp			2026-09-11	2026-09-11	0	0	1	0	0	0
www.city.adachi.lg.jp			2026-09-11	2026-09-11	0	0	1	0	0	0
www.city.agano.lg.jp			2026-09-12	2026-09-12	0	0	1	0	0	0
www.city.aichi-gamagoori.aichi.jp			2026-09-08	2026-09-08	0	0	1	0	0	0
www.city.aichi-gamagoori.jp			2026-09-08	2026-09-08	0	0	1	0	0	0
www.city.aichi-gamagoori.lg.jp			2026-09-08	2026-09-08	0	0	1	0	0	0
www.city.aichi-gamagoorishi.aichi.jp			2026-09-12	2026-09-12	0	0	1	0	0	0
www.city.aichi-gamagoorishi.jp			2026-09-12	2026-09-12	0	0	1	0	0	0
www.city.aichi-gamagoorishi.lg.jp			2026-09-12	2026-09-12	0	0	1	0	0	0
www.city.aichi-nagoya.aichi.jp			2026-09-08	2026-09-08	0	0	1	0	0	0
www.city.aichi-nagoya.lg.jp			2026-09-08	2026-09-08	0	0	1	0	0	0
www.city.aizuwakamatsu.lg.jp			2026-09-12	2026-09-12	0	0	1	0	0	0
www.city.akiruno.lg.jp			2026-09-11	2026-09-11	0	0	1	0	0	0
www.city.ama.lg.jp			2026-09-08	2026-09-08	0	0	1	0	0	0
www.city.amakusa.lg.jp			2026-09-20	2026-09-20	0	0	2	0	0	0
www.city.anjo.lg.jp			2026-09-08	2026-09-08	0	0	1	0	0	0
www.city.arakawa.lg.jp			2026-09-11	2026-09-11	0	0	1	0	0	0
www.city.ashikaga.chigi.jp			2026-09-11	2026-09-11	0	0	1	0	0	0
www.city.ashikaga.jp			2026-09-11	2026-09-11	0	0	1	0	0	0
www.city.ashikaga.lg.jp			2026-09-11	2026-09-11	0	0	1	0	0	0
www.city.ashikagashi.chigi.jp			2026-09-11	2026-09-11	0	0	1	0	0	0
www.city.ashikagashi.jp			2026-09-11	2026-09-11	0	0	1	0	0	0
www.city.ashikagashi.lg.jp			2026-09-11	2026-09-11	0	0	1	0	0	0
www.city.aso.lg.jp			2026-09-20	2026-09-20	0	0	2	0	0	0
www.city.atsugi.lg.jp			2026-09-11	2026-09-11	0	0	1	0	0	0
www.city.ayase.lg.jp			2026-09-11	2026-09-11	0	0	1	0	0	0
www.city.azumino.lg.jp			2026-09-12	2026-09-12	0	0	1	0	0	0
www.city.beppu.lg.jp			2026-09-19	2026-09-19	0	0	4	0	0	0
www.city.bungono.jp			2026-09-19	2026-09-19	0	0	8	0	0	0
www.city.bungono.lg.jp			2026-09-19	2026-09-19	0	0	8	0	0	0
www.city.bungono.oita.jp			2026-09-19	2026-09-19	0	0	8	0	0	0
www.city.bungonoshi.jp			2026-09-19	2026-09-19	0	0	8	0	0	0
www.city.bungonoshi.lg.jp			2026-09-19	2026-09-19	0	0	8	0	0	0
www.city.bungonoshi.oita.jp			2026-09-19	2026-09-19	0	0	8	0	0	0
www.city.bungoono.jp			2026-09-19	2026-09-19	0	0	8	0	0	0
www.city.bungoono.lg.jp			2026-09-19	2026-09-19	0	0	8	0	0	0
www.city.bungoono.oita.jp			2026-09-19	2026-09-19	0	0	8	0	0	0
www.city.bungoonoshi.jp			2026-09-19	2026-09-19	0	0	8	0	0	0
www.city.bungoonoshi.lg.jp			2026-09-19	2026-09-19	0	0	8	0	0	0
www.city.bungoonoshi.oita.jp			2026-09-19	2026-09-19	0	0	8	0	0	0
www.city.bungotakada.lg.jp			2026-09-19	2026-09-19	0	0	4	0	0	0
www.city.chiba.chiba.jp			2026-09-11	2026-09-11	0	0	1	0	0	0
www.city.chiba.lg.jp			2026-09-11	2026-09-11	0	0	1	0	0	0
www.city.chigasaki.lg.jp			2026-09-11	2026-09-11	0	0	1	0	0	0
www.city.chigi-ashikaga.chigi.jp			2026-09-11	2026-09-11	0	0	1	0	0	0
www.city.chigi-ashikaga.jp			2026-09-11	2026-09-11	0	0	1	0	0	0
www.city.chigi-ashikaga.lg.jp			2026-09-11	2026-09-11	0	0	1	0	0	0
www.city.chigi-ashikagashi.chigi.jp			2026-09-11	2026-09-11	0	0	1	0	0	0
www.city.chigi-ashikagashi.jp			2026-09-11	2026-09-11	0	0	1	0	0	0
www.city.chigi-ashikagashi.lg.jp			2026-09-11	2026-09-11	0	0	1	0	0	0
www.city.chigi-kanuma.chigi.jp			2026-09-11	2026-09-11	0	0	1	0	0	0
www.city.chigi-kanuma.jp			2026-09-11	2026-09-11	0	0	1	0	0	0
www.city.chigi-kanuma.lg.jp			2026-09-11	2026-09-11	0	0	1	0	0	0
www.city.chigi-kanumashi.chigi.jp			2026-09-11	2026-09-11	0	0	1	0	0	0
www.city.chigi-kanumashi.jp			2026-09-11	2026-09-11	0	0	1	0	0	0
www.city.chigi-kanumashi.lg.jp			2026-09-11	2026-09-11	0	0	1	0	0	0
www.city.chigi-mooka.chigi.jp			2026-09-11	2026-09-11	0	0	1	0	0	0
www.city.chigi-mooka.jp			2026-09-11	2026-09-11	0	0	1	0	0	0
www.city.chigi-mooka.lg.jp			2026-09-11	2026-09-11	0	0	1	0	0	0
www.city.chigi-mookashi.chigi.jp			2026-09-11	2026-09-11	0	0	1	0	0	0
www.city.chigi-mookashi.jp			2026-09-11	2026-09-11	0	0	1	0	0	0
www.city.chigi-mookashi.lg.jp			2026-09-11	2026-09-11	0	0	1	0	0	0
www.city.chigi-otawara.chigi.jp			2026-09-11	2026-09-11	0	0	1	0	0	0
www.city.chigi-otawara.jp			2026-09-11	2026-09-11	0	0	1	0	0	0
www.city.chigi-otawara.lg.jp			2026-09-11	2026-09-11	0	0	1	0	0	0
www.city.chigi-otawarashi.chigi.jp			2026-09-11	2026-09-11	0	0	1	0	0	0
www.city.chigi-otawarashi.jp			2026-09-11	2026-09-11	0	0	1	0	0	0
www.city.chigi-otawarashi.lg.jp			2026-09-11	2026-09-11	0	0	1	0	0	0
www.city.chigi-oyama.chigi.jp			2026-09-11	2026-09-11	0	0	1	0	0	0
www.city.chigi-oyama.jp			2026-09-11	2026-09-11	0	0	1	0	0	0
www.city.chigi-oyama.lg.jp			2026-09-11	2026-09-11	0	0	1	0	0	0
www.city.chigi-oyamashi.chigi.jp			2026-09-11	2026-09-11	0	0	1	0	0	0
www.city.chigi-oyamashi.jp			2026-09-11	2026-09-11	0	0	1	0	0	0
www.city.chigi-oyamashi.lg.jp			2026-09-11	2026-09-11	0	0	1	0	0	0
www.city.chigi-sakura.chigi.jp			2026-09-11	2026-09-11	0	0	1	0	0	0
www.city.chigi-sakura.jp			2026-09-11	2026-09-11	0	0	1	0	0	0
www.city.chigi-sakura.lg.jp			2026-09-11	2026-09-11	0	0	1	0	0	0
www.city.chigi-sakurashi.chigi.jp			2026-09-11	2026-09-11	0	0	1	0	0	0
www.city.chigi-sakurashi.jp			2026-09-11	2026-09-11	0	0	1	0	0	0
www.city.chigi-sakurashi.lg.jp			2026-09-11	2026-09-11	0	0	1	0	0	0
www.city.chigi-yaita.chigi.jp			2026-09-11	2026-09-11	0	0	1	0	0	0
www.city.chigi-yaita.jp			2026-09-11	2026-09-11	0	0	1	0	0	0
www.city.chigi-yaita.lg.jp			2026-09-11	2026-09-11	0	0	1	0	0	0
www.city.chigi-yaitashi.chigi.jp			2026-09-11	2026-09-11	0	0	1	0	0	0
www.city.chigi-yaitashi.jp			2026-09-11	2026-09-11	0	0	1	0	0	0
www.city.chigi-yaitashi.lg.jp			2026-09-11	2026-09-11	0	0	1	0	0	0
www.city.chikushino.lg.jp			2026-09-19	2026-09-19	0	0	4	0	0	0
www.city.chiryu.lg.jp			2026-09-08	2026-09-08	0	0	1	0	0	0
www.city.choshi.lg.jp			2026-09-11	2026-09-11	0	0	1	0	0	0
www.city.date.fukushima.jp			2026-09-12	2026-09-12	0	0	1	0	0	0
www.city.date.jp			2026-09-12	2026-09-12	0	0	1	0	0	0
www.city.date.lg.jp			2026-09-12	2026-09-12	0	0	1	0	0	0
www.city.ebina.lg.jp			2026-09-11	2026-09-11	0	0	1	0	0	0
www.city.edogawa.lg.jp			2026-09-11	2026-09-11	0	0	1	0	0	0
www.city.fuchu.lg.jp			2026-09-11	2026-09-11	0	0	1	0	0	0
www.city.fuefuki.lg.jp			2026-09-12	2026-09-12	0	0	1	0	0	0
www.city.fuji.lg.jp			2026-09-08	2026-09-08	0	0	1	0	0	0
www.city.fujieda.lg.jp			2026-09-08	2026-09-08	0	0	1	0	0	0
www.city.fujimi.lg.jp			2026-09-11	2026-09-11	0	0	1	0	0	0
www.city.fujimino.lg.jp			2026-09-11	2026-09-11	0	0	1	0	0	0
www.city.fujioka.gumma.jp			2026-09-12	2026-09-12	0	0	1	0	0	0
www.city.fujioka.jp			2026-09-12	2026-09-12	0	0	1	0	0	0
www.city.fujioka.lg.jp			2026-09-12	2026-09-12	0	0	1	0	0	0
www.city.fujiokashi.gumma.jp			2026-09-12	2026-09-12	0	0	1	0	0	0
www.city.fujiokashi.jp			2026-09-12	2026-09-12	0	0	1	0	0	0
www.city.fujiokashi.lg.jp			2026-09-12	2026-09-12	0	0	1	0	0	0
www.city.fujisawa.lg.jp			2026-09-11	2026-09-11	0	0	1	0	0	0
www.city.fujiyoshida.lg.jp			2026-09-12	2026-09-12	0	0	1	0	0	0
www.city.fukaya.lg.jp			2026-09-11	2026-09-11	0	0	1	0	0	0
www.city.fukui-obama.fukui.jp			2026-09-12	2026-09-12	0	0	1	0	0	0
www.city.fukui-obama.jp			2026-09-12	2026-09-12	0	0	1	0	0	0
www.city.fukui-obama.lg.jp			2026-09-12	2026-09-12	0	0	1	0	0	0
www.city.fukui-obamashi.fukui.jp			2026-09-12	2026-09-12	0	0	1	0	0	0
www.city.fukui-obamashi.jp			2026-09-12	2026-09-12	0	0	1	0	0	0
www.city.fukui-obamashi.lg.jp			2026-09-12	2026-09-12	0	0	1	0	0	0
www.city.fukuoka-noogata.fukuoka.jp			2026-09-19	2026-09-19	0	0	4	0	0	0
www.city.fukuoka-noogata.jp			2026-09-19	2026-09-19	0	0	4	0	0	0
www.city.fukuoka-noogata.lg.jp			2026-09-19	2026-09-19	0	0	4	0	0	0
www.city.fukuoka-noogatashi.fukuoka.jp			2026-09-19	2026-09-19	0	0	4	0	0	0
www.city.fukuoka-noogatashi.jp			2026-09-19	2026-09-19	0	0	4	0	0	0
www.city.fukuoka-noogatashi.lg.jp			2026-09-19	2026-09-19	0	0	4	0	0	0
www.city.fukuoka-ogoori.fukuoka.jp			2026-09-19	2026-09-19	0	0	4	0	0	0
www.city.fukuoka-ogoori.jp			2026-09-19	2026-09-19	0	0	4	0	0	0
www.city.fukuoka-ogoori.lg.jp			2026-09-19	2026-09-19	0	0	4	0	0	0
www.city.fukuoka-ogoorishi.fukuoka.jp			2026-09-19	2026-09-19	0	0	4	0	0	0
www.city.fukuoka-ogoorishi.jp			2026-09-19	2026-09-19	0	0	4	0	0	0
www.city.fukuoka-ogoorishi.lg.jp			2026-09-19	2026-09-19	0	0	4	0	0	0
www.city.fukuoka-tagawa.fukuoka.jp			2026-09-19	2026-09-19	0	0	8	0	0	0
www.city.fukuoka-tagawa.jp			2026-09-19	2026-09-19	0	0	8	0	0	0
www.city.fukuoka-tagawa.lg.jp			2026-09-19	2026-09-19	0	0	8	0	0	0
www.city.fukuoka-tagawashi.fukuoka.jp			2026-09-19	2026-09-19	0	0	8	0	0	0
www.city.fukuoka-tagawashi.jp			2026-09-19	2026-09-19	0	0	8	0	0	0
www.city.fukuoka-tagawashi.lg.jp			2026-09-19	2026-09-19	0	0	8	0	0	0
www.city.fukuroi.lg.jp			2026-09-08	2026-09-08	0	0	1	0	0	0
www.city.fukushima-kooriyama.fukushima.jp			2026-09-12	2026-09-12	0	0	1	0	0	0
www.city.fukushima-kooriyama.jp			2026-09-12	2026-09-12	0	0	1	0	0	0
www.city.fukushima-kooriyama.lg.jp			2026-09-12	2026-09-12	0	0	1	0	0	0
www.city.fukushima-kooriyamashi.fukushima.jp			2026-09-12	2026-09-12	0	0	1	0	0	0
www.city.fukushima-kooriyamashi.jp			2026-09-12	2026-09-12	0	0	1	0	0	0
www.city.fukushima-kooriyamashi.lg.jp			2026-09-12	2026-09-12	0	0	1	0	0	0
www.city.fukushima-kooryama.fukushima.jp			2026-09-12	2026-09-12	0	0	1	0	0	0
www.city.fukushima-kooryama.jp			2026-09-12	2026-09-12	0	0	1	0	0	0
www.city.fukushima-kooryama.lg.jp			2026-09-12	2026-09-12	0	0	1	0	0	0
www.city.fukushima-kooryamashi.fukushima.jp			2026-09-12	2026-09-12	0	0	1	0	0	0
www.city.fukushima-kooryamashi.jp			2026-09-12	2026-09-12	0	0	1	0	0	0
www.city.fukushima-kooryamashi.lg.jp			2026-09-12	2026-09-12	0	0	1	0	0	0
www.city.fukushima-nihommatsu.fukushima.jp			2026-09-12	2026-09-12	0	0	1	0	0	0
www.city.fukushima-nihommatsu.jp			2026-09-12	2026-09-12	0	0	1	0	0	0
www.city.fukushima-nihommatsu.lg.jp			2026-09-12	2026-09-12	0	0	1	0	0	0
www.city.fukushima-nihommatsushi.fukushima.jp			2026-09-12	2026-09-12	0	0	1	0	0	0
www.city.fukushima-nihommatsushi.jp			2026-09-12	2026-09-12	0	0	1	0	0	0
www.city.fukushima-nihommatsushi.lg.jp			2026-09-12	2026-09-12	0	0	1	0	0	0
www.city.fukushima.lg.jp			2026-09-12	2026-09-12	0	0	1	0	0	0
www.city.fussa.lg.jp			2026-09-11	2026-09-11	0	0	1	0	0	0
www.city.gamagoori.aichi.jp			2026-09-08	2026-09-08	0	0	1	0	0	0
www.city.gamagoori.jp			2026-09-08	2026-09-08	0	0	1	0	0	0
www.city.gamagoori.lg.jp			2026-09-08	2026-09-08	0	0	1	0	0	0
www.city.gamagoorishi.aichi.jp			2026-09-12	2026-09-12	0	0	1	0	0	0
www.city.gamagoorishi.jp			2026-09-12	2026-09-12	0	0	1	0	0	0
www.city.gamagoorishi.lg.jp			2026-09-12	2026-09-12	0	0	1	0	0	0
www.city.giyoda.jp			2026-09-11	2026-09-11	0	0	1	0	0	0
www.city.giyoda.lg.jp			2026-09-11	2026-09-11	0	0	1	0	0	0
www.city.giyoda.saitama.jp			2026-09-11	2026-09-11	0	0	1	0	0	0
www.city.giyodashi.jp			2026-09-11	2026-09-11	0	0	1	0	0	0
www.city.giyodashi.lg.jp			2026-09-11	2026-09-11	0	0	1	0	0	0
www.city.giyodashi.saitama.jp			2026-09-11	2026-09-11	0	0	1	0	0	0
www.city.gose.lg.jp			2026-09-12	2026-09-12	0	0	1	0	0	0
www.city.goto.lg.jp			2026-09-19	2026-09-19	0	0	4	0	0	0
www.city.gujo.lg.jp			2026-09-12	2026-09-12	0	0	1	0	0	0
www.city.gumma-fujioka.gumma.jp			2026-09-12	2026-09-12	0	0	1	0	0	0
www.city.gumma-fujioka.jp			2026-09-12	2026-09-12	0	0	1	0	0	0
www.city.gumma-fujioka.lg.jp			2026-09-12	2026-09-12	0	0	1	0	0	0
www.city.gumma-fujiokashi.gumma.jp			2026-09-12	2026-09-12	0	0	1	0	0	0
www.city.gumma-fujiokashi.jp			2026-09-12	2026-09-12	0	0	1	0	0	0
www.city.gumma-fujiokashi.lg.jp			2026-09-12	2026-09-12	0	0	1	0	0	0
www.city.gumma-maebashi.gumma.jp			2026-09-12	2026-09-12	0	0	1	0	0	0
www.city.gumma-maebashi.jp			2026-09-12	2026-09-12	0	0	1	0	0	0
www.city.gumma-maebashi.lg.jp			2026-09-12	2026-09-12	0	0	1	0	0	0
www.city.gumma-maebashishi.gumma.jp			2026-09-12	2026-09-12	0	0	1	0	0	0
www.city.gumma-maebashishi.jp			2026-09-12	2026-09-12	0	0	1	0	0	0
www.city.gumma-maebashishi.lg.jp			2026-09-12	2026-09-12	0	0	1	0	0	0
www.city.gumma-midori.gumma.jp			2026-09-12	2026-09-12	0	0	1	0	0	0
www.city.gumma-midori.jp			2026-09-12	2026-09-12	0	0	1	0	0	0
www.city.gumma-midori.lg.jp			2026-09-12	2026-09-12	0	0	1	0	0	0
www.city.gumma-midorishi.gumma.jp			2026-09-12	2026-09-12	0	0	1	0	0	0
www.city.gumma-midorishi.jp			2026-09-12	2026-09-12	0	0	1	0	0	0
www.city.gumma-midorishi.lg.jp			2026-09-12	2026-09-12	0	0	1	0	0	0
www.city.gumma-numata.gumma.jp			2026-09-12	2026-09-12	0	0	1	0	0	0
www.city.gumma-numata.jp			2026-09-12	2026-09-12	0	0	1	0	0	0
www.city.gumma-numata.lg.jp			2026-09-12	2026-09-12	0	0	1	0	0	0
www.city.gumma-numatashi.gumma.jp			2026-09-12	2026-09-12	0	0	1	0	0	0
www.city.gumma-numatashi.jp			2026-09-12	2026-09-12	0	0	1	0	0	0
www.city.gumma-numatashi.lg.jp			2026-09-12	2026-09-12	0	0	1	0	0	0
www.city.gumma-ota.gumma.jp			2026-09-12	2026-09-12	0	0	1	0	0	0
www.city.gumma-ota.jp			2026-09-12	2026-09-12	0	0	1	0	0	0
www.city.gumma-ota.lg.jp			2026-09-12	2026-09-12	0	0	1	0	0	0
www.city.gumma-otashi.gumma.jp			2026-09-12	2026-09-12	0	0	1	0	0	0
www.city.gumma-otashi.jp			2026-09-12	2026-09-12	0	0	1	0	0	0
www.city.gumma-otashi.lg.jp			2026-09-12	2026-09-12	0	0	1	0	0	0
www.city.gumma-takasaki.gumma.jp			2026-09-12	2026-09-12	0	0	1	0	0	0
www.city.gumma-takasaki.jp			2026-09-12	2026-09-12	0	0	1	0	0	0
www.city.gumma-takasaki.lg.jp			2026-09-12	2026-09-12	0	0	1	0	0	0
www.city.gumma-takasakishi.gumma.jp			2026-09-12	2026-09-12	0	0	1	0	0	0
www.city.gumma-takasakishi.jp			2026-09-12	2026-09-12	0	0	1	0	0	0
www.city.gumma-takasakishi.lg.jp			2026-09-12	2026-09-12	0	0	1	0	0	0
www.city.gumma-tatebayashi.gumma.jp			2026-09-12	2026-09-12	0	0	1	0	0	0
www.city.gumma-tatebayashi.jp			2026-09-12	2026-09-12	0	0	1	0	0	0
www.city.gumma-tatebayashi.lg.jp			2026-09-12	2026-09-12	0	0	1	0	0	0
www.city.gumma-tatebayashishi.gumma.jp			2026-09-12	2026-09-12	0	0	1	0	0	0
www.city.gumma-tatebayashishi.jp			2026-09-12	2026-09-12	0	0	1	0	0	0
www.city.gumma-tatebayashishi.lg.jp			2026-09-12	2026-09-12	0	0	1	0	0	0
www.city.gumma-tomioka.gumma.jp			2026-09-12	2026-09-12	0	0	1	0	0	0
www.city.gumma-tomioka.jp			2026-09-12	2026-09-12	0	0	1	0	0	0
www.city.gumma-tomioka.lg.jp			2026-09-12	2026-09-12	0	0	1	0	0	0
www.city.gumma-tomiokashi.gumma.jp			2026-09-12	2026-09-12	0	0	1	0	0	0
www.city.gumma-tomiokashi.jp			2026-09-12	2026-09-12	0	0	1	0	0	0
www.city.gumma-tomiokashi.lg.jp			2026-09-12	2026-09-12	0	0	1	0	0	0
www.city.gunma-tomioka.gunma.jp			2026-09-12	2026-09-12	0	0	1	0	0	0
www.city.gunma-tomioka.jp			2026-09-12	2026-09-12	0	0	1	0	0	0
www.city.gunma-tomioka.lg.jp			2026-09-12	2026-09-12	0	0	1	0	0	0
www.city.gunma-tomiokashi.gunma.jp			2026-09-12	2026-09-12	0	0	1	0	0	0
www.city.gunma-tomiokashi.jp			2026-09-12	2026-09-12	0	0	1	0	0	0
www.city.gunma-tomiokashi.lg.jp			2026-09-12	2026-09-12	0	0	1	0	0	0
www.city.hachioji.lg.jp			2026-09-11	2026-09-11	0	0	1	0	0	0
www.city.hadano.lg.jp			2026-09-11	2026-09-11	0	0	1	0	0	0
www.city.hamamatsu.lg.jp			2026-09-08	2026-09-08	0	0	1	0	0	0
www.city.hamura.lg.jp			2026-09-11	2026-09-11	0	0	1	0	0	0
www.city.haniyu.jp			2026-09-11	2026-09-11	0	0	1	0	0	0
www.city.haniyu.lg.jp			2026-09-11	2026-09-11	0	0	1	0	0	0
www.city.haniyu.saitama.jp			2026-09-11	2026-09-11	0	0	1	0	0	0
www.city.haniyushi.jp			2026-09-11	2026-09-11	0	0	1	0	0	0
www.city.haniyushi.lg.jp			2026-09-11	2026-09-11	0	0	1	0	0	0
www.city.haniyushi.saitama.jp			2026-09-11	2026-09-11	0	0	1	0	0	0
www.city.haniyuu.jp			2026-09-11	2026-09-11	0	0	1	0	0	0
www.city.haniyuu.lg.jp			2026-09-11	2026-09-11	0	0	1	0	0	0
www.city.haniyuu.saitama.jp			2026-09-11	2026-09-11	0	0	1	0	0	0
www.city.haniyuushi.jp			2026-09-11	2026-09-11	0	0	1	0	0	0
www.city.haniyuushi.lg.jp			2026-09-11	2026-09-11	0	0	1	0	0	0
www.city.haniyuushi.saitama.jp			2026-09-11	2026-09-11	0	0	1	0	0	0
www.city.hanyuu.jp			2026-09-11	2026-09-11	0	0	1	0	0	0
www.city.hanyuu.lg.jp			2026-09-11	2026-09-11	0	0	1	0	0	0
www.city.hanyuu.saitama.jp			2026-09-11	2026-09-11	0	0	1	0	0	0
www.city.hanyuushi.jp			2026-09-11	2026-09-11	0	0	1	0	0	0
www.city.hanyuushi.lg.jp			2026-09-11	2026-09-11	0	0	1	0	0	0
www.city.hanyuushi.saitama.jp			2026-09-11	2026-09-11	0	0	1	0	0	0
www.city.hasuda.lg.jp			2026-09-11	2026-09-11	0	0	1	0	0	0
www.city.hida.lg.jp			2026-09-12	2026-09-12	0	0	1	0	0	0
www.city.higashimurayama.jp			2026-09-11	2026-09-11	0	0	1	0	0	0
www.city.higashimurayama.lg.jp			2026-09-11	2026-09-11	0	0	1	0	0	0
www.city.higashimurayama.tokyo.jp			2026-09-11	2026-09-11	0	0	1	0	0	0
www.city.higashimurayamashi.jp			2026-09-11	2026-09-11	0	0	1	0	0	0
www.city.higashimurayamashi.lg.jp			2026-09-11	2026-09-11	0	0	1	0	0	0
www.city.higashimurayamashi.tokyo.jp			2026-09-11	2026-09-11	0	0	1	0	0	0
www.city.higashiomi.lg.jp			2026-09-12	2026-09-12	0	0	1	0	0	0
www.city.hioki.lg.jp			2026-09-20	2026-09-20	0	0	2	0	0	0
www.city.hirado.lg.jp			2026-09-19	2026-09-19	0	0	4	0	0	0
www.city.hiratsuka.lg.jp			2026-09-11	2026-09-11	0	0	1	0	0	0
www.city.hita.lg.jp			2026-09-19	2026-09-19	0	0	4	0	0	0
www.city.hitachiota.lg.jp			2026-09-07	2026-09-07	0	0	1	0	0	0
www.city.hokuto.lg.jp			2026-09-12	2026-09-12	0	0	1	0	0	0
www.city.honjiyo.jp			2026-09-11	2026-09-11	0	0	1	0	0	0
www.city.honjiyo.lg.jp			2026-09-11	2026-09-11	0	0	1	0	0	0
www.city.honjiyo.saitama.jp			2026-09-11	2026-09-11	0	0	1	0	0	0
www.city.honjiyoshi.jp			2026-09-11	2026-09-11	0	0	1	0	0	0
www.city.honjiyoshi.lg.jp			2026-09-11	2026-09-11	0	0	1	0	0	0
www.city.honjiyoshi.saitama.jp			2026-09-11	2026-09-11	0	0	1	0	0	0
www.city.honjyo.jp			2026-09-11	2026-09-11	0	0	1	0	0	0
www.city.honjyo.lg.jp			2026-09-11	2026-09-11	0	0	1	0	0	0
www.city.honjyo.saitama.jp			2026-09-11	2026-09-11	0	0	1	0	0	0
www.city.honjyoshi.jp			2026-09-11	2026-09-11	0	0	1	0	0	0
www.city.honjyoshi.lg.jp			2026-09-11	2026-09-11	0	0	1	0	0	0
www.city.honjyoshi.saitama.jp			2026-09-11	2026-09-11	0	0	1	0	0	0
www.city.hyuga.lg.jp			2026-09-20	2026-09-20	0	0	2	0	0	0
www.city.ibaraki-yuuki.ibaraki.jp			2026-09-07	2026-09-07	0	0	1	0	0	0
www.city.ibaraki-yuuki.jp			2026-09-11	2026-09-11	0	0	1	0	0	0
www.city.ibaraki-yuuki.lg.jp			2026-09-07	2026-09-07	0	0	1	0	0	0
www.city.ibaraki-yuukishi.ibaraki.jp			2026-09-11	2026-09-11	0	0	1	0	0	0
www.city.ibaraki-yuukishi.jp			2026-09-11	2026-09-11	0	0	1	0	0	0
www.city.ibaraki-yuukishi.lg.jp			2026-09-11	2026-09-11	0	0	1	0	0	0
www.city.ichihara.lg.jp			2026-09-11	2026-09-11	0	0	1	0	0	0
www.city.ichinomiya.lg.jp			2026-09-08	2026-09-08	0	0	1	0	0	0
www.city.iiyama.lg.jp			2026-09-12	2026-09-12	0	0	1	0	0	0
www.city.iki.lg.jp			2026-09-19	2026-09-19	0	0	4	0	0	0
www.city.ina.jp			2026-09-12	2026-09-12	0	0	1	0	0	0
www.city.ina.lg.jp			2026-09-12	2026-09-12	0	0	1	0	0	0
www.city.ina.nagano.jp			2026-09-12	2026-09-12	0	0	1	0	0	0
www.city.inabe.lg.jp			2026-09-12	2026-09-12	0	0	1	0	0	0
www.city.inagi.lg.jp			2026-09-11	2026-09-11	0	0	1	0	0	0
www.city.inashi.jp			2026-09-12	2026-09-12	0	0	1	0	0	0
www.city.inashi.lg.jp			2026-09-12	2026-09-12	0	0	1	0	0	0
www.city.inashi.nagano.jp			2026-09-12	2026-09-12	0	0	1	0	0	0
www.city.inazawa.lg.jp			2026-09-08	2026-09-08	0	0	1	0	0	0
www.city.inuyama.lg.jp			2026-09-08	2026-09-08	0	0	1	0	0	0
www.city.iruma.lg.jp			2026-09-11	2026-09-11	0	0	1	0	0	0
www.city.isa.lg.jp			2026-09-20	2026-09-20	0	0	2	0	0	0
www.city.isahaya.lg.jp			2026-09-19	2026-09-19	0	0	4	0	0	0
www.city.ise.lg.jp			2026-09-12	2026-09-12	0	0	1	0	0	0
www.city.isehara.lg.jp			2026-09-11	2026-09-11	0	0	1	0	0	0
www.city.itabashi.lg.jp			2026-09-11	2026-09-11	0	0	1	0	0	0
www.city.ito.lg.jp			2026-09-08	2026-09-08	0	0	1	0	0	0
www.city.iwakura.lg.jp			2026-09-08	2026-09-08	0	0	1	0	0	0
www.city.iwata.lg.jp			2026-09-08	2026-09-08	0	0	1	0	0	0
www.city.izu.lg.jp			2026-09-08	2026-09-08	0	0	1	0	0	0
www.city.izumi.jp			2026-09-20	2026-09-20	0	0	2	0	0	0
www.city.izumi.kagoshima.jp			2026-09-20	2026-09-20	0	0	2	0	0	0
www.city.izumi.lg.jp			2026-09-20	2026-09-20	0	0	2	0	0	0
www.city.izunokuni.lg.jp			2026-09-08	2026-09-08	0	0	1	0	0	0
www.city.joetsu.lg.jp			2026-09-12	2026-09-12	0	0	1	0	0	0
www.city.kagoshima-kirishima.jp			2026-09-20	2026-09-20	0	0	4	0	0	0
www.city.kagoshima-kirishima.kagoshima.jp			2026-09-20	2026-09-20	0	0	4	0	0	0
www.city.kagoshima-kirishima.lg.jp			2026-09-20	2026-09-20	0	0	4	0	0	0
www.city.kagoshima-kirishimashi.jp			2026-09-20	2026-09-20	0	0	4	0	0	0
www.city.kagoshima-kirishimashi.kagoshima.jp			2026-09-20	2026-09-20	0	0	4	0	0	0
www.city.kagoshima-kirishimashi.lg.jp			2026-09-20	2026-09-20	0	0	4	0	0	0
www.city.kai.lg.jp			2026-09-12	2026-09-12	0	0	1	0	0	0
www.city.kakegawa.lg.jp			2026-09-08	2026-09-08	0	0	1	0	0	0
www.city.kamagaya.lg.jp			2026-09-11	2026-09-11	0	0	1	0	0	0
www.city.kamakura.lg.jp			2026-09-11	2026-09-11	0	0	1	0	0	0
www.city.kameyama.lg.jp			2026-09-12	2026-09-12	0	0	1	0	0	0
www.city.kamiamakusa.lg.jp			2026-09-20	2026-09-20	0	0	2	0	0	0
www.city.kamisu.lg.jp			2026-09-07	2026-09-07	0	0	1	0	0	0
www.city.kamo.lg.jp			2026-09-12	2026-09-12	0	0	1	0	0	0
www.city.kanuma.chigi.jp			2026-09-11	2026-09-11	0	0	1	0	0	0
www.city.kanuma.jp			2026-09-11	2026-09-11	0	0	1	0	0	0
www.city.kanuma.lg.jp			2026-09-11	2026-09-11	0	0	1	0	0	0
www.city.kanumashi.chigi.jp			2026-09-11	2026-09-11	0	0	1	0	0	0
www.city.kanumashi.jp			2026-09-11	2026-09-11	0	0	1	0	0	0
www.city.kanumashi.lg.jp			2026-09-11	2026-09-11	0	0	1	0	0	0
www.city.kanzaki.lg.jp			2026-09-19	2026-09-19	0	0	4	0	0	0
www.city.kashihara.lg.jp			2026-09-12	2026-09-12	0	0	1	0	0	0
www.city.kashima.jp			2026-09-19	2026-09-19	0	0	4	0	0	0
www.city.kashima.lg.jp			2026-09-07	2026-09-19	0	0	4	0	0	0
www.city.kashima.saga.jp			2026-09-19	2026-09-19	0	0	4	0	0	0
www.city.kasuga.lg.jp			2026-09-19	2026-09-19	0	0	4	0	0	0
www.city.katsuragi.lg.jp			2026-09-12	2026-09-12	0	0	1	0	0	0
www.city.katsuyama.lg.jp			2026-09-12	2026-09-12	0	0	1	0	0	0
www.city.kawagoe.lg.jp			2026-09-11	2026-09-11	0	0	1	0	0	0
www.city.kawasaki.kanagawa.jp			2026-09-11	2026-09-11	0	0	1	0	0	0
www.city.kawasaki.lg.jp			2026-09-11	2026-09-11	0	0	1	0	0	0
www.city.kikugawa.lg.jp			2026-09-08	2026-09-08	0	0	1	0	0	0
www.city.kirishima.jp			2026-09-20	2026-09-20	0	0	4	0	0	0
www.city.kirishima.kagoshima.jp			2026-09-20	2026-09-20	0	0	4	0	0	0
www.city.kirishima.lg.jp			2026-09-20	2026-09-20	0	0	4	0	0	0
www.city.kirishimashi.jp			2026-09-20	2026-09-20	0	0	4	0	0	0
www.city.kirishimashi.kagoshima.jp			2026-09-20	2026-09-20	0	0	4	0	0	0
www.city.kirishimashi.lg.jp			2026-09-20	2026-09-20	0	0	4	0	0	0
www.city.kitakata.lg.jp			2026-09-12	2026-09-12	0	0	1	0	0	0
www.city.kiyosu.lg.jp			2026-09-08	2026-09-08	0	0	1	0	0	0
www.city.kodaira.lg.jp			2026-09-11	2026-09-11	0	0	1	0	0	0
www.city.kofu.lg.jp			2026-09-12	2026-09-12	0	0	1	0	0	0
www.city.koga.ibaraki.jp			2026-09-07	2026-09-07	0	0	1	0	0	0
www.city.koga.jp			2026-09-11	2026-09-11	0	0	1	0	0	0
www.city.koga.lg.jp			2026-09-07	2026-09-19	0	0	5	0	0	0
www.city.kokubunji.lg.jp			2026-09-11	2026-09-11	0	0	1	0	0	0
www.city.komae.lg.jp			2026-09-11	2026-09-11	0	0	1	0	0	0
www.city.komagane.lg.jp			2026-09-12	2026-09-12	0	0	1	0	0	0
www.city.komaki.lg.jp			2026-09-08	2026-09-08	0	0	1	0	0	0
www.city.konan.jp			2026-09-12	2026-09-12	0	0	1	0	0	0
www.city.konan.shiga.jp			2026-09-12	2026-09-12	0	0	1	0	0	0
www.city.konosu.jp			2026-09-11	2026-09-11	0	0	1	0	0	0
www.city.konosu.lg.jp			2026-09-11	2026-09-11	0	0	1	0	0	0
www.city.konosu.saitama.jp			2026-09-11	2026-09-11	0	0	1	0	0	0
www.city.konosushi.jp			2026-09-11	2026-09-11	0	0	1	0	0	0
www.city.konosushi.lg.jp			2026-09-11	2026-09-11	0	0	1	0	0	0
www.city.konosushi.saitama.jp			2026-09-11	2026-09-11	0	0	1	0	0	0
www.city.kooriyama.fukushima.jp			2026-09-12	2026-09-12	0	0	1	0	0	0
www.city.kooriyama.jp			2026-09-12	2026-09-12	0	0	1	0	0	0
www.city.kooriyama.lg.jp			2026-09-12	2026-09-12	0	0	1	0	0	0
www.city.kooriyamashi.fukushima.jp			2026-09-12	2026-09-12	0	0	1	0	0	0
www.city.kooriyamashi.jp			2026-09-12	2026-09-12	0	0	1	0	0	0
www.city.kooriyamashi.lg.jp			2026-09-12	2026-09-12	0	0	1	0	0	0
www.city.kooryama.fukushima.jp			2026-09-12	2026-09-12	0	0	1	0	0	0
www.city.kooryama.jp			2026-09-12	2026-09-12	0	0	1	0	0	0
www.city.kooryama.lg.jp			2026-09-12	2026-09-12	0	0	1	0	0	0
www.city.kooryamashi.fukushima.jp			2026-09-12	2026-09-12	0	0	1	0	0	0
www.city.kooryamashi.jp			2026-09-12	2026-09-12	0	0	1	0	0	0
www.city.kooryamashi.lg.jp			2026-09-12	2026-09-12	0	0	1	0	0	0
www.city.kosai.lg.jp			2026-09-08	2026-09-08	0	0	1	0	0	0
www.city.koshigaya.lg.jp			2026-09-11	2026-09-11	0	0	1	0	0	0
www.city.koshu.lg.jp			2026-09-12	2026-09-12	0	0	1	0	0	0
www.city.kumamoto.kumamoto.jp			2026-09-20	2026-09-20	0	0	2	0	0	0
www.city.kumamoto.lg.jp			2026-09-20	2026-09-20	0	0	2	0	0	0
www.city.kunisaki.lg.jp			2026-09-19	2026-09-19	0	0	4	0	0	0
www.city.kunitachi.lg.jp			2026-09-11	2026-09-11	0	0	1	0	0	0
www.city.kurume.lg.jp			2026-09-19	2026-09-19	0	0	4	0	0	0
www.city.kusatsu.lg.jp			2026-09-12	2026-09-12	0	0	1	0	0	0
www.city.machida.lg.jp			2026-09-11	2026-09-11	0	0	1	0	0	0
www.city.maebashi.gumma.jp			2026-09-12	2026-09-12	0	0	1	0	0	0
www.city.maebashi.jp			2026-09-12	2026-09-12	0	0	1	0	0	0
www.city.maebashi.lg.jp			2026-09-12	2026-09-12	0	0	1	0	0	0
www.city.maebashishi.gumma.jp			2026-09-12	2026-09-12	0	0	1	0	0	0
www.city.maebashishi.jp			2026-09-12	2026-09-12	0	0	1	0	0	0
www.city.maebashishi.lg.jp			2026-09-12	2026-09-12	0	0	1	0	0	0
www.city.makinohara.lg.jp			2026-09-08	2026-09-08	0	0	1	0	0	0
www.city.matsudo.lg.jp			2026-09-11	2026-09-11	0	0	1	0	0	0
www.city.matsumoto.lg.jp			2026-09-12	2026-09-12	0	0	1	0	0	0
www.city.matsura.jp			2026-09-19	2026-09-19	0	0	8	0	0	0
www.city.matsura.lg.jp			2026-09-19	2026-09-19	0	0	8	0	0	0
www.city.matsura.nagasaki.jp			2026-09-19	2026-09-19	0	0	8	0	0	0
www.city.matsurashi.jp			2026-09-19	2026-09-19	0	0	8	0	0	0
www.city.matsurashi.lg.jp			2026-09-19	2026-09-19	0	0	8	0	0	0
www.city.matsurashi.nagasaki.jp			2026-09-19	2026-09-19	0	0	8	0	0	0
www.city.matsusaka.lg.jp			2026-09-12	2026-09-12	0	0	1	0	0	0
www.city.matsuura.jp			2026-09-19	2026-09-19	0	0	8	0	0	0
www.city.matsuura.lg.jp			2026-09-19	2026-09-19	0	2	6	0	0	0
www.city.matsuura.nagasaki.jp			2026-09-19	2026-09-19	0	0	8	0	0	0
www.city.matsuurashi.jp			2026-09-19	2026-09-19	0	0	8	0	0	0
www.city.matsuurashi.lg.jp			2026-09-19	2026-09-19	0	0	8	0	0	0
www.city.matsuurashi.nagasaki.jp			2026-09-19	2026-09-19	0	0	8	0	0	0
www.city.meguro.lg.jp			2026-09-11	2026-09-11	0	0	1	0	0	0
www.city.midori.gumma.jp			2026-09-12	2026-09-12	0	0	1	0	0	0
www.city.midori.jp			2026-09-12	2026-09-12	0	0	1	0	0	0
www.city.midori.lg.jp			2026-09-12	2026-09-12	0	0	1	0	0	0
www.city.midorishi.gumma.jp			2026-09-12	2026-09-12	0	0	1	0	0	0
www.city.midorishi.jp			2026-09-12	2026-09-12	0	0	1	0	0	0
www.city.midorishi.lg.jp			2026-09-12	2026-09-12	0	0	1	0	0	0
www.city.mie-tsu.jp			2026-09-12	2026-09-12	0	0	1	0	0	0
www.city.mie-tsu.lg.jp			2026-09-12	2026-09-12	0	0	1	0	0	0
www.city.mie-tsu.mie.jp			2026-09-12	2026-09-12	0	0	1	0	0	0
www.city.mie-tsushi.jp			2026-09-12	2026-09-12	0	0	1	0	0	0
www.city.mie-tsushi.lg.jp			2026-09-12	2026-09-12	0	0	1	0	0	0
www.city.mie-tsushi.mie.jp			2026-09-12	2026-09-12	0	0	1	0	0	0
www.city.minamiarupusu.jp			2026-09-12	2026-09-12	0	0	1	0	0	0
www.city.minamiarupusu.lg.jp			2026-09-12	2026-09-12	0	0	1	0	0	0
www.city.minamiarupusu.yamanashi.jp			2026-09-12	2026-09-12	0	0	1	0	0	0
www.city.minamiarupusushi.jp			2026-09-12	2026-09-12	0	0	1	0	0	0
www.city.minamiarupusushi.lg.jp			2026-09-12	2026-09-12	0	0	1	0	0	0
www.city.minamiarupusushi.yamanashi.jp			2026-09-12	2026-09-12	0	0	1	0	0	0
www.city.minamiashigara.lg.jp			2026-09-11	2026-09-11	0	0	1	0	0	0
www.city.minamiboso.lg.jp			2026-09-11	2026-09-11	0	0	1	0	0	0
www.city.minamiuonuma.lg.jp			2026-09-12	2026-09-12	0	0	1	0	0	0
www.city.minato.lg.jp			2026-09-11	2026-09-11	0	0	1	0	0	0
www.city.mino.lg.jp			2026-09-12	2026-09-12	0	0	1	0	0	0
www.city.mishima.lg.jp			2026-09-08	2026-09-08	0	0	1	0	0	0
www.city.mitsuke.lg.jp			2026-09-12	2026-09-12	0	0	1	0	0	0
www.city.miura.lg.jp			2026-09-11	2026-09-11	0	0	1	0	0	0
www.city.miyakonojo.lg.jp			2026-09-20	2026-09-20	0	0	2	0	0	0
www.city.miyazaki.lg.jp			2026-09-20	2026-09-20	0	0	2	0	0	0
www.city.miyoshi.aichi.jp			2026-09-08	2026-09-08	0	0	1	0	0	0
www.city.miyoshi.jp			2026-09-08	2026-09-08	0	0	1	0	0	0
www.city.miyoshi.lg.jp			2026-09-08	2026-09-08	0	0	1	0	0	0
www.city.mobara.lg.jp			2026-09-11	2026-09-11	0	0	1	0	0	0
www.city.mooka.chigi.jp			2026-09-11	2026-09-11	0	0	1	0	0	0
www.city.mooka.jp			2026-09-11	2026-09-11	0	0	1	0	0	0
www.city.mooka.lg.jp			2026-09-11	2026-09-11	0	0	1	0	0	0
www.city.mooka.tochigi.jp			2026-09-11	2026-09-11	0	0	1	0	0	0
www.city.mookashi.chigi.jp			2026-09-11	2026-09-11	0	0	1	0	0	0
www.city.mookashi.jp			2026-09-11	2026-09-11	0	0	1	0	0	0
www.city.mookashi.lg.jp			2026-09-11	2026-09-11	0	0	1	0	0	0
www.city.mookashi.tochigi.jp			2026-09-11	2026-09-11	0	0	1	0	0	0
www.city.moriya.lg.jp			2026-09-07	2026-09-07	0	0	1	0	0	0
www.city.myoko.lg.jp			2026-09-12	2026-09-12	0	0	1	0	0	0
www.city.nagano-ina.jp			2026-09-12	2026-09-12	0	0	1	0	0	0
www.city.nagano-ina.lg.jp			2026-09-12	2026-09-12	0	0	1	0	0	0
www.city.nagano-ina.nagano.jp			2026-09-12	2026-09-12	0	0	1	0	0	0
www.city.nagano-inashi.jp			2026-09-12	2026-09-12	0	0	1	0	0	0
www.city.nagano-inashi.lg.jp			2026-09-12	2026-09-12	0	0	1	0	0	0
www.city.nagano-inashi.nagano.jp			2026-09-12	2026-09-12	0	0	1	0	0	0
www.city.nagano.lg.jp			2026-09-12	2026-09-12	0	0	1	0	0	0
www.city.nagaoka.lg.jp			2026-09-12	2026-09-12	0	0	1	0	0	0
www.city.nagareyama.lg.jp			2026-09-11	2026-09-11	0	0	1	0	0	0
www.city.nagasaki-matsura.jp			2026-09-19	2026-09-19	0	0	8	0	0	0
www.city.nagasaki-matsura.lg.jp			2026-09-19	2026-09-19	0	0	8	0	0	0
www.city.nagasaki-matsura.nagasaki.jp			2026-09-19	2026-09-19	0	0	8	0	0	0
www.city.nagasaki-matsurashi.jp			2026-09-19	2026-09-19	0	0	8	0	0	0
www.city.nagasaki-matsurashi.lg.jp			2026-09-19	2026-09-19	0	0	8	0	0	0
www.city.nagasaki-matsurashi.nagasaki.jp			2026-09-19	2026-09-19	0	0	8	0	0	0
www.city.nagasaki-matsuura.jp			2026-09-19	2026-09-19	0	0	8	0	0	0
www.city.nagasaki-matsuura.lg.jp			2026-09-19	2026-09-19	0	0	8	0	0	0
www.city.nagasaki-matsuura.nagasaki.jp			2026-09-19	2026-09-19	0	0	8	0	0	0
www.city.nagasaki-matsuurashi.jp			2026-09-19	2026-09-19	0	0	8	0	0	0
www.city.nagasaki-matsuurashi.lg.jp			2026-09-19	2026-09-19	0	0	8	0	0	0
www.city.nagasaki-matsuurashi.nagasaki.jp			2026-09-19	2026-09-19	0	0	8	0	0	0
www.city.nagoya.aichi.jp			2026-09-08	2026-09-08	0	0	1	0	0	0
www.city.nagoya.lg.jp			2026-09-08	2026-09-08	0	0	1	0	0	0
www.city.nakano.jp			2026-09-11	2026-09-11	0	0	1	0	0	0
www.city.nakano.lg.jp			2026-09-11	2026-09-11	0	0	1	0	0	0
www.city.nakano.tokyo.jp			2026-09-11	2026-09-11	0	0	1	0	0	0
www.city.nakatsu.jp			2026-09-19	2026-09-19	0	0	8	0	0	0
www.city.nakatsu.lg.jp			2026-09-19	2026-09-19	0	0	8	0	0	0
www.city.nakatsu.oita.jp			2026-09-19	2026-09-19	0	0	8	0	0	0
www.city.nakatsushi.jp			2026-09-19	2026-09-19	0	0	8	0	0	0
www.city.nakatsushi.lg.jp			2026-09-19	2026-09-19	0	0	8	0	0	0
www.city.nakatsushi.oita.jp			2026-09-19	2026-09-19	0	0	8	0	0	0
www.city.namegata.lg.jp			2026-09-07	2026-09-07	0	0	1	0	0	0
www.city.nara-yamatokooriyama.jp			2026-09-12	2026-09-12	0	0	1	0	0	0
www.city.nara-yamatokooriyama.lg.jp			2026-09-12	2026-09-12	0	0	1	0	0	0
www.city.nara-yamatokooriyama.nara.jp			2026-09-12	2026-09-12	0	0	1	0	0	0
www.city.nara-yamatokooriyamashi.jp			2026-09-12	2026-09-12	0	0	1	0	0	0
www.city.nara-yamatokooriyamashi.lg.jp			2026-09-12	2026-09-12	0	0	1	0	0	0
www.city.nara-yamatokooriyamashi.nara.jp			2026-09-12	2026-09-12	0	0	1	0	0	0
www.city.nara-yamatokooryama.jp			2026-09-12	2026-09-12	0	0	1	0	0	0
www.city.nara-yamatokooryama.lg.jp			2026-09-12	2026-09-12	0	0	1	0	0	0
www.city.nara-yamatokooryama.nara.jp			2026-09-12	2026-09-12	0	0	1	0	0	0
www.city.nara-yamatokooryamashi.jp			2026-09-12	2026-09-12	0	0	1	0	0	0
www.city.nara-yamatokooryamashi.lg.jp			2026-09-12	2026-09-12	0	0	1	0	0	0
www.city.nara-yamatokooryamashi.nara.jp			2026-09-12	2026-09-12	0	0	1	0	0	0
www.city.narita.lg.jp			2026-09-11	2026-09-11	0	0	1	0	0	0
www.city.nerima.lg.jp			2026-09-11	2026-09-11	0	0	1	0	0	0
www.city.nihommatsu.fukushima.jp			2026-09-12	2026-09-12	0	0	1	0	0	0
www.city.nihommatsu.jp			2026-09-12	2026-09-12	0	0	1	0	0	0
www.city.nihommatsu.lg.jp			2026-09-12	2026-09-12	0	0	1	0	0	0
www.city.nihommatsushi.fukushima.jp			2026-09-12	2026-09-12	0	0	1	0	0	0
www.city.nihommatsushi.jp			2026-09-12	2026-09-12	0	0	1	0	0	0
www.city.nihommatsushi.lg.jp			2026-09-12	2026-09-12	0	0	1	0	0	0
www.city.niigata-tookamachi.jp			2026-09-12	2026-09-12	0	0	1	0	0	0
www.city.niigata-tookamachi.lg.jp			2026-09-12	2026-09-12	0	0	1	0	0	0
www.city.niigata-tookamachi.niigata.jp			2026-09-12	2026-09-12	0	0	1	0	0	0
www.city.niigata-tookamachishi.jp			2026-09-12	2026-09-12	0	0	1	0	0	0
www.city.niigata-tookamachishi.lg.jp			2026-09-12	2026-09-12	0	0	1	0	0	0
www.city.niigata-tookamachishi.niigata.jp			2026-09-12	2026-09-12	0	0	1	0	0	0
www.city.nishio.lg.jp			2026-09-08	2026-09-08	0	0	1	0	0	0
www.city.nobeoka.lg.jp			2026-09-20	2026-09-20	0	0	2	0	0	0
www.city.noda.lg.jp			2026-09-11	2026-09-11	0	0	1	0	0	0
www.city.nogata.lg.jp			2026-09-19	2026-09-19	0	0	4	0	0	0
www.city.noogata.fukuoka.jp			2026-09-19	2026-09-19	0	0	4	0	0	0
www.city.noogata.jp			2026-09-19	2026-09-19	0	0	4	0	0	0
www.city.noogata.lg.jp			2026-09-19	2026-09-19	0	0	4	0	0	0
www.city.noogatashi.fukuoka.jp			2026-09-19	2026-09-19	0	0	4	0	0	0
www.city.noogatashi.jp			2026-09-19	2026-09-19	0	0	4	0	0	0
www.city.noogatashi.lg.jp			2026-09-19	2026-09-19	0	0	4	0	0	0
www.city.numata.gumma.jp			2026-09-12	2026-09-12	0	0	1	0	0	0
www.city.numata.jp			2026-09-12	2026-09-12	0	0	1	0	0	0
www.city.numata.lg.jp			2026-09-12	2026-09-12	0	0	1	0	0	0
www.city.numatashi.gumma.jp			2026-09-12	2026-09-12	0	0	1	0	0	0
www.city.numatashi.jp			2026-09-12	2026-09-12	0	0	1	0	0	0
www.city.numatashi.lg.jp			2026-09-12	2026-09-12	0	0	1	0	0	0
www.city.numazu.lg.jp			2026-09-08	2026-09-08	0	0	1	0	0	0
www.city.obama.fukui.jp			2026-09-12	2026-09-12	0	0	1	0	0	0
www.city.obama.jp			2026-09-12	2026-09-12	0	0	1	0	0	0
www.city.obama.lg.jp			2026-09-12	2026-09-12	0	0	1	0	0	0
www.city.obamashi.fukui.jp			2026-09-12	2026-09-12	0	0	1	0	0	0
www.city.obamashi.jp			2026-09-12	2026-09-12	0	0	1	0	0	0
www.city.obamashi.lg.jp			2026-09-12	2026-09-12	0	0	1	0	0	0
www.city.obu.lg.jp			2026-09-08	2026-09-08	0	0	1	0	0	0
www.city.odawara.lg.jp			2026-09-11	2026-09-11	0	0	1	0	0	0
www.city.ogoori.fukuoka.jp			2026-09-19	2026-09-19	0	0	4	0	0	0
www.city.ogoori.jp			2026-09-19	2026-09-19	0	0	4	0	0	0
www.city.ogoori.lg.jp			2026-09-19	2026-09-19	0	0	4	0	0	0
www.city.ogoorishi.fukuoka.jp			2026-09-19	2026-09-19	0	0	4	0	0	0
www.city.ogoorishi.jp			2026-09-19	2026-09-19	0	0	4	0	0	0
www.city.ogoorishi.lg.jp			2026-09-19	2026-09-19	0	0	4	0	0	0
www.city.ogori.lg.jp			2026-09-19	2026-09-19	0	0	4	0	0	0
www.city.oita-bungono.jp			2026-09-19	2026-09-19	0	0	8	0	0	0
www.city.oita-bungono.lg.jp			2026-09-19	2026-09-19	0	0	8	0	0	0
www.city.oita-bungono.oita.jp			2026-09-19	2026-09-19	0	0	8	0	0	0
www.city.oita-bungonoshi.jp			2026-09-19	2026-09-19	0	0	8	0	0	0
www.city.oita-bungonoshi.lg.jp			2026-09-19	2026-09-19	0	0	8	0	0	0
www.city.oita-bungonoshi.oita.jp			2026-09-19	2026-09-19	0	0	8	0	0	0
www.city.oita-bungoono.jp			2026-09-19	2026-09-19	0	0	8	0	0	0
www.city.oita-bungoono.lg.jp			2026-09-19	2026-09-19	0	0	8	0	0	0
www.city.oita-bungoono.oita.jp			2026-09-19	2026-09-19	0	0	8	0	0	0
www.city.oita-bungoonoshi.jp			2026-09-19	2026-09-19	0	0	8	0	0	0
www.city.oita-bungoonoshi.lg.jp			2026-09-19	2026-09-19	0	0	8	0	0	0
www.city.oita-bungoonoshi.oita.jp			2026-09-19	2026-09-19	0	0	8	0	0	0
www.city.oita-nakatsu.jp			2026-09-19	2026-09-19	0	0	8	0	0	0
www.city.oita-nakatsu.lg.jp			2026-09-19	2026-09-19	0	0	8	0	0	0
www.city.oita-nakatsu.oita.jp			2026-09-19	2026-09-19	0	0	8	0	0	0
www.city.oita-nakatsushi.jp			2026-09-19	2026-09-19	0	0	8	0	0	0
www.city.oita-nakatsushi.lg.jp			2026-09-19	2026-09-19	0	0	8	0	0	0
www.city.oita-nakatsushi.oita.jp			2026-09-19	2026-09-19	0	0	8	0	0	0
www.city.oita.lg.jp			2026-09-19	2026-09-19	0	0	4	0	0	0
www.city.ojiya.lg.jp			2026-09-12	2026-09-12	0	0	1	0	0	0
www.city.omachi.lg.jp			2026-09-12	2026-09-12	0	0	1	0	0	0
www.city.omaezaki.lg.jp			2026-09-08	2026-09-08	0	0	1	0	0	0
www.city.ome.lg.jp			2026-09-11	2026-09-11	0	0	1	0	0	0
www.city.omura.lg.jp			2026-09-19	2026-09-19	0	0	4	0	0	0
www.city.ono.lg.jp			2026-09-12	2026-09-12	0	0	1	0	0	0
www.city.onojo.lg.jp			2026-09-19	2026-09-19	0	0	4	0	0	0
www.city.ota.gumma.jp			2026-09-12	2026-09-12	0	0	1	0	0	0
www.city.ota.jp			2026-09-12	2026-09-12	0	0	1	0	0	0
www.city.ota.lg.jp			2026-09-11	2026-09-11	0	0	1	0	0	0
www.city.otashi.gumma.jp			2026-09-12	2026-09-12	0	0	1	0	0	0
www.city.otashi.jp			2026-09-12	2026-09-12	0	0	1	0	0	0
www.city.otashi.lg.jp			2026-09-12	2026-09-12	0	0	1	0	0	0
www.city.otawara.chigi.jp			2026-09-11	2026-09-11	0	0	1	0	0	0
www.city.otawara.jp			2026-09-11	2026-09-11	0	0	1	0	0	0
www.city.otawara.lg.jp			2026-09-11	2026-09-11	0	0	1	0	0	0
www.city.otawara.tochigi.jp			2026-09-11	2026-09-11	0	0	1	0	0	0
www.city.otawarashi.chigi.jp			2026-09-11	2026-09-11	0	0	1	0	0	0
www.city.otawarashi.jp			2026-09-11	2026-09-11	0	0	1	0	0	0
www.city.otawarashi.lg.jp			2026-09-11	2026-09-11	0	0	1	0	0	0
www.city.otawarashi.tochigi.jp			2026-09-11	2026-09-11	0	0	1	0	0	0
www.city.otsuki.lg.jp			2026-09-12	2026-09-12	0	0	1	0	0	0
www.city.oyama.chigi.jp			2026-09-11	2026-09-11	0	0	1	0	0	0
www.city.oyama.jp			2026-09-11	2026-09-11	0	0	1	0	0	0
www.city.oyama.lg.jp			2026-09-11	2026-09-11	0	0	1	0	0	0
www.city.oyamashi.chigi.jp			2026-09-11	2026-09-11	0	0	1	0	0	0
www.city.oyamashi.jp			2026-09-11	2026-09-11	0	0	1	0	0	0
www.city.oyamashi.lg.jp			2026-09-11	2026-09-11	0	0	1	0	0	0
www.city.ryugasaki.lg.jp			2026-09-07	2026-09-07	0	0	1	0	0	0
www.city.sabae.lg.jp			2026-09-12	2026-09-12	0	0	1	0	0	0
www.city.sado.lg.jp			2026-09-12	2026-09-12	0	0	1	0	0	0
www.city.sagamihara.lg.jp			2026-09-11	2026-09-11	0	0	1	0	0	0
www.city.saikai.lg.jp			2026-09-19	2026-09-19	0	0	4	0	0	0
www.city.saiki.lg.jp			2026-09-19	2026-09-19	0	0	4	0	0	0
www.city.saitama-giyoda.jp			2026-09-11	2026-09-11	0	0	1	0	0	0
www.city.saitama-giyoda.lg.jp			2026-09-11	2026-09-11	0	0	1	0	0	0
www.city.saitama-giyoda.saitama.jp			2026-09-11	2026-09-11	0	0	1	0	0	0
www.city.saitama-giyodashi.jp			2026-09-11	2026-09-11	0	0	1	0	0	0
www.city.saitama-giyodashi.lg.jp			2026-09-11	2026-09-11	0	0	1	0	0	0
www.city.saitama-giyodashi.saitama.jp			2026-09-11	2026-09-11	0	0	1	0	0	0
www.city.saitama-haniyu.jp			2026-09-11	2026-09-11	0	0	1	0	0	0
www.city.saitama-haniyu.lg.jp			2026-09-11	2026-09-11	0	0	1	0	0	0
www.city.saitama-haniyu.saitama.jp			2026-09-11	2026-09-11	0	0	1	0	0	0
www.city.saitama-haniyushi.jp			2026-09-11	2026-09-11	0	0	1	0	0	0
www.city.saitama-haniyushi.lg.jp			2026-09-11	2026-09-11	0	0	1	0	0	0
www.city.saitama-haniyushi.saitama.jp			2026-09-11	2026-09-11	0	0	1	0	0	0
www.city.saitama-haniyuu.jp			2026-09-11	2026-09-11	0	0	1	0	0	0
www.city.saitama-haniyuu.lg.jp			2026-09-11	2026-09-11	0	0	1	0	0	0
www.city.saitama-haniyuu.saitama.jp			2026-09-11	2026-09-11	0	0	1	0	0	0
www.city.saitama-haniyuushi.jp			2026-09-11	2026-09-11	0	0	1	0	0	0
www.city.saitama-haniyuushi.lg.jp			2026-09-11	2026-09-11	0	0	1	0	0	0
www.city.saitama-haniyuushi.saitama.jp			2026-09-11	2026-09-11	0	0	1	0	0	0
www.city.saitama-hanyuu.jp			2026-09-11	2026-09-11	0	0	1	0	0	0
www.city.saitama-hanyuu.lg.jp			2026-09-11	2026-09-11	0	0	1	0	0	0
www.city.saitama-hanyuu.saitama.jp			2026-09-11	2026-09-11	0	0	1	0	0	0
www.city.saitama-hanyuushi.jp			2026-09-11	2026-09-11	0	0	1	0	0	0
www.city.saitama-hanyuushi.lg.jp			2026-09-11	2026-09-11	0	0	1	0	0	0
www.city.saitama-hanyuushi.saitama.jp			2026-09-11	2026-09-11	0	0	1	0	0	0
www.city.saitama-honjiyo.jp			2026-09-11	2026-09-11	0	0	1	0	0	0
www.city.saitama-honjiyo.lg.jp			2026-09-11	2026-09-11	0	0	1	0	0	0
www.city.saitama-honjiyo.saitama.jp			2026-09-11	2026-09-11	0	0	1	0	0	0
www.city.saitama-honjiyoshi.jp			2026-09-11	2026-09-11	0	0	1	0	0	0
www.city.saitama-honjiyoshi.lg.jp			2026-09-11	2026-09-11	0	0	1	0	0	0
www.city.saitama-honjiyoshi.saitama.jp			2026-09-11	2026-09-11	0	0	1	0	0	0
www.city.saitama-honjyo.jp			2026-09-11	2026-09-11	0	0	1	0	0	0
www.city.saitama-honjyo.lg.jp			2026-09-11	2026-09-11	0	0	1	0	0	0
www.city.saitama-honjyo.saitama.jp			2026-09-11	2026-09-11	0	0	1	0	0	0
www.city.saitama-honjyoshi.jp			2026-09-11	2026-09-11	0	0	1	0	0	0
www.city.saitama-honjyoshi.lg.jp			2026-09-11	2026-09-11	0	0	1	0	0	0
www.city.saitama-honjyoshi.saitama.jp			2026-09-11	2026-09-11	0	0	1	0	0	0
www.city.saitama-konosu.jp			2026-09-11	2026-09-11	0	0	1	0	0	0
www.city.saitama-konosu.lg.jp			2026-09-11	2026-09-11	0	0	1	0	0	0
www.city.saitama-konosu.saitama.jp			2026-09-11	2026-09-11	0	0	1	0	0	0
www.city.saitama-konosushi.jp			2026-09-11	2026-09-11	0	0	1	0	0	0
www.city.saitama-konosushi.lg.jp			2026-09-11	2026-09-11	0	0	1	0	0	0
www.city.saitama-konosushi.saitama.jp			2026-09-11	2026-09-11	0	0	1	0	0	0
www.city.sakai.fukui.jp			2026-09-12	2026-09-12	0	0	1	0	0	0
www.city.sakai.jp			2026-09-12	2026-09-12	0	0	1	0	0	0
www.city.saku.lg.jp			2026-09-12	2026-09-12	0	0	1	0	0	0
www.city.sakura.chigi.jp			2026-09-11	2026-09-11	0	0	1	0	0	0
www.city.sakura.jp			2026-09-11	2026-09-11	0	0	1	0	0	0
www.city.sakura.tochigi.jp			2026-09-11	2026-09-11	0	0	1	0	0	0
www.city.sakurashi.chigi.jp			2026-09-11	2026-09-11	0	0	1	0	0	0
www.city.sakurashi.jp			2026-09-11	2026-09-11	0	0	1	0	0	0
www.city.sakurashi.lg.jp			2026-09-11	2026-09-11	0	0	1	0	0	0
www.city.sanjo.lg.jp			2026-09-12	2026-09-12	0	0	1	0	0	0
www.city.sayama.lg.jp			2026-09-11	2026-09-11	0	0	1	0	0	0
www.city.seto.lg.jp			2026-09-08	2026-09-08	0	0	1	0	0	0
www.city.shibuya.lg.jp			2026-09-11	2026-09-11	0	0	1	0	0	0
www.city.shima.lg.jp			2026-09-12	2026-09-12	0	0	1	0	0	0
www.city.shimada.lg.jp			2026-09-08	2026-09-08	0	0	1	0	0	0
www.city.shimoda.lg.jp			2026-09-08	2026-09-08	0	0	1	0	0	0
www.city.shinagawa.lg.jp			2026-09-11	2026-09-11	0	0	1	0	0	0
www.city.shinguu.jp			2026-09-12	2026-09-12	0	0	1	0	0	0
www.city.shinguu.lg.jp			2026-09-12	2026-09-12	0	0	1	0	0	0
www.city.shinguu.wakayama.jp			2026-09-12	2026-09-12	0	0	1	0	0	0
www.city.shinguushi.jp			2026-09-12	2026-09-12	0	0	1	0	0	0
www.city.shinguushi.lg.jp			2026-09-12	2026-09-12	0	0	1	0	0	0
www.city.shinguushi.wakayama.jp			2026-09-12	2026-09-12	0	0	1	0	0	0
www.city.shirakawa.lg.jp			2026-09-12	2026-09-12	0	0	1	0	0	0
www.city.shiroi.lg.jp			2026-09-11	2026-09-11	0	0	1	0	0	0
www.city.soka.lg.jp			2026-09-11	2026-09-11	0	0	1	0	0	0
www.city.soma.lg.jp			2026-09-12	2026-09-12	0	0	1	0	0	0
www.city.soo.lg.jp			2026-09-20	2026-09-20	0	0	2	0	0	0
www.city.suginami.lg.jp			2026-09-11	2026-09-11	0	0	1	0	0	0
www.city.sukagawa.lg.jp			2026-09-12	2026-09-12	0	0	1	0	0	0
www.city.susono.lg.jp			2026-09-08	2026-09-08	0	0	1	0	0	0
www.city.suzaka.lg.jp			2026-09-12	2026-09-12	0	0	1	0	0	0
www.city.tagawa.fukuoka.jp			2026-09-19	2026-09-19	0	0	8	0	0	0
www.city.tagawa.jp			2026-09-19	2026-09-19	0	0	8	0	0	0
www.city.tagawa.lg.jp			2026-09-19	2026-09-19	0	0	8	0	0	0
www.city.tagawashi.fukuoka.jp			2026-09-19	2026-09-19	0	0	8	0	0	0
www.city.tagawashi.jp			2026-09-19	2026-09-19	0	0	8	0	0	0
www.city.tagawashi.lg.jp			2026-09-19	2026-09-19	0	0	8	0	0	0
www.city.tahara.lg.jp			2026-09-08	2026-09-08	0	0	1	0	0	0
www.city.tainai.lg.jp			2026-09-12	2026-09-12	0	0	1	0	0	0
www.city.takahagi.lg.jp			2026-09-07	2026-09-07	0	0	1	0	0	0
www.city.takasaki.gumma.jp			2026-09-12	2026-09-12	0	0	1	0	0	0
www.city.takasaki.jp			2026-09-12	2026-09-12	0	0	1	0	0	0
www.city.takasaki.lg.jp			2026-09-12	2026-09-12	0	0	1	0	0	0
www.city.takasakishi.gumma.jp			2026-09-12	2026-09-12	0	0	1	0	0	0
www.city.takasakishi.jp			2026-09-12	2026-09-12	0	0	1	0	0	0
www.city.takasakishi.lg.jp			2026-09-12	2026-09-12	0	0	1	0	0	0
www.city.taketa.lg.jp			2026-09-19	2026-09-19	0	0	4	0	0	0
www.city.tatebayashi.gumma.jp			2026-09-12	2026-09-12	0	0	1	0	0	0
www.city.tatebayashi.jp			2026-09-12	2026-09-12	0	0	1	0	0	0
www.city.tatebayashi.lg.jp			2026-09-12	2026-09-12	0	0	1	0	0	0
www.city.tatebayashishi.gumma.jp			2026-09-12	2026-09-12	0	0	1	0	0	0
www.city.tatebayashishi.jp			2026-09-12	2026-09-12	0	0	1	0	0	0
www.city.tatebayashishi.lg.jp			2026-09-12	2026-09-12	0	0	1	0	0	0
www.city.tateyama.lg.jp			2026-09-11	2026-09-11	0	0	1	0	0	0
www.city.tenri.lg.jp			2026-09-12	2026-09-12	0	0	1	0	0	0
www.city.toba.lg.jp			2026-09-12	2026-09-12	0	0	1	0	0	0
www.city.tochigi-mooka.jp			2026-09-11	2026-09-11	0	0	1	0	0	0
www.city.tochigi-mooka.lg.jp			2026-09-11	2026-09-11	0	0	1	0	0	0
www.city.tochigi-mooka.tochigi.jp			2026-09-11	2026-09-11	0	0	1	0	0	0
www.city.tochigi-mookashi.jp			2026-09-11	2026-09-11	0	0	1	0	0	0
www.city.tochigi-mookashi.lg.jp			2026-09-11	2026-09-11	0	0	1	0	0	0
www.city.tochigi-mookashi.tochigi.jp			2026-09-11	2026-09-11	0	0	1	0	0	0
www.city.tochigi-otawara.jp			2026-09-11	2026-09-11	0	0	1	0	0	0
www.city.tochigi-otawara.lg.jp			2026-09-11	2026-09-11	0	0	1	0	0	0
www.city.tochigi-otawara.tochigi.jp			2026-09-11	2026-09-11	0	0	1	0	0	0
www.city.tochigi-otawarashi.jp			2026-09-11	2026-09-11	0	0	1	0	0	0
www.city.tochigi-otawarashi.lg.jp			2026-09-11	2026-09-11	0	0	1	0	0	0
www.city.tochigi-otawarashi.tochigi.jp			2026-09-11	2026-09-11	0	0	1	0	0	0
www.city.toda.lg.jp			2026-09-11	2026-09-11	0	0	1	0	0	0
www.city.togane.lg.jp			2026-09-11	2026-09-11	0	0	1	0	0	0
www.city.tokai.lg.jp			2026-09-08	2026-09-08	0	0	1	0	0	0
www.city.tokoname.lg.jp			2026-09-08	2026-09-08	0	0	1	0	0	0
www.city.tokorozawa.lg.jp			2026-09-11	2026-09-11	0	0	1	0	0	0
www.city.tokyo-higashimurayama.jp			2026-09-11	2026-09-11	0	0	1	0	0	0
www.city.tokyo-higashimurayama.lg.jp			2026-09-11	2026-09-11	0	0	1	0	0	0
www.city.tokyo-higashimurayama.tokyo.jp			2026-09-11	2026-09-11	0	0	1	0	0	0
www.city.tokyo-higashimurayamashi.jp			2026-09-11	2026-09-11	0	0	1	0	0	0
www.city.tokyo-higashimurayamashi.lg.jp			2026-09-11	2026-09-11	0	0	1	0	0	0
www.city.tokyo-higashimurayamashi.tokyo.jp			2026-09-11	2026-09-11	0	0	1	0	0	0
www.city.tomi.lg.jp			2026-09-12	2026-09-12	0	0	1	0	0	0
www.city.tomioka.gumma.jp			2026-09-12	2026-09-12	0	0	1	0	0	0
www.city.tomioka.gunma.jp			2026-09-12	2026-09-12	0	0	1	0	0	0
www.city.tomioka.jp			2026-09-12	2026-09-12	0	0	1	0	0	0
www.city.tomiokashi.gumma.jp			2026-09-12	2026-09-12	0	0	1	0	0	0
www.city.tomiokashi.gunma.jp			2026-09-12	2026-09-12	0	0	1	0	0	0
www.city.tomiokashi.jp			2026-09-12	2026-09-12	0	0	1	0	0	0
www.city.tomiokashi.lg.jp			2026-09-12	2026-09-12	0	0	1	0	0	0
www.city.tookamachi.jp			2026-09-12	2026-09-12	0	0	1	0	0	0
www.city.tookamachi.lg.jp			2026-09-12	2026-09-12	0	0	1	0	0	0
www.city.tookamachi.niigata.jp			2026-09-12	2026-09-12	0	0	1	0	0	0
www.city.tookamachishi.jp			2026-09-12	2026-09-12	0	0	1	0	0	0
www.city.tookamachishi.lg.jp			2026-09-12	2026-09-12	0	0	1	0	0	0
www.city.tookamachishi.niigata.jp			2026-09-12	2026-09-12	0	0	1	0	0	0
www.city.toride.lg.jp			2026-09-07	2026-09-07	0	0	1	0	0	0
www.city.toyota.lg.jp			2026-09-08	2026-09-08	0	0	1	0	0	0
www.city.tsu.jp			2026-09-12	2026-09-12	0	0	1	0	0	0
www.city.tsu.lg.jp			2026-09-12	2026-09-12	0	0	1	0	0	0
www.city.tsu.mie.jp			2026-09-12	2026-09-12	0	0	1	0	0	0
www.city.tsubame.lg.jp			2026-09-12	2026-09-12	0	0	1	0	0	0
www.city.tsukumi.lg.jp			2026-09-19	2026-09-19	0	0	4	0	0	0
www.city.tsuru.lg.jp			2026-09-12	2026-09-12	0	0	1	0	0	0
www.city.tsushi.jp			2026-09-12	2026-09-12	0	0	1	0	0	0
www.city.tsushi.lg.jp			2026-09-12	2026-09-12	0	0	1	0	0	0
www.city.tsushi.mie.jp			2026-09-12	2026-09-12	0	0	1	0	0	0
www.city.ueda.lg.jp			2026-09-12	2026-09-12	0	0	1	0	0	0
www.city.uenohara.lg.jp			2026-09-12	2026-09-12	0	0	1	0	0	0
www.city.uki.lg.jp			2026-09-20	2026-09-20	0	0	2	0	0	0
www.city.ukiha.lg.jp			2026-09-19	2026-09-19	0	0	4	0	0	0
www.city.unzen.lg.jp			2026-09-19	2026-09-19	0	0	4	0	0	0
www.city.usa.lg.jp			2026-09-19	2026-09-19	0	0	4	0	0	0
www.city.usuki.lg.jp			2026-09-19	2026-09-19	0	0	4	0	0	0
www.city.wakayama-shinguu.jp			2026-09-12	2026-09-12	0	0	1	0	0	0
www.city.wakayama-shinguu.lg.jp			2026-09-12	2026-09-12	0	0	1	0	0	0
www.city.wakayama-shinguu.wakayama.jp			2026-09-12	2026-09-12	0	0	1	0	0	0
www.city.wakayama-shinguushi.jp			2026-09-12	2026-09-12	0	0	1	0	0	0
www.city.wakayama-shinguushi.lg.jp			2026-09-12	2026-09-12	0	0	1	0	0	0
www.city.wakayama-shinguushi.wakayama.jp			2026-09-12	2026-09-12	0	0	1	0	0	0
www.city.wakayama.lg.jp			2026-09-12	2026-09-12	0	0	1	0	0	0
www.city.warabi.lg.jp			2026-09-11	2026-09-11	0	0	1	0	0	0
www.city.yaita.chigi.jp			2026-09-11	2026-09-11	0	0	1	0	0	0
www.city.yaita.jp			2026-09-11	2026-09-11	0	0	1	0	0	0
www.city.yaita.lg.jp			2026-09-11	2026-09-11	0	0	1	0	0	0
www.city.yaitashi.chigi.jp			2026-09-11	2026-09-11	0	0	1	0	0	0
www.city.yaitashi.jp			2026-09-11	2026-09-11	0	0	1	0	0	0
www.city.yaitashi.lg.jp			2026-09-11	2026-09-11	0	0	1	0	0	0
www.city.yamaga.lg.jp			2026-09-20	2026-09-20	0	0	2	0	0	0
www.city.yamagata.lg.jp			2026-09-12	2026-09-12	0	0	1	0	0	0
www.city.yamanashi-minamiarupusu.jp			2026-09-12	2026-09-12	0	0	1	0	0	0
www.city.yamanashi-minamiarupusu.lg.jp			2026-09-12	2026-09-12	0	0	1	0	0	0
www.city.yamanashi-minamiarupusu.yamanashi.jp			2026-09-12	2026-09-12	0	0	1	0	0	0
www.city.yamanashi-minamiarupusushi.jp			2026-09-12	2026-09-12	0	0	1	0	0	0
www.city.yamanashi-minamiarupusushi.lg.jp			2026-09-12	2026-09-12	0	0	1	0	0	0
www.city.yamanashi-minamiarupusushi.yamanashi.jp			2026-09-12	2026-09-12	0	0	1	0	0	0
www.city.yamanashi.lg.jp			2026-09-12	2026-09-12	0	0	1	0	0	0
www.city.yamatokooriyama.jp			2026-09-12	2026-09-12	0	0	1	0	0	0
www.city.yamatokooriyama.lg.jp			2026-09-12	2026-09-12	0	0	1	0	0	0
www.city.yamatokooriyama.nara.jp			2026-09-12	2026-09-12	0	0	1	0	0	0
www.city.yamatokooriyamashi.jp			2026-09-12	2026-09-12	0	0	1	0	0	0
www.city.yamatokooriyamashi.lg.jp			2026-09-12	2026-09-12	0	0	1	0	0	0
www.city.yamatokooriyamashi.nara.jp			2026-09-12	2026-09-12	0	0	1	0	0	0
www.city.yamatokooryama.jp			2026-09-12	2026-09-12	0	0	1	0	0	0
www.city.yamatokooryama.lg.jp			2026-09-12	2026-09-12	0	0	1	0	0	0
www.city.yamatokooryama.nara.jp			2026-09-12	2026-09-12	0	0	1	0	0	0
www.city.yamatokooryamashi.jp			2026-09-12	2026-09-12	0	0	1	0	0	0
www.city.yamatokooryamashi.lg.jp			2026-09-12	2026-09-12	0	0	1	0	0	0
www.city.yamatokooryamashi.nara.jp			2026-09-12	2026-09-12	0	0	1	0	0	0
www.city.yamatotakada.lg.jp			2026-09-12	2026-09-12	0	0	1	0	0	0
www.city.yame.lg.jp			2026-09-19	2026-09-19	0	0	4	0	0	0
www.city.yanagawa.lg.jp			2026-09-19	2026-09-19	0	0	4	0	0	0
www.city.yokosuka.lg.jp			2026-09-11	2026-09-11	0	0	1	0	0	0
www.city.yoshikawa.lg.jp			2026-09-11	2026-09-11	0	0	1	0	0	0
www.city.yotsukaido.lg.jp			2026-09-11	2026-09-11	0	0	1	0	0	0
www.city.yufu.lg.jp			2026-09-19	2026-09-19	0	0	4	0	0	0
www.city.yukuhashi.lg.jp			2026-09-19	2026-09-19	0	0	4	0	0	0
www.city.yuuki.ibaraki.jp			2026-09-07	2026-09-07	0	0	1	0	0	0
www.city.yuuki.jp			2026-09-11	2026-09-11	0	0	1	0	0	0
www.city.yuuki.lg.jp			2026-09-07	2026-09-07	0	0	1	0	0	0
www.city.yuukishi.ibaraki.jp			2026-09-11	2026-09-11	0	0	1	0	0	0
www.city.yuukishi.jp			2026-09-11	2026-09-11	0	0	1	0	0	0
www.city.yuukishi.lg.jp			2026-09-11	2026-09-11	0	0	1	0	0	0
www.city.zama.lg.jp			2026-09-11	2026-09-11	0	0	1	0	0	0
www.city.zushi.lg.jp			2026-09-11	2026-09-11	0	0	1	0	0	0
www.edu.pref.aichi.jp			2026-09-08	2026-09-08	0	0	1	0	0	0
www.edu.pref.chiba.jp			2026-09-11	2026-09-11	0	0	1	0	0	0
www.edu.pref.chigi.jp			2026-09-11	2026-09-11	0	0	1	0	0	0
www.edu.pref.gifu.jp			2026-09-12	2026-09-12	0	0	1	0	0	0
www.edu.pref.kanagawa.jp			2026-09-11	2026-09-11	0	0	1	0	0	0
www.edu.pref.mie.jp			2026-09-12	2026-09-12	0	0	1	0	0	0
www.edu.pref.saitama.jp			2026-09-11	2026-09-11	0	0	1	0	0	0
www.edu.pref.shizuoka.jp			2026-09-08	2026-09-08	0	0	1	0	0	0
www.edu.pref.tochigi.jp			2026-09-11	2026-09-11	0	0	1	0	0	0
www.edu.pref.tokyo.jp			2026-09-11	2026-09-11	0	0	1	0	0	0
www.edu.pref.wakayama.jp			2026-09-12	2026-09-12	0	0	1	0	0	0
www.fuji-kankou.com			2026-09-12	2026-09-12	0	0	2	0	0	0
www.iga-kankou.or.jp			2026-09-12	2026-09-12	0	0	2	0	0	0
www.inagi-kanko.jp			2026-09-12	2026-09-12	0	0	2	0	0	0
www.inakanko.com			2026-09-12	2026-09-12	0	0	2	0	0	0
www.iwakura-kanko.com			2026-09-12	2026-09-12	0	0	2	0	0	0
www.kaisei-kankou.com			2026-09-12	2026-09-12	0	0	2	0	0	0
www.kamakura-kanko.com			2026-09-12	2026-09-12	0	0	1	0	0	0
www.kankou-kawatana.jp			2026-09-19	2026-09-19	0	4	4	0	0	0
www.kashihara-kankou.com			2026-09-12	2026-09-12	0	0	2	0	0	0
www.kasugakankou.com			2026-09-19	2026-09-19	0	0	8	0	0	0
www.katsuragi-kanko.jp	和歌山県	かつらぎ町観光	2026-09-12	2026-09-12	0	0	2	0	0	0
www.katsuura-kankou.net 	千葉県	勝浦市観光	2026-09-11	2026-09-11	0	0	2	0	0	0
www.kozagawakanko.jp			2026-09-12	2026-09-12	0	0	2	0	0	0
www.kuma-kanko.com			2026-09-20	2026-09-20	0	0	8	0	0	0
www.kyoiku.metro.aichi.lg.jp			2026-09-08	2026-09-08	0	0	1	0	0	0
www.kyoiku.metro.chiba.lg.jp			2026-09-11	2026-09-11	0	0	1	0	0	0
www.kyoiku.metro.chigi.lg.jp			2026-09-11	2026-09-11	0	0	1	0	0	0
www.kyoiku.metro.gifu.lg.jp			2026-09-12	2026-09-12	0	0	1	0	0	0
www.kyoiku.metro.kanagawa.lg.jp			2026-09-11	2026-09-11	0	0	1	0	0	0
www.kyoiku.metro.mie.lg.jp			2026-09-12	2026-09-12	0	0	1	0	0	0
www.kyoiku.metro.saitama.lg.jp			2026-09-11	2026-09-11	0	0	1	0	0	0
www.kyoiku.metro.shizuoka.lg.jp			2026-09-08	2026-09-08	0	0	1	0	0	0
www.kyoiku.metro.tochigi.lg.jp			2026-09-11	2026-09-11	0	0	1	0	0	0
www.kyoiku.metro.wakayama.lg.jp			2026-09-12	2026-09-12	0	0	1	0	0	0
www.matsumotokanko.com			2026-09-12	2026-09-12	0	0	1	0	0	0
www.metro.chigi.lg.jp			2026-09-11	2026-09-11	0	0	1	0	0	0
www.minamiaizu-kanko.com			2026-09-12	2026-09-12	0	0	2	0	0	0
www.mitsue-kankou.com			2026-09-12	2026-09-12	0	0	2	0	0	0
www.miyama-kankou.jp			2026-09-19	2026-09-19	0	0	8	0	0	0
www.nanbu-kanko.com			2026-09-12	2026-09-12	0	0	2	0	0	0
www.pref.aichi.ed.jp			2026-09-08	2026-09-08	0	0	1	0	0	0
www.pref.chiba.ed.jp			2026-09-11	2026-09-11	0	0	1	0	0	0
www.pref.chiba.jp			2026-09-11	2026-09-11	0	0	1	0	0	0
www.pref.chigi.ed.jp			2026-09-11	2026-09-11	0	0	1	0	0	0
www.pref.chigi.jp			2026-09-11	2026-09-11	0	0	1	0	0	0
www.pref.chigi.lg.jp			2026-09-11	2026-09-11	0	0	1	0	0	0
www.pref.gifu.ed.jp			2026-09-12	2026-09-12	0	0	1	0	0	0
www.pref.gifu.jp			2026-09-12	2026-09-12	0	0	1	0	0	0
www.pref.kanagawa.ed.jp			2026-09-11	2026-09-11	0	0	1	0	0	0
www.pref.mie.ed.jp			2026-09-12	2026-09-12	0	0	1	0	0	0
www.pref.mie.jp			2026-09-12	2026-09-12	0	0	1	0	0	0
www.pref.saitama.ed.jp			2026-09-11	2026-09-11	0	0	1	0	0	0
www.pref.saitama.jp			2026-09-11	2026-09-11	0	0	1	0	0	0
www.pref.shizuoka.ed.jp			2026-09-08	2026-09-08	0	0	1	0	0	0
www.pref.tochigi.ed.jp			2026-09-11	2026-09-11	0	0	1	0	0	0
www.pref.tochigi.jp			2026-09-11	2026-09-11	0	0	1	0	0	0
www.pref.tokyo.ed.jp			2026-09-11	2026-09-11	0	0	1	0	0	0
www.pref.tokyo.jp			2026-09-11	2026-09-11	0	0	1	0	0	0
www.pref.tokyo.lg.jp			2026-09-11	2026-09-11	0	0	1	0	0	0
www.pref.wakayama.ed.jp			2026-09-12	2026-09-12	0	0	1	0	0	0
www.pref.wakayama.jp			2026-09-12	2026-09-12	0	0	1	0	0	0
www.sabae-kankou.jp			2026-09-12	2026-09-12	0	0	2	0	0	0
www.saza.jp			2026-09-19	2026-09-19	0	0	2	0	0	0
www.sazacho.jp			2026-09-19	2026-09-19	0	0	2	0	0	0
www.shimizu-kankou.jp			2026-09-12	2026-09-12	0	0	2	0	0	0
www.tanagura-kanko.jp			2026-09-12	2026-09-12	0	0	2	0	0	0
www.tarui-kanko.jp			2026-09-12	2026-09-12	0	0	2	0	0	0
www.tatsuno-kankou.com			2026-09-12	2026-09-12	0	0	2	0	0	0
www.tenryu-kanko.com			2026-09-12	2026-09-12	0	0	2	0	0	0
www.town.aga.lg.jp			2026-09-12	2026-09-12	0	0	1	0	0	0
www.town.agematsu.lg.jp			2026-09-12	2026-09-12	0	0	1	0	0	0
www.town.aikawa.lg.jp			2026-09-11	2026-09-11	0	0	1	0	0	0
www.town.aisho.lg.jp			2026-09-12	2026-09-12	0	0	1	0	0	0
www.town.aizubange.lg.jp			2026-09-12	2026-09-12	0	0	1	0	0	0
www.town.aizumisato.lg.jp			2026-09-12	2026-09-12	0	0	1	0	0	0
www.town.ampachi.gifu.jp			2026-09-12	2026-09-12	0	0	1	0	0	0
www.town.ampachi.jp			2026-09-12	2026-09-12	0	0	1	0	0	0
www.town.ampachi.lg.jp			2026-09-12	2026-09-12	0	0	1	0	0	0
www.town.ampachicho.gifu.jp			2026-09-12	2026-09-12	0	0	1	0	0	0
www.town.ampachicho.jp			2026-09-12	2026-09-12	0	0	1	0	0	0
www.town.ampachicho.lg.jp			2026-09-12	2026-09-12	0	0	1	0	0	0
www.town.ampachimachi.gifu.jp			2026-09-12	2026-09-12	0	0	1	0	0	0
www.town.ampachimachi.jp			2026-09-12	2026-09-12	0	0	1	0	0	0
www.town.ampachimachi.lg.jp			2026-09-12	2026-09-12	0	0	1	0	0	0
www.town.anan.jp			2026-09-12	2026-09-12	0	0	1	0	0	0
www.town.anan.lg.jp			2026-09-12	2026-09-12	0	0	1	0	0	0
www.town.anancho.jp			2026-09-12	2026-09-12	0	0	1	0	0	0
www.town.anancho.lg.jp			2026-09-12	2026-09-12	0	0	1	0	0	0
www.town.anancho.nagano.jp			2026-09-12	2026-09-12	0	0	1	0	0	0
www.town.ananmachi.jp			2026-09-12	2026-09-12	0	0	1	0	0	0
www.town.ananmachi.lg.jp			2026-09-12	2026-09-12	0	0	1	0	0	0
www.town.ananmachi.nagano.jp			2026-09-12	2026-09-12	0	0	1	0	0	0
www.town.ando.lg.jp			2026-09-12	2026-09-12	0	0	1	0	0	0
www.town.asahi.jp			2026-09-12	2026-09-12	0	0	1	0	0	0
www.town.asahi.lg.jp			2026-09-12	2026-09-12	0	0	1	0	0	0
www.town.asahi.mie.jp			2026-09-12	2026-09-12	0	0	1	0	0	0
www.town.asahicho.jp			2026-09-12	2026-09-12	0	0	1	0	0	0
www.town.asahicho.lg.jp			2026-09-12	2026-09-12	0	0	1	0	0	0
www.town.asahicho.mie.jp			2026-09-12	2026-09-12	0	0	1	0	0	0
www.town.asahimachi.jp			2026-09-12	2026-09-12	0	0	1	0	0	0
www.town.asahimachi.lg.jp			2026-09-12	2026-09-12	0	0	1	0	0	0
www.town.asahimachi.mie.jp			2026-09-12	2026-09-12	0	0	1	0	0	0
www.town.asakawa.lg.jp			2026-09-12	2026-09-12	0	0	1	0	0	0
www.town.aya.lg.jp			2026-09-20	2026-09-20	0	0	2	0	0	0
www.town.bandai.lg.jp			2026-09-12	2026-09-12	0	0	1	0	0	0
www.town.chiba-kiyonan.chiba.jp			2026-09-11	2026-09-11	0	0	1	0	0	0
www.town.chiba-kiyonan.jp			2026-09-11	2026-09-11	0	0	1	0	0	0
www.town.chiba-kiyonan.lg.jp			2026-09-11	2026-09-11	0	0	1	0	0	0
www.town.chiba-kiyonancho.chiba.jp			2026-09-11	2026-09-11	0	0	1	0	0	0
www.town.chiba-kiyonancho.jp			2026-09-11	2026-09-11	0	0	1	0	0	0
www.town.chiba-kiyonancho.lg.jp			2026-09-11	2026-09-11	0	0	1	0	0	0
www.town.chiba-kiyonanmachi.chiba.jp			2026-09-11	2026-09-11	0	0	1	0	0	0
www.town.chiba-kiyonanmachi.jp			2026-09-11	2026-09-11	0	0	1	0	0	0
www.town.chiba-kiyonanmachi.lg.jp			2026-09-11	2026-09-11	0	0	1	0	0	0
www.town.chiba-kujiyukuri.chiba.jp			2026-09-11	2026-09-11	0	0	1	0	0	0
www.town.chiba-kujiyukuri.jp			2026-09-11	2026-09-11	0	0	1	0	0	0
www.town.chiba-kujiyukuri.lg.jp			2026-09-11	2026-09-11	0	0	1	0	0	0
www.town.chiba-kujiyukuricho.chiba.jp			2026-09-11	2026-09-11	0	0	1	0	0	0
www.town.chiba-kujiyukuricho.jp			2026-09-11	2026-09-11	0	0	1	0	0	0
www.town.chiba-kujiyukuricho.lg.jp			2026-09-11	2026-09-11	0	0	1	0	0	0
www.town.chiba-kujiyukurimachi.chiba.jp			2026-09-11	2026-09-11	0	0	1	0	0	0
www.town.chiba-kujiyukurimachi.jp			2026-09-11	2026-09-11	0	0	1	0	0	0
www.town.chiba-kujiyukurimachi.lg.jp			2026-09-11	2026-09-11	0	0	1	0	0	0
www.town.chiba-kujiyuukuri.chiba.jp			2026-09-11	2026-09-11	0	0	1	0	0	0
www.town.chiba-kujiyuukuri.jp			2026-09-11	2026-09-11	0	0	1	0	0	0
www.town.chiba-kujiyuukuri.lg.jp			2026-09-11	2026-09-11	0	0	1	0	0	0
www.town.chiba-kujiyuukuricho.chiba.jp			2026-09-11	2026-09-11	0	0	1	0	0	0
www.town.chiba-kujiyuukuricho.jp			2026-09-11	2026-09-11	0	0	1	0	0	0
www.town.chiba-kujiyuukuricho.lg.jp			2026-09-11	2026-09-11	0	0	1	0	0	0
www.town.chiba-kujiyuukurimachi.chiba.jp			2026-09-11	2026-09-11	0	0	1	0	0	0
www.town.chiba-kujiyuukurimachi.jp			2026-09-11	2026-09-11	0	0	1	0	0	0
www.town.chiba-kujiyuukurimachi.lg.jp			2026-09-11	2026-09-11	0	0	1	0	0	0
www.town.chiba-kujyukuri.chiba.jp			2026-09-11	2026-09-11	0	0	1	0	0	0
www.town.chiba-kujyukuri.jp			2026-09-11	2026-09-11	0	0	1	0	0	0
www.town.chiba-kujyukuri.lg.jp			2026-09-11	2026-09-11	0	0	1	0	0	0
www.town.chiba-kujyukuricho.chiba.jp			2026-09-11	2026-09-11	0	0	1	0	0	0
www.town.chiba-kujyukuricho.jp			2026-09-11	2026-09-11	0	0	1	0	0	0
www.town.chiba-kujyukuricho.lg.jp			2026-09-11	2026-09-11	0	0	1	0	0	0
www.town.chiba-kujyukurimachi.chiba.jp			2026-09-11	2026-09-11	0	0	1	0	0	0
www.town.chiba-kujyukurimachi.jp			2026-09-11	2026-09-11	0	0	1	0	0	0
www.town.chiba-kujyukurimachi.lg.jp			2026-09-11	2026-09-11	0	0	1	0	0	0
www.town.chiba-kujyuukuri.chiba.jp			2026-09-11	2026-09-11	0	0	1	0	0	0
www.town.chiba-kujyuukuri.jp			2026-09-11	2026-09-11	0	0	1	0	0	0
www.town.chiba-kujyuukuri.lg.jp			2026-09-11	2026-09-11	0	0	1	0	0	0
www.town.chiba-kujyuukuricho.chiba.jp			2026-09-11	2026-09-11	0	0	1	0	0	0
www.town.chiba-kujyuukuricho.jp			2026-09-11	2026-09-11	0	0	1	0	0	0
www.town.chiba-kujyuukuricho.lg.jp			2026-09-11	2026-09-11	0	0	1	0	0	0
www.town.chiba-kujyuukurimachi.chiba.jp			2026-09-11	2026-09-11	0	0	1	0	0	0
www.town.chiba-kujyuukurimachi.jp			2026-09-11	2026-09-11	0	0	1	0	0	0
www.town.chiba-kujyuukurimachi.lg.jp			2026-09-11	2026-09-11	0	0	1	0	0	0
www.town.chiba-onjiyuku.chiba.jp			2026-09-11	2026-09-11	0	0	1	0	0	0
www.town.chiba-onjiyuku.jp			2026-09-11	2026-09-11	0	0	1	0	0	0
www.town.chiba-onjiyuku.lg.jp			2026-09-11	2026-09-11	0	0	1	0	0	0
www.town.chiba-onjiyukucho.chiba.jp			2026-09-11	2026-09-11	0	0	1	0	0	0
www.town.chiba-onjiyukucho.jp			2026-09-11	2026-09-11	0	0	1	0	0	0
www.town.chiba-onjiyukucho.lg.jp			2026-09-11	2026-09-11	0	0	1	0	0	0
www.town.chiba-onjiyukumachi.chiba.jp			2026-09-11	2026-09-11	0	0	1	0	0	0
www.town.chiba-onjiyukumachi.jp			2026-09-11	2026-09-11	0	0	1	0	0	0
www.town.chiba-onjiyukumachi.lg.jp			2026-09-11	2026-09-11	0	0	1	0	0	0
www.town.chiba-onjyuku.chiba.jp			2026-09-11	2026-09-11	0	0	1	0	0	0
www.town.chiba-onjyuku.jp			2026-09-11	2026-09-11	0	0	1	0	0	0
www.town.chiba-onjyuku.lg.jp			2026-09-11	2026-09-11	0	0	1	0	0	0
www.town.chiba-onjyukucho.chiba.jp			2026-09-11	2026-09-11	0	0	1	0	0	0
www.town.chiba-onjyukucho.jp			2026-09-11	2026-09-11	0	0	1	0	0	0
www.town.chiba-onjyukucho.lg.jp			2026-09-11	2026-09-11	0	0	1	0	0	0
www.town.chiba-onjyukumachi.chiba.jp			2026-09-11	2026-09-11	0	0	1	0	0	0
www.town.chiba-onjyukumachi.jp			2026-09-11	2026-09-11	0	0	1	0	0	0
www.town.chiba-onjyukumachi.lg.jp			2026-09-11	2026-09-11	0	0	1	0	0	0
www.town.chiba-tonosho.chiba.jp			2026-09-11	2026-09-11	0	0	1	0	0	0
www.town.chiba-tonosho.jp			2026-09-11	2026-09-11	0	0	1	0	0	0
www.town.chiba-tonosho.lg.jp			2026-09-11	2026-09-11	0	0	1	0	0	0
www.town.chiba-tonoshocho.chiba.jp			2026-09-11	2026-09-11	0	0	1	0	0	0
www.town.chiba-tonoshocho.jp			2026-09-11	2026-09-11	0	0	1	0	0	0
www.town.chiba-tonoshocho.lg.jp			2026-09-11	2026-09-11	0	0	1	0	0	0
www.town.chiba-tonoshomachi.chiba.jp			2026-09-11	2026-09-11	0	0	1	0	0	0
www.town.chiba-tonoshomachi.jp			2026-09-11	2026-09-11	0	0	1	0	0	0
www.town.chiba-tonoshomachi.lg.jp			2026-09-11	2026-09-11	0	0	1	0	0	0
www.town.chigi-haga.chigi.jp			2026-09-11	2026-09-11	0	0	1	0	0	0
www.town.chigi-haga.jp			2026-09-11	2026-09-11	0	0	1	0	0	0
www.town.chigi-haga.lg.jp			2026-09-11	2026-09-11	0	0	1	0	0	0
www.town.chigi-hagacho.chigi.jp			2026-09-11	2026-09-11	0	0	1	0	0	0
www.town.chigi-hagacho.jp			2026-09-11	2026-09-11	0	0	1	0	0	0
www.town.chigi-hagacho.lg.jp			2026-09-11	2026-09-11	0	0	1	0	0	0
www.town.chigi-hagamachi.chigi.jp			2026-09-11	2026-09-11	0	0	1	0	0	0
www.town.chigi-hagamachi.jp			2026-09-11	2026-09-11	0	0	1	0	0	0
www.town.chigi-hagamachi.lg.jp			2026-09-11	2026-09-11	0	0	1	0	0	0
www.town.chigi-ichikai.chigi.jp			2026-09-11	2026-09-11	0	0	1	0	0	0
www.town.chigi-ichikai.jp			2026-09-11	2026-09-11	0	0	1	0	0	0
www.town.chigi-ichikai.lg.jp			2026-09-11	2026-09-11	0	0	1	0	0	0
www.town.chigi-ichikaicho.chigi.jp			2026-09-11	2026-09-11	0	0	1	0	0	0
www.town.chigi-ichikaicho.jp			2026-09-11	2026-09-11	0	0	1	0	0	0
www.town.chigi-ichikaicho.lg.jp			2026-09-11	2026-09-11	0	0	1	0	0	0
www.town.chigi-ichikaimachi.chigi.jp			2026-09-11	2026-09-11	0	0	1	0	0	0
www.town.chigi-ichikaimachi.jp			2026-09-11	2026-09-11	0	0	1	0	0	0
www.town.chigi-ichikaimachi.lg.jp			2026-09-11	2026-09-11	0	0	1	0	0	0
www.town.chigi-mibu.chigi.jp			2026-09-11	2026-09-11	0	0	1	0	0	0
www.town.chigi-mibu.jp			2026-09-11	2026-09-11	0	0	1	0	0	0
www.town.chigi-mibu.lg.jp			2026-09-11	2026-09-11	0	0	1	0	0	0
www.town.chigi-mibucho.chigi.jp			2026-09-11	2026-09-11	0	0	1	0	0	0
www.town.chigi-mibucho.jp			2026-09-11	2026-09-11	0	0	1	0	0	0
www.town.chigi-mibucho.lg.jp			2026-09-11	2026-09-11	0	0	1	0	0	0
www.town.chigi-mibumachi.chigi.jp			2026-09-11	2026-09-11	0	0	1	0	0	0
www.town.chigi-mibumachi.jp			2026-09-11	2026-09-11	0	0	1	0	0	0
www.town.chigi-mibumachi.lg.jp			2026-09-11	2026-09-11	0	0	1	0	0	0
www.town.chigi-motegi.chigi.jp			2026-09-11	2026-09-11	0	0	1	0	0	0
www.town.chigi-motegi.jp			2026-09-11	2026-09-11	0	0	1	0	0	0
www.town.chigi-motegi.lg.jp			2026-09-11	2026-09-11	0	0	1	0	0	0
www.town.chigi-motegicho.chigi.jp			2026-09-11	2026-09-11	0	0	1	0	0	0
www.town.chigi-motegicho.jp			2026-09-11	2026-09-11	0	0	1	0	0	0
www.town.chigi-motegicho.lg.jp			2026-09-11	2026-09-11	0	0	1	0	0	0
www.town.chigi-motegimachi.chigi.jp			2026-09-11	2026-09-11	0	0	1	0	0	0
www.town.chigi-motegimachi.jp			2026-09-11	2026-09-11	0	0	1	0	0	0
www.town.chigi-motegimachi.lg.jp			2026-09-11	2026-09-11	0	0	1	0	0	0
www.town.chigi-nakagawa.chigi.jp			2026-09-11	2026-09-11	0	0	1	0	0	0
www.town.chigi-nakagawa.jp			2026-09-11	2026-09-11	0	0	1	0	0	0
www.town.chigi-nakagawa.lg.jp			2026-09-11	2026-09-11	0	0	1	0	0	0
www.town.chigi-nakagawacho.chigi.jp			2026-09-11	2026-09-11	0	0	1	0	0	0
www.town.chigi-nakagawacho.jp			2026-09-11	2026-09-11	0	0	1	0	0	0
www.town.chigi-nakagawacho.lg.jp			2026-09-11	2026-09-11	0	0	1	0	0	0
www.town.chigi-nakagawamachi.chigi.jp			2026-09-11	2026-09-11	0	0	1	0	0	0
www.town.chigi-nakagawamachi.jp			2026-09-11	2026-09-11	0	0	1	0	0	0
www.town.chigi-nakagawamachi.lg.jp			2026-09-11	2026-09-11	0	0	1	0	0	0
www.town.chigi-shioya.chigi.jp			2026-09-11	2026-09-11	0	0	1	0	0	0
www.town.chigi-shioya.jp			2026-09-11	2026-09-11	0	0	1	0	0	0
www.town.chigi-shioya.lg.jp			2026-09-11	2026-09-11	0	0	1	0	0	0
www.town.chigi-shioyacho.chigi.jp			2026-09-11	2026-09-11	0	0	1	0	0	0
www.town.chigi-shioyacho.jp			2026-09-11	2026-09-11	0	0	1	0	0	0
www.town.chigi-shioyacho.lg.jp			2026-09-11	2026-09-11	0	0	1	0	0	0
www.town.chigi-shioyamachi.chigi.jp			2026-09-11	2026-09-11	0	0	1	0	0	0
www.town.chigi-shioyamachi.jp			2026-09-11	2026-09-11	0	0	1	0	0	0
www.town.chigi-shioyamachi.lg.jp			2026-09-11	2026-09-11	0	0	1	0	0	0
www.town.chigi-takanezawa.chigi.jp			2026-09-11	2026-09-11	0	0	1	0	0	0
www.town.chigi-takanezawa.jp			2026-09-11	2026-09-11	0	0	1	0	0	0
www.town.chigi-takanezawa.lg.jp			2026-09-11	2026-09-11	0	0	1	0	0	0
www.town.chigi-takanezawacho.chigi.jp			2026-09-11	2026-09-11	0	0	1	0	0	0
www.town.chigi-takanezawacho.jp			2026-09-11	2026-09-11	0	0	1	0	0	0
www.town.chigi-takanezawacho.lg.jp			2026-09-11	2026-09-11	0	0	1	0	0	0
www.town.chigi-takanezawamachi.chigi.jp			2026-09-11	2026-09-11	0	0	1	0	0	0
www.town.chigi-takanezawamachi.jp			2026-09-11	2026-09-11	0	0	1	0	0	0
www.town.chigi-takanezawamachi.lg.jp			2026-09-11	2026-09-11	0	0	1	0	0	0
www.town.chikujo.lg.jp			2026-09-19	2026-09-19	0	0	4	0	0	0
www.town.chikuzen.lg.jp			2026-09-19	2026-09-19	0	0	4	0	0	0
www.town.chiyoda.gumma.jp			2026-09-12	2026-09-12	0	0	1	0	0	0
www.town.chiyoda.jp			2026-09-12	2026-09-12	0	0	1	0	0	0
www.town.chiyoda.lg.jp			2026-09-12	2026-09-12	0	0	1	0	0	0
www.town.chiyodacho.gumma.jp			2026-09-12	2026-09-12	0	0	1	0	0	0
www.town.chiyodacho.jp			2026-09-12	2026-09-12	0	0	1	0	0	0
www.town.chiyodacho.lg.jp			2026-09-12	2026-09-12	0	0	1	0	0	0
www.town.chiyodamachi.gumma.jp			2026-09-12	2026-09-12	0	0	1	0	0	0
www.town.chiyodamachi.jp			2026-09-12	2026-09-12	0	0	1	0	0	0
www.town.chiyodamachi.lg.jp			2026-09-12	2026-09-12	0	0	1	0	0	0
www.town.chyoda.gumma.jp			2026-09-12	2026-09-12	0	0	1	0	0	0
www.town.chyoda.jp			2026-09-12	2026-09-12	0	0	1	0	0	0
www.town.chyoda.lg.jp			2026-09-12	2026-09-12	0	0	1	0	0	0
www.town.chyodacho.gumma.jp			2026-09-12	2026-09-12	0	0	1	0	0	0
www.town.chyodacho.jp			2026-09-12	2026-09-12	0	0	1	0	0	0
www.town.chyodacho.lg.jp			2026-09-12	2026-09-12	0	0	1	0	0	0
www.town.chyodamachi.gumma.jp			2026-09-12	2026-09-12	0	0	1	0	0	0
www.town.chyodamachi.jp			2026-09-12	2026-09-12	0	0	1	0	0	0
www.town.chyodamachi.lg.jp			2026-09-12	2026-09-12	0	0	1	0	0	0
www.town.daigo.lg.jp			2026-09-07	2026-09-07	0	0	1	0	0	0
www.town.echizen.lg.jp			2026-09-12	2026-09-12	0	0	1	0	0	0
www.town.fujikawa.lg.jp			2026-09-12	2026-09-12	0	0	1	0	0	0
www.town.fukui-oi.fukui.jp			2026-09-12	2026-09-12	0	0	1	0	0	0
www.town.fukui-oi.jp			2026-09-12	2026-09-12	0	0	1	0	0	0
www.town.fukui-oi.lg.jp			2026-09-12	2026-09-12	0	0	1	0	0	0
www.town.fukui-oicho.fukui.jp			2026-09-12	2026-09-12	0	0	1	0	0	0
www.town.fukui-oicho.jp			2026-09-12	2026-09-12	0	0	1	0	0	0
www.town.fukui-oicho.lg.jp			2026-09-12	2026-09-12	0	0	1	0	0	0
www.town.fukui-oimachi.fukui.jp			2026-09-12	2026-09-12	0	0	1	0	0	0
www.town.fukui-oimachi.jp			2026-09-12	2026-09-12	0	0	1	0	0	0
www.town.fukui-oimachi.lg.jp			2026-09-12	2026-09-12	0	0	1	0	0	0
www.town.fukuoka-kawasaki.fukuoka.jp			2026-09-19	2026-09-19	0	0	8	0	0	0
www.town.fukuoka-kawasaki.jp			2026-09-19	2026-09-19	0	0	8	0	0	0
www.town.fukuoka-kawasaki.lg.jp			2026-09-19	2026-09-19	0	0	8	0	0	0
www.town.fukuoka-kawasakicho.fukuoka.jp			2026-09-19	2026-09-19	0	0	8	0	0	0
www.town.fukuoka-kawasakicho.jp			2026-09-19	2026-09-19	0	0	8	0	0	0
www.town.fukuoka-kawasakicho.lg.jp			2026-09-19	2026-09-19	0	0	8	0	0	0
www.town.fukuoka-kawasakimachi.fukuoka.jp			2026-09-19	2026-09-19	0	0	8	0	0	0
www.town.fukuoka-kawasakimachi.jp			2026-09-19	2026-09-19	0	0	8	0	0	0
www.town.fukuoka-kawasakimachi.lg.jp			2026-09-19	2026-09-19	0	0	8	0	0	0
www.town.fukuoka-oki.fukuoka.jp			2026-09-19	2026-09-19	0	0	8	0	0	0
www.town.fukuoka-oki.jp			2026-09-19	2026-09-19	0	0	8	0	0	0
www.town.fukuoka-oki.lg.jp			2026-09-19	2026-09-19	0	0	8	0	0	0
www.town.fukuoka-okicho.fukuoka.jp			2026-09-19	2026-09-19	0	0	8	0	0	0
www.town.fukuoka-okicho.jp			2026-09-19	2026-09-19	0	0	8	0	0	0
www.town.fukuoka-okicho.lg.jp			2026-09-19	2026-09-19	0	0	8	0	0	0
www.town.fukuoka-okimachi.fukuoka.jp			2026-09-19	2026-09-19	0	0	8	0	0	0
www.town.fukuoka-okimachi.jp			2026-09-19	2026-09-19	0	0	8	0	0	0
www.town.fukuoka-okimachi.lg.jp			2026-09-19	2026-09-19	0	0	8	0	0	0
www.town.fukuoka-shinguu.fukuoka.jp			2026-09-19	2026-09-19	0	0	4	0	0	0
www.town.fukuoka-shinguu.jp			2026-09-19	2026-09-19	0	0	4	0	0	0
www.town.fukuoka-shinguu.lg.jp			2026-09-19	2026-09-19	0	0	4	0	0	0
www.town.fukuoka-shinguucho.fukuoka.jp			2026-09-19	2026-09-19	0	0	4	0	0	0
www.town.fukuoka-shinguucho.jp			2026-09-19	2026-09-19	0	0	4	0	0	0
www.town.fukuoka-shinguucho.lg.jp			2026-09-19	2026-09-19	0	0	4	0	0	0
www.town.fukuoka-shinguumachi.fukuoka.jp			2026-09-19	2026-09-19	0	0	4	0	0	0
www.town.fukuoka-shinguumachi.jp			2026-09-19	2026-09-19	0	0	4	0	0	0
www.town.fukuoka-shinguumachi.lg.jp			2026-09-19	2026-09-19	0	0	4	0	0	0
www.town.fukushima-shinchi.fukushima.jp			2026-09-12	2026-09-12	0	0	2	0	0	0
www.town.fukushima-shinchi.jp			2026-09-12	2026-09-12	0	0	2	0	0	0
www.town.fukushima-shinchi.lg.jp			2026-09-12	2026-09-12	0	0	2	0	0	0
www.town.fukushima-shinchicho.fukushima.jp			2026-09-12	2026-09-12	0	0	2	0	0	0
www.town.fukushima-shinchicho.jp			2026-09-12	2026-09-12	0	0	2	0	0	0
www.town.fukushima-shinchicho.lg.jp			2026-09-12	2026-09-12	0	0	2	0	0	0
www.town.fukushima-shinchimachi.fukushima.jp			2026-09-12	2026-09-12	0	0	2	0	0	0
www.town.fukushima-shinchimachi.jp			2026-09-12	2026-09-12	0	0	2	0	0	0
www.town.fukushima-shinchimachi.lg.jp			2026-09-12	2026-09-12	0	0	2	0	0	0
www.town.fukushima-tomioka.fukushima.jp			2026-09-12	2026-09-12	0	0	2	0	0	0
www.town.fukushima-tomioka.jp			2026-09-12	2026-09-12	0	0	2	0	0	0
www.town.fukushima-tomioka.lg.jp			2026-09-12	2026-09-12	0	0	2	0	0	0
www.town.fukushima-tomiokacho.fukushima.jp			2026-09-12	2026-09-12	0	0	2	0	0	0
www.town.fukushima-tomiokacho.jp			2026-09-12	2026-09-12	0	0	2	0	0	0
www.town.fukushima-tomiokacho.lg.jp			2026-09-12	2026-09-12	0	0	2	0	0	0
www.town.fukushima-tomiokamachi.fukushima.jp			2026-09-12	2026-09-12	0	0	2	0	0	0
www.town.fukushima-tomiokamachi.jp			2026-09-12	2026-09-12	0	0	2	0	0	0
www.town.fukushima-tomiokamachi.lg.jp			2026-09-12	2026-09-12	0	0	2	0	0	0
www.town.furudono.lg.jp			2026-09-12	2026-09-12	0	0	1	0	0	0
www.town.futaba.fukushima.jp			2026-09-12	2026-09-12	0	0	1	0	0	0
www.town.futaba.jp			2026-09-12	2026-09-12	0	0	1	0	0	0
www.town.futaba.lg.jp			2026-09-12	2026-09-12	0	0	1	0	0	0
www.town.gifu-ampachi.gifu.jp			2026-09-12	2026-09-12	0	0	1	0	0	0
www.town.gifu-ampachi.jp			2026-09-12	2026-09-12	0	0	1	0	0	0
www.town.gifu-ampachi.lg.jp			2026-09-12	2026-09-12	0	0	1	0	0	0
www.town.gifu-ampachicho.gifu.jp			2026-09-12	2026-09-12	0	0	1	0	0	0
www.town.gifu-ampachicho.jp			2026-09-12	2026-09-12	0	0	1	0	0	0
www.town.gifu-ampachicho.lg.jp			2026-09-12	2026-09-12	0	0	1	0	0	0
www.town.gifu-ampachimachi.gifu.jp			2026-09-12	2026-09-12	0	0	1	0	0	0
www.town.gifu-ampachimachi.jp			2026-09-12	2026-09-12	0	0	1	0	0	0
www.town.gifu-ampachimachi.lg.jp			2026-09-12	2026-09-12	0	0	1	0	0	0
www.town.gifu-hichiso.gifu.jp			2026-09-12	2026-09-12	0	0	1	0	0	0
www.town.gifu-hichiso.jp			2026-09-12	2026-09-12	0	0	1	0	0	0
www.town.gifu-hichiso.lg.jp			2026-09-12	2026-09-12	0	0	1	0	0	0
www.town.gifu-hichisocho.gifu.jp			2026-09-12	2026-09-12	0	0	1	0	0	0
www.town.gifu-hichisocho.jp			2026-09-12	2026-09-12	0	0	1	0	0	0
www.town.gifu-hichisocho.lg.jp			2026-09-12	2026-09-12	0	0	1	0	0	0
www.town.gifu-hichisomachi.gifu.jp			2026-09-12	2026-09-12	0	0	1	0	0	0
www.town.gifu-hichisomachi.jp			2026-09-12	2026-09-12	0	0	1	0	0	0
www.town.gifu-hichisomachi.lg.jp			2026-09-12	2026-09-12	0	0	1	0	0	0
www.town.gifu-kawabe.gifu.jp			2026-09-12	2026-09-12	0	0	1	0	0	0
www.town.gifu-kawabe.jp			2026-09-12	2026-09-12	0	0	1	0	0	0
www.town.gifu-kawabe.lg.jp			2026-09-12	2026-09-12	0	0	1	0	0	0
www.town.gifu-kawabecho.gifu.jp			2026-09-12	2026-09-12	0	0	1	0	0	0
www.town.gifu-kawabecho.jp			2026-09-12	2026-09-12	0	0	1	0	0	0
www.town.gifu-kawabecho.lg.jp			2026-09-12	2026-09-12	0	0	1	0	0	0
www.town.gifu-kawabemachi.gifu.jp			2026-09-12	2026-09-12	0	0	1	0	0	0
www.town.gifu-kawabemachi.jp			2026-09-12	2026-09-12	0	0	1	0	0	0
www.town.gifu-kawabemachi.lg.jp			2026-09-12	2026-09-12	0	0	1	0	0	0
www.town.gifu-ono.gifu.jp			2026-09-12	2026-09-12	0	0	1	0	0	0
www.town.gifu-ono.jp			2026-09-12	2026-09-12	0	0	1	0	0	0
www.town.gifu-ono.lg.jp			2026-09-12	2026-09-12	0	0	1	0	0	0
www.town.gifu-onocho.gifu.jp			2026-09-12	2026-09-12	0	0	1	0	0	0
www.town.gifu-onocho.jp			2026-09-12	2026-09-12	0	0	1	0	0	0
www.town.gifu-onocho.lg.jp			2026-09-12	2026-09-12	0	0	1	0	0	0
www.town.gifu-onomachi.gifu.jp			2026-09-12	2026-09-12	0	0	1	0	0	0
www.town.gifu-onomachi.jp			2026-09-12	2026-09-12	0	0	1	0	0	0
www.town.gifu-onomachi.lg.jp			2026-09-12	2026-09-12	0	0	1	0	0	0
www.town.gifu-wanochi.gifu.jp			2026-09-12	2026-09-12	0	0	1	0	0	0
www.town.gifu-wanochi.jp			2026-09-12	2026-09-12	0	0	1	0	0	0
www.town.gifu-wanochi.lg.jp			2026-09-12	2026-09-12	0	0	1	0	0	0
www.town.gifu-wanochicho.gifu.jp			2026-09-12	2026-09-12	0	0	1	0	0	0
www.town.gifu-wanochicho.jp			2026-09-12	2026-09-12	0	0	1	0	0	0
www.town.gifu-wanochicho.lg.jp			2026-09-12	2026-09-12	0	0	1	0	0	0
www.town.gifu-wanochimachi.gifu.jp			2026-09-12	2026-09-12	0	0	1	0	0	0
www.town.gifu-wanochimachi.jp			2026-09-12	2026-09-12	0	0	1	0	0	0
www.town.gifu-wanochimachi.lg.jp			2026-09-12	2026-09-12	0	0	1	0	0	0
www.town.godo.lg.jp			2026-09-12	2026-09-12	0	0	1	0	0	0
www.town.gokase.lg.jp			2026-09-20	2026-09-20	0	0	2	0	0	0
www.town.gumma-chiyoda.gumma.jp			2026-09-12	2026-09-12	0	0	1	0	0	0
www.town.gumma-chiyoda.jp			2026-09-12	2026-09-12	0	0	1	0	0	0
www.town.gumma-chiyoda.lg.jp			2026-09-12	2026-09-12	0	0	1	0	0	0
www.town.gumma-chiyodacho.gumma.jp			2026-09-12	2026-09-12	0	0	1	0	0	0
www.town.gumma-chiyodacho.jp			2026-09-12	2026-09-12	0	0	1	0	0	0
www.town.gumma-chiyodacho.lg.jp			2026-09-12	2026-09-12	0	0	1	0	0	0
www.town.gumma-chiyodamachi.gumma.jp			2026-09-12	2026-09-12	0	0	1	0	0	0
www.town.gumma-chiyodamachi.jp			2026-09-12	2026-09-12	0	0	1	0	0	0
www.town.gumma-chiyodamachi.lg.jp			2026-09-12	2026-09-12	0	0	1	0	0	0
www.town.gumma-chyoda.gumma.jp			2026-09-12	2026-09-12	0	0	1	0	0	0
www.town.gumma-chyoda.jp			2026-09-12	2026-09-12	0	0	1	0	0	0
www.town.gumma-chyoda.lg.jp			2026-09-12	2026-09-12	0	0	1	0	0	0
www.town.gumma-chyodacho.gumma.jp			2026-09-12	2026-09-12	0	0	1	0	0	0
www.town.gumma-chyodacho.jp			2026-09-12	2026-09-12	0	0	1	0	0	0
www.town.gumma-chyodacho.lg.jp			2026-09-12	2026-09-12	0	0	1	0	0	0
www.town.gumma-chyodamachi.gumma.jp			2026-09-12	2026-09-12	0	0	1	0	0	0
www.town.gumma-chyodamachi.jp			2026-09-12	2026-09-12	0	0	1	0	0	0
www.town.gumma-chyodamachi.lg.jp			2026-09-12	2026-09-12	0	0	1	0	0	0
www.town.gumma-higashiagatsuma.gumma.jp			2026-09-12	2026-09-12	0	0	1	0	0	0
www.town.gumma-higashiagatsuma.jp			2026-09-12	2026-09-12	0	0	1	0	0	0
www.town.gumma-higashiagatsuma.lg.jp			2026-09-12	2026-09-12	0	0	1	0	0	0
www.town.gumma-higashiagatsumacho.gumma.jp			2026-09-12	2026-09-12	0	0	1	0	0	0
www.town.gumma-higashiagatsumacho.jp			2026-09-12	2026-09-12	0	0	1	0	0	0
www.town.gumma-higashiagatsumacho.lg.jp			2026-09-12	2026-09-12	0	0	1	0	0	0
www.town.gumma-higashiagatsumamachi.gumma.jp			2026-09-12	2026-09-12	0	0	1	0	0	0
www.town.gumma-higashiagatsumamachi.jp			2026-09-12	2026-09-12	0	0	1	0	0	0
www.town.gumma-higashiagatsumamachi.lg.jp			2026-09-12	2026-09-12	0	0	1	0	0	0
www.town.gumma-itakura.gumma.jp			2026-09-12	2026-09-12	0	0	1	0	0	0
www.town.gumma-itakura.jp			2026-09-12	2026-09-12	0	0	1	0	0	0
www.town.gumma-itakura.lg.jp			2026-09-12	2026-09-12	0	0	1	0	0	0
www.town.gumma-itakuracho.gumma.jp			2026-09-12	2026-09-12	0	0	1	0	0	0
www.town.gumma-itakuracho.jp			2026-09-12	2026-09-12	0	0	1	0	0	0
www.town.gumma-itakuracho.lg.jp			2026-09-12	2026-09-12	0	0	1	0	0	0
www.town.gumma-itakuramachi.gumma.jp			2026-09-12	2026-09-12	0	0	1	0	0	0
www.town.gumma-itakuramachi.jp			2026-09-12	2026-09-12	0	0	1	0	0	0
www.town.gumma-itakuramachi.lg.jp			2026-09-12	2026-09-12	0	0	1	0	0	0
www.town.gumma-kanna.gumma.jp			2026-09-12	2026-09-12	0	0	1	0	0	0
www.town.gumma-kanna.jp			2026-09-12	2026-09-12	0	0	1	0	0	0
www.town.gumma-kanna.lg.jp			2026-09-12	2026-09-12	0	0	1	0	0	0
www.town.gumma-kannacho.gumma.jp			2026-09-12	2026-09-12	0	0	1	0	0	0
www.town.gumma-kannacho.jp			2026-09-12	2026-09-12	0	0	1	0	0	0
www.town.gumma-kannacho.lg.jp			2026-09-12	2026-09-12	0	0	1	0	0	0
www.town.gumma-kannamachi.gumma.jp			2026-09-12	2026-09-12	0	0	1	0	0	0
www.town.gumma-kannamachi.jp			2026-09-12	2026-09-12	0	0	1	0	0	0
www.town.gumma-kannamachi.lg.jp			2026-09-12	2026-09-12	0	0	1	0	0	0
www.town.gumma-kusatsu.gumma.jp			2026-09-12	2026-09-12	0	0	1	0	0	0
www.town.gumma-kusatsu.jp			2026-09-12	2026-09-12	0	0	1	0	0	0
www.town.gumma-kusatsu.lg.jp			2026-09-12	2026-09-12	0	0	1	0	0	0
www.town.gumma-kusatsucho.gumma.jp			2026-09-12	2026-09-12	0	0	1	0	0	0
www.town.gumma-kusatsucho.jp			2026-09-12	2026-09-12	0	0	1	0	0	0
www.town.gumma-kusatsucho.lg.jp			2026-09-12	2026-09-12	0	0	1	0	0	0
www.town.gumma-kusatsumachi.gumma.jp			2026-09-12	2026-09-12	0	0	1	0	0	0
www.town.gumma-kusatsumachi.jp			2026-09-12	2026-09-12	0	0	1	0	0	0
www.town.gumma-kusatsumachi.lg.jp			2026-09-12	2026-09-12	0	0	1	0	0	0
www.town.gumma-meiwa.gumma.jp			2026-09-12	2026-09-12	0	0	1	0	0	0
www.town.gumma-meiwa.jp			2026-09-12	2026-09-12	0	0	1	0	0	0
www.town.gumma-meiwa.lg.jp			2026-09-12	2026-09-12	0	0	1	0	0	0
www.town.gumma-meiwacho.gumma.jp			2026-09-12	2026-09-12	0	0	1	0	0	0
www.town.gumma-meiwacho.jp			2026-09-12	2026-09-12	0	0	1	0	0	0
www.town.gumma-meiwacho.lg.jp			2026-09-12	2026-09-12	0	0	1	0	0	0
www.town.gumma-meiwamachi.gumma.jp			2026-09-12	2026-09-12	0	0	1	0	0	0
www.town.gumma-meiwamachi.jp			2026-09-12	2026-09-12	0	0	1	0	0	0
www.town.gumma-meiwamachi.lg.jp			2026-09-12	2026-09-12	0	0	1	0	0	0
www.town.gumma-minakami.gumma.jp			2026-09-12	2026-09-12	0	0	1	0	0	0
www.town.gumma-minakami.jp			2026-09-12	2026-09-12	0	0	1	0	0	0
www.town.gumma-minakami.lg.jp			2026-09-12	2026-09-12	0	0	1	0	0	0
www.town.gumma-minakamicho.gumma.jp			2026-09-12	2026-09-12	0	0	1	0	0	0
www.town.gumma-minakamicho.jp			2026-09-12	2026-09-12	0	0	1	0	0	0
www.town.gumma-minakamicho.lg.jp			2026-09-12	2026-09-12	0	0	1	0	0	0
www.town.gumma-minakamimachi.gumma.jp			2026-09-12	2026-09-12	0	0	1	0	0	0
www.town.gumma-minakamimachi.jp			2026-09-12	2026-09-12	0	0	1	0	0	0
www.town.gumma-minakamimachi.lg.jp			2026-09-12	2026-09-12	0	0	1	0	0	0
www.town.gumma-naganohara.gumma.jp			2026-09-12	2026-09-12	0	0	1	0	0	0
www.town.gumma-naganohara.jp			2026-09-12	2026-09-12	0	0	1	0	0	0
www.town.gumma-naganohara.lg.jp			2026-09-12	2026-09-12	0	0	1	0	0	0
www.town.gumma-naganoharacho.gumma.jp			2026-09-12	2026-09-12	0	0	1	0	0	0
www.town.gumma-naganoharacho.jp			2026-09-12	2026-09-12	0	0	1	0	0	0
www.town.gumma-naganoharacho.lg.jp			2026-09-12	2026-09-12	0	0	1	0	0	0
www.town.gumma-naganoharamachi.gumma.jp			2026-09-12	2026-09-12	0	0	1	0	0	0
www.town.gumma-naganoharamachi.jp			2026-09-12	2026-09-12	0	0	1	0	0	0
www.town.gumma-naganoharamachi.lg.jp			2026-09-12	2026-09-12	0	0	1	0	0	0
www.town.gumma-nakanojiyo.gumma.jp			2026-09-12	2026-09-12	0	0	1	0	0	0
www.town.gumma-nakanojiyo.jp			2026-09-12	2026-09-12	0	0	1	0	0	0
www.town.gumma-nakanojiyo.lg.jp			2026-09-12	2026-09-12	0	0	1	0	0	0
www.town.gumma-nakanojiyocho.gumma.jp			2026-09-12	2026-09-12	0	0	1	0	0	0
www.town.gumma-nakanojiyocho.jp			2026-09-12	2026-09-12	0	0	1	0	0	0
www.town.gumma-nakanojiyocho.lg.jp			2026-09-12	2026-09-12	0	0	1	0	0	0
www.town.gumma-nakanojiyomachi.gumma.jp			2026-09-12	2026-09-12	0	0	1	0	0	0
www.town.gumma-nakanojiyomachi.jp			2026-09-12	2026-09-12	0	0	1	0	0	0
www.town.gumma-nakanojiyomachi.lg.jp			2026-09-12	2026-09-12	0	0	1	0	0	0
www.town.gumma-nakanojyo.gumma.jp			2026-09-12	2026-09-12	0	0	1	0	0	0
www.town.gumma-nakanojyo.jp			2026-09-12	2026-09-12	0	0	1	0	0	0
www.town.gumma-nakanojyo.lg.jp			2026-09-12	2026-09-12	0	0	1	0	0	0
www.town.gumma-nakanojyocho.gumma.jp			2026-09-12	2026-09-12	0	0	1	0	0	0
www.town.gumma-nakanojyocho.jp			2026-09-12	2026-09-12	0	0	1	0	0	0
www.town.gumma-nakanojyocho.lg.jp			2026-09-12	2026-09-12	0	0	1	0	0	0
www.town.gumma-nakanojyomachi.gumma.jp			2026-09-12	2026-09-12	0	0	1	0	0	0
www.town.gumma-nakanojyomachi.jp			2026-09-12	2026-09-12	0	0	1	0	0	0
www.town.gumma-nakanojyomachi.lg.jp			2026-09-12	2026-09-12	0	0	1	0	0	0
www.town.gumma-oizumi.gumma.jp			2026-09-12	2026-09-12	0	0	1	0	0	0
www.town.gumma-oizumi.jp			2026-09-12	2026-09-12	0	0	1	0	0	0
www.town.gumma-oizumi.lg.jp			2026-09-12	2026-09-12	0	0	1	0	0	0
www.town.gumma-oizumicho.gumma.jp			2026-09-12	2026-09-12	0	0	1	0	0	0
www.town.gumma-oizumicho.jp			2026-09-12	2026-09-12	0	0	1	0	0	0
www.town.gumma-oizumicho.lg.jp			2026-09-12	2026-09-12	0	0	1	0	0	0
www.town.gumma-oizumimachi.gumma.jp			2026-09-12	2026-09-12	0	0	1	0	0	0
www.town.gumma-oizumimachi.jp			2026-09-12	2026-09-12	0	0	1	0	0	0
www.town.gumma-oizumimachi.lg.jp			2026-09-12	2026-09-12	0	0	1	0	0	0
www.town.gumma-ora.gumma.jp			2026-09-12	2026-09-12	0	0	1	0	0	0
www.town.gumma-ora.jp			2026-09-12	2026-09-12	0	0	1	0	0	0
www.town.gumma-ora.lg.jp			2026-09-12	2026-09-12	0	0	1	0	0	0
www.town.gumma-oracho.gumma.jp			2026-09-12	2026-09-12	0	0	1	0	0	0
www.town.gumma-oracho.jp			2026-09-12	2026-09-12	0	0	1	0	0	0
www.town.gumma-oracho.lg.jp			2026-09-12	2026-09-12	0	0	1	0	0	0
www.town.gumma-oramachi.gumma.jp			2026-09-12	2026-09-12	0	0	1	0	0	0
www.town.gumma-oramachi.jp			2026-09-12	2026-09-12	0	0	1	0	0	0
www.town.gumma-oramachi.lg.jp			2026-09-12	2026-09-12	0	0	1	0	0	0
www.town.gunma-nakanojiyo.gunma.jp			2026-09-12	2026-09-12	0	0	1	0	0	0
www.town.gunma-nakanojiyo.jp			2026-09-12	2026-09-12	0	0	1	0	0	0
www.town.gunma-nakanojiyo.lg.jp			2026-09-12	2026-09-12	0	0	1	0	0	0
www.town.gunma-nakanojiyocho.gunma.jp			2026-09-12	2026-09-12	0	0	1	0	0	0
www.town.gunma-nakanojiyocho.jp			2026-09-12	2026-09-12	0	0	1	0	0	0
www.town.gunma-nakanojiyocho.lg.jp			2026-09-12	2026-09-12	0	0	1	0	0	0
www.town.gunma-nakanojiyomachi.gunma.jp			2026-09-12	2026-09-12	0	0	1	0	0	0
www.town.gunma-nakanojiyomachi.jp			2026-09-12	2026-09-12	0	0	1	0	0	0
www.town.gunma-nakanojiyomachi.lg.jp			2026-09-12	2026-09-12	0	0	1	0	0	0
www.town.gunma-nakanojyo.gunma.jp			2026-09-12	2026-09-12	0	0	1	0	0	0
www.town.gunma-nakanojyo.jp			2026-09-12	2026-09-12	0	0	1	0	0	0
www.town.gunma-nakanojyo.lg.jp			2026-09-12	2026-09-12	0	0	1	0	0	0
www.town.gunma-nakanojyocho.gunma.jp			2026-09-12	2026-09-12	0	0	1	0	0	0
www.town.gunma-nakanojyocho.jp			2026-09-12	2026-09-12	0	0	1	0	0	0
www.town.gunma-nakanojyocho.lg.jp			2026-09-12	2026-09-12	0	0	1	0	0	0
www.town.gunma-nakanojyomachi.gunma.jp			2026-09-12	2026-09-12	0	0	1	0	0	0
www.town.gunma-nakanojyomachi.jp			2026-09-12	2026-09-12	0	0	1	0	0	0
www.town.gunma-nakanojyomachi.lg.jp			2026-09-12	2026-09-12	0	0	1	0	0	0
www.town.gyokuto.lg.jp			2026-09-20	2026-09-20	0	0	2	0	0	0
www.town.hachijo.lg.jp			2026-09-11	2026-09-11	0	0	1	0	0	0
www.town.haga.chigi.jp			2026-09-11	2026-09-11	0	0	1	0	0	0
www.town.haga.jp			2026-09-11	2026-09-11	0	0	1	0	0	0
www.town.haga.lg.jp			2026-09-11	2026-09-11	0	0	1	0	0	0
www.town.haga.tochigi.jp			2026-09-11	2026-09-11	0	0	1	0	0	0
www.town.hagacho.chigi.jp			2026-09-11	2026-09-11	0	0	1	0	0	0
www.town.hagacho.jp			2026-09-11	2026-09-11	0	0	1	0	0	0
www.town.hagacho.lg.jp			2026-09-11	2026-09-11	0	0	1	0	0	0
www.town.hagamachi.chigi.jp			2026-09-11	2026-09-11	0	0	1	0	0	0
www.town.hagamachi.jp			2026-09-11	2026-09-11	0	0	1	0	0	0
www.town.hagamachi.lg.jp			2026-09-11	2026-09-11	0	0	1	0	0	0
www.town.hakone.lg.jp			2026-09-11	2026-09-11	0	0	1	0	0	0
www.town.hanawa.lg.jp			2026-09-12	2026-09-12	0	0	1	0	0	0
www.town.hatoyama.lg.jp			2026-09-11	2026-09-11	0	0	1	0	0	0
www.town.hayakawa.lg.jp			2026-09-12	2026-09-12	0	0	1	0	0	0
www.town.heguri.lg.jp			2026-09-12	2026-09-12	0	0	1	0	0	0
www.town.hichiso.gifu.jp			2026-09-12	2026-09-12	0	0	1	0	0	0
www.town.hichiso.jp			2026-09-12	2026-09-12	0	0	1	0	0	0
www.town.hichiso.lg.jp			2026-09-12	2026-09-12	0	0	1	0	0	0
www.town.hichisocho.gifu.jp			2026-09-12	2026-09-12	0	0	1	0	0	0
www.town.hichisocho.jp			2026-09-12	2026-09-12	0	0	1	0	0	0
www.town.hichisocho.lg.jp			2026-09-12	2026-09-12	0	0	1	0	0	0
www.town.hichisomachi.gifu.jp			2026-09-12	2026-09-12	0	0	1	0	0	0
www.town.hichisomachi.jp			2026-09-12	2026-09-12	0	0	1	0	0	0
www.town.hichisomachi.lg.jp			2026-09-12	2026-09-12	0	0	1	0	0	0
www.town.hidaka.jp			2026-09-12	2026-09-12	0	0	1	0	0	0
www.town.hidaka.lg.jp			2026-09-12	2026-09-12	0	0	1	0	0	0
www.town.hidaka.wakayama.jp			2026-09-12	2026-09-12	0	0	1	0	0	0
www.town.hidakacho.jp			2026-09-12	2026-09-12	0	0	1	0	0	0
www.town.hidakacho.lg.jp			2026-09-12	2026-09-12	0	0	1	0	0	0
www.town.hidakacho.wakayama.jp			2026-09-12	2026-09-12	0	0	1	0	0	0
www.town.hidakamachi.jp			2026-09-12	2026-09-12	0	0	1	0	0	0
www.town.hidakamachi.lg.jp			2026-09-12	2026-09-12	0	0	1	0	0	0
www.town.hidakamachi.wakayama.jp			2026-09-12	2026-09-12	0	0	1	0	0	0
www.town.higashiagatsuma.gumma.jp			2026-09-12	2026-09-12	0	0	1	0	0	0
www.town.higashiagatsuma.jp			2026-09-12	2026-09-12	0	0	1	0	0	0
www.town.higashiagatsuma.lg.jp			2026-09-12	2026-09-12	0	0	1	0	0	0
www.town.higashiagatsumacho.gumma.jp			2026-09-12	2026-09-12	0	0	1	0	0	0
www.town.higashiagatsumacho.jp			2026-09-12	2026-09-12	0	0	1	0	0	0
www.town.higashiagatsumacho.lg.jp			2026-09-12	2026-09-12	0	0	1	0	0	0
www.town.higashiagatsumamachi.gumma.jp			2026-09-12	2026-09-12	0	0	1	0	0	0
www.town.higashiagatsumamachi.jp			2026-09-12	2026-09-12	0	0	1	0	0	0
www.town.higashiagatsumamachi.lg.jp			2026-09-12	2026-09-12	0	0	1	0	0	0
www.town.higashikushira.jp			2026-09-20	2026-09-20	0	0	4	0	0	0
www.town.higashikushira.kagoshima.jp			2026-09-20	2026-09-20	0	0	4	0	0	0
www.town.higashikushira.lg.jp			2026-09-20	2026-09-20	0	0	4	0	0	0
www.town.higashikushiracho.jp			2026-09-20	2026-09-20	0	0	4	0	0	0
www.town.higashikushiracho.kagoshima.jp			2026-09-20	2026-09-20	0	0	4	0	0	0
www.town.higashikushiracho.lg.jp			2026-09-20	2026-09-20	0	0	4	0	0	0
www.town.higashikushiramachi.jp			2026-09-20	2026-09-20	0	0	4	0	0	0
www.town.higashikushiramachi.kagoshima.jp			2026-09-20	2026-09-20	0	0	4	0	0	0
www.town.higashikushiramachi.lg.jp			2026-09-20	2026-09-20	0	0	4	0	0	0
www.town.higashiura.aichi.jp			2026-09-08	2026-09-08	0	0	1	0	0	0
www.town.higashiura.jp			2026-09-08	2026-09-08	0	0	1	0	0	0
www.town.higashiura.lg.jp			2026-09-08	2026-09-08	0	0	1	0	0	0
www.town.hikawa.lg.jp			2026-09-20	2026-09-20	0	0	2	0	0	0
www.town.hino.jp			2026-09-12	2026-09-12	0	0	1	0	0	0
www.town.hino.lg.jp			2026-09-12	2026-09-12	0	0	1	0	0	0
www.town.hino.shiga.jp			2026-09-12	2026-09-12	0	0	1	0	0	0
www.town.hinode.lg.jp			2026-09-11	2026-09-11	0	0	1	0	0	0
www.town.hirogawa.lg.jp			2026-09-12	2026-09-12	0	0	1	0	0	0
www.town.hirokawa.lg.jp			2026-09-19	2026-09-19	0	0	4	0	0	0
www.town.hirono.lg.jp			2026-09-12	2026-09-12	0	0	1	0	0	0
www.town.hisayama.lg.jp			2026-09-19	2026-09-19	0	0	4	0	0	0
www.town.ichikai.chigi.jp			2026-09-11	2026-09-11	0	0	1	0	0	0
www.town.ichikai.jp			2026-09-11	2026-09-11	0	0	1	0	0	0
www.town.ichikai.lg.jp			2026-09-11	2026-09-11	0	0	1	0	0	0
www.town.ichikaicho.chigi.jp			2026-09-11	2026-09-11	0	0	1	0	0	0
www.town.ichikaicho.jp			2026-09-11	2026-09-11	0	0	1	0	0	0
www.town.ichikaicho.lg.jp			2026-09-11	2026-09-11	0	0	1	0	0	0
www.town.ichikaimachi.chigi.jp			2026-09-11	2026-09-11	0	0	1	0	0	0
www.town.ichikaimachi.jp			2026-09-11	2026-09-11	0	0	1	0	0	0
www.town.ichikaimachi.lg.jp			2026-09-11	2026-09-11	0	0	1	0	0	0
www.town.ichikawamisato.lg.jp			2026-09-12	2026-09-12	0	0	1	0	0	0
www.town.ichinomiya.lg.jp			2026-09-11	2026-09-11	0	0	1	0	0	0
www.town.iizuna.lg.jp			2026-09-12	2026-09-12	0	0	1	0	0	0
www.town.ikaruga.lg.jp			2026-09-12	2026-09-12	0	0	1	0	0	0
www.town.ikeda.gifu.jp			2026-09-12	2026-09-12	0	0	1	0	0	0
www.town.ikeda.jp			2026-09-12	2026-09-12	0	0	1	0	0	0
www.town.ikeda.lg.jp			2026-09-12	2026-09-12	0	0	1	0	0	0
www.town.ikeda.nagano.jp			2026-09-12	2026-09-12	0	0	1	0	0	0
www.town.ikedacho.jp			2026-09-12	2026-09-12	0	0	1	0	0	0
www.town.ikedacho.lg.jp			2026-09-12	2026-09-12	0	0	1	0	0	0
www.town.ikedacho.nagano.jp			2026-09-12	2026-09-12	0	0	1	0	0	0
www.town.ikedamachi.jp			2026-09-12	2026-09-12	0	0	1	0	0	0
www.town.ikedamachi.lg.jp			2026-09-12	2026-09-12	0	0	1	0	0	0
www.town.ikedamachi.nagano.jp			2026-09-12	2026-09-12	0	0	1	0	0	0
www.town.ina.jp			2026-09-11	2026-09-11	0	0	1	0	0	0
www.town.ina.lg.jp			2026-09-11	2026-09-11	0	0	1	0	0	0
www.town.ina.saitama.jp			2026-09-11	2026-09-11	0	0	1	0	0	0
www.town.inami.jp			2026-09-12	2026-09-12	0	0	1	0	0	0
www.town.inami.lg.jp			2026-09-12	2026-09-12	0	0	1	0	0	0
www.town.inami.wakayama.jp			2026-09-12	2026-09-12	0	0	1	0	0	0
www.town.inawashiro.lg.jp			2026-09-12	2026-09-12	0	0	1	0	0	0
www.town.isen.lg.jp			2026-09-20	2026-09-20	0	0	2	0	0	0
www.town.ishikawa.lg.jp			2026-09-12	2026-09-12	0	0	1	0	0	0
www.town.itakura.gumma.jp			2026-09-12	2026-09-12	0	0	1	0	0	0
www.town.itakura.jp			2026-09-12	2026-09-12	0	0	1	0	0	0
www.town.itakura.lg.jp			2026-09-12	2026-09-12	0	0	1	0	0	0
www.town.itakuracho.gumma.jp			2026-09-12	2026-09-12	0	0	1	0	0	0
www.town.itakuracho.jp			2026-09-12	2026-09-12	0	0	1	0	0	0
www.town.itakuracho.lg.jp			2026-09-12	2026-09-12	0	0	1	0	0	0
www.town.itakuramachi.gumma.jp			2026-09-12	2026-09-12	0	0	1	0	0	0
www.town.itakuramachi.jp			2026-09-12	2026-09-12	0	0	1	0	0	0
www.town.itakuramachi.lg.jp			2026-09-12	2026-09-12	0	0	1	0	0	0
www.town.izumozaki.lg.jp			2026-09-12	2026-09-12	0	0	1	0	0	0
www.town.kagamiishi.lg.jp			2026-09-12	2026-09-12	0	0	1	0	0	0
www.town.kagoshima-higashikushira.jp			2026-09-20	2026-09-20	0	0	4	0	0	0
www.town.kagoshima-higashikushira.kagoshima.jp			2026-09-20	2026-09-20	0	0	4	0	0	0
www.town.kagoshima-higashikushira.lg.jp			2026-09-20	2026-09-20	0	0	4	0	0	0
www.town.kagoshima-higashikushiracho.jp			2026-09-20	2026-09-20	0	0	4	0	0	0
www.town.kagoshima-higashikushiracho.kagoshima.jp			2026-09-20	2026-09-20	0	0	4	0	0	0
www.town.kagoshima-higashikushiracho.lg.jp			2026-09-20	2026-09-20	0	0	4	0	0	0
www.town.kagoshima-higashikushiramachi.jp			2026-09-20	2026-09-20	0	0	4	0	0	0
www.town.kagoshima-higashikushiramachi.kagoshima.jp			2026-09-20	2026-09-20	0	0	4	0	0	0
www.town.kagoshima-higashikushiramachi.lg.jp			2026-09-20	2026-09-20	0	0	4	0	0	0
www.town.kagoshima-kimotsuki.jp			2026-09-20	2026-09-20	0	0	8	0	0	0
www.town.kagoshima-kimotsuki.kagoshima.jp			2026-09-20	2026-09-20	0	0	8	0	0	0
www.town.kagoshima-kimotsuki.lg.jp			2026-09-20	2026-09-20	0	0	8	0	0	0
www.town.kagoshima-kimotsukicho.jp			2026-09-20	2026-09-20	0	0	8	0	0	0
www.town.kagoshima-kimotsukicho.kagoshima.jp			2026-09-20	2026-09-20	0	0	8	0	0	0
www.town.kagoshima-kimotsukicho.lg.jp			2026-09-20	2026-09-20	0	0	8	0	0	0
www.town.kagoshima-kimotsukimachi.jp			2026-09-20	2026-09-20	0	0	8	0	0	0
www.town.kagoshima-kimotsukimachi.kagoshima.jp			2026-09-20	2026-09-20	0	0	8	0	0	0
www.town.kagoshima-kimotsukimachi.lg.jp			2026-09-20	2026-09-20	0	0	8	0	0	0
www.town.kagoshima-minamitane.jp			2026-09-20	2026-09-20	0	0	2	0	0	0
www.town.kagoshima-minamitane.kagoshima.jp			2026-09-20	2026-09-20	0	0	2	0	0	0
www.town.kagoshima-minamitane.lg.jp			2026-09-20	2026-09-20	0	0	2	0	0	0
www.town.kagoshima-minamitanecho.jp			2026-09-20	2026-09-20	0	0	2	0	0	0
www.town.kagoshima-minamitanecho.kagoshima.jp			2026-09-20	2026-09-20	0	0	2	0	0	0
www.town.kagoshima-minamitanecho.lg.jp			2026-09-20	2026-09-20	0	0	2	0	0	0
www.town.kagoshima-minamitanemachi.jp			2026-09-20	2026-09-20	0	0	2	0	0	0
www.town.kagoshima-minamitanemachi.kagoshima.jp			2026-09-20	2026-09-20	0	0	2	0	0	0
www.town.kagoshima-minamitanemachi.lg.jp			2026-09-20	2026-09-20	0	0	2	0	0	0
www.town.kagoshima-satsuma.jp			2026-09-20	2026-09-20	0	0	4	0	0	0
www.town.kagoshima-satsuma.kagoshima.jp			2026-09-20	2026-09-20	0	0	4	0	0	0
www.town.kagoshima-satsuma.lg.jp			2026-09-20	2026-09-20	0	0	4	0	0	0
www.town.kagoshima-satsumacho.jp			2026-09-20	2026-09-20	0	0	4	0	0	0
www.town.kagoshima-satsumacho.kagoshima.jp			2026-09-20	2026-09-20	0	0	4	0	0	0
www.town.kagoshima-satsumacho.lg.jp			2026-09-20	2026-09-20	0	0	4	0	0	0
www.town.kagoshima-satsumamachi.jp			2026-09-20	2026-09-20	0	0	4	0	0	0
www.town.kagoshima-satsumamachi.kagoshima.jp			2026-09-20	2026-09-20	0	0	4	0	0	0
www.town.kagoshima-satsumamachi.lg.jp			2026-09-20	2026-09-20	0	0	4	0	0	0
www.town.kagoshima-setochi.jp			2026-09-20	2026-09-20	0	0	8	0	0	0
www.town.kagoshima-setochi.kagoshima.jp			2026-09-20	2026-09-20	0	0	8	0	0	0
www.town.kagoshima-setochi.lg.jp			2026-09-20	2026-09-20	0	0	8	0	0	0
www.town.kagoshima-setochicho.jp			2026-09-20	2026-09-20	0	0	8	0	0	0
www.town.kagoshima-setochicho.kagoshima.jp			2026-09-20	2026-09-20	0	0	8	0	0	0
www.town.kagoshima-setochicho.lg.jp			2026-09-20	2026-09-20	0	0	8	0	0	0
www.town.kagoshima-setochimachi.jp			2026-09-20	2026-09-20	0	0	8	0	0	0
www.town.kagoshima-setochimachi.kagoshima.jp			2026-09-20	2026-09-20	0	0	8	0	0	0
www.town.kagoshima-setochimachi.lg.jp			2026-09-20	2026-09-20	0	0	8	0	0	0
www.town.kagoshima-tokunoshima.jp			2026-09-20	2026-09-20	0	0	8	0	0	0
www.town.kagoshima-tokunoshima.kagoshima.jp			2026-09-20	2026-09-20	0	0	8	0	0	0
www.town.kagoshima-tokunoshima.lg.jp			2026-09-20	2026-09-20	0	0	8	0	0	0
www.town.kagoshima-tokunoshimacho.jp			2026-09-20	2026-09-20	0	0	8	0	0	0
www.town.kagoshima-tokunoshimacho.kagoshima.jp			2026-09-20	2026-09-20	0	0	8	0	0	0
www.town.kagoshima-tokunoshimacho.lg.jp			2026-09-20	2026-09-20	0	0	8	0	0	0
www.town.kagoshima-tokunoshimamachi.jp			2026-09-20	2026-09-20	0	0	8	0	0	0
www.town.kagoshima-tokunoshimamachi.kagoshima.jp			2026-09-20	2026-09-20	0	0	8	0	0	0
www.town.kagoshima-tokunoshimamachi.lg.jp			2026-09-20	2026-09-20	0	0	8	0	0	0
www.town.kagoshima-yoron.jp			2026-09-20	2026-09-20	0	0	8	0	0	0
www.town.kagoshima-yoron.kagoshima.jp			2026-09-20	2026-09-20	0	0	8	0	0	0
www.town.kagoshima-yoron.lg.jp			2026-09-20	2026-09-20	0	0	8	0	0	0
www.town.kagoshima-yoroncho.jp			2026-09-20	2026-09-20	0	0	8	0	0	0
www.town.kagoshima-yoroncho.kagoshima.jp			2026-09-20	2026-09-20	0	0	8	0	0	0
www.town.kagoshima-yoroncho.lg.jp			2026-09-20	2026-09-20	0	0	8	0	0	0
www.town.kagoshima-yoronmachi.jp			2026-09-20	2026-09-20	0	0	8	0	0	0
www.town.kagoshima-yoronmachi.kagoshima.jp			2026-09-20	2026-09-20	0	0	8	0	0	0
www.town.kagoshima-yoronmachi.lg.jp			2026-09-20	2026-09-20	0	0	8	0	0	0
www.town.kagoshima-yuusui.jp			2026-09-20	2026-09-20	0	0	2	0	0	0
www.town.kagoshima-yuusui.kagoshima.jp			2026-09-20	2026-09-20	0	0	2	0	0	0
www.town.kagoshima-yuusui.lg.jp			2026-09-20	2026-09-20	0	0	2	0	0	0
www.town.kagoshima-yuusuicho.jp			2026-09-20	2026-09-20	0	0	2	0	0	0
www.town.kagoshima-yuusuicho.kagoshima.jp			2026-09-20	2026-09-20	0	0	2	0	0	0
www.town.kagoshima-yuusuicho.lg.jp			2026-09-20	2026-09-20	0	0	2	0	0	0
www.town.kagoshima-yuusuimachi.jp			2026-09-20	2026-09-20	0	0	2	0	0	0
www.town.kagoshima-yuusuimachi.kagoshima.jp			2026-09-20	2026-09-20	0	0	2	0	0	0
www.town.kagoshima-yuusuimachi.lg.jp			2026-09-20	2026-09-20	0	0	2	0	0	0
www.town.kaisei.lg.jp			2026-09-11	2026-09-11	0	0	1	0	0	0
www.town.kamikawa.lg.jp			2026-09-11	2026-09-11	0	0	1	0	0	0
www.town.kamisato.lg.jp			2026-09-11	2026-09-11	0	0	1	0	0	0
www.town.kammaki.jp			2026-09-12	2026-09-12	0	0	1	0	0	0
www.town.kammaki.lg.jp			2026-09-12	2026-09-12	0	0	1	0	0	0
www.town.kammaki.nara.jp			2026-09-12	2026-09-12	0	0	1	0	0	0
www.town.kammakicho.jp			2026-09-12	2026-09-12	0	0	1	0	0	0
www.town.kammakicho.lg.jp			2026-09-12	2026-09-12	0	0	1	0	0	0
www.town.kammakicho.nara.jp			2026-09-12	2026-09-12	0	0	1	0	0	0
www.town.kammakimachi.jp			2026-09-12	2026-09-12	0	0	1	0	0	0
www.town.kammakimachi.lg.jp			2026-09-12	2026-09-12	0	0	1	0	0	0
www.town.kammakimachi.nara.jp			2026-09-12	2026-09-12	0	0	1	0	0	0
www.town.kaneyama.lg.jp			2026-09-12	2026-09-12	0	0	1	0	0	0
www.town.kanie.lg.jp			2026-09-08	2026-09-08	0	0	1	0	0	0
www.town.kanna.gumma.jp			2026-09-12	2026-09-12	0	0	1	0	0	0
www.town.kanna.jp			2026-09-12	2026-09-12	0	0	1	0	0	0
www.town.kanna.lg.jp			2026-09-12	2026-09-12	0	0	1	0	0	0
www.town.kannacho.gumma.jp			2026-09-12	2026-09-12	0	0	1	0	0	0
www.town.kannacho.jp			2026-09-12	2026-09-12	0	0	1	0	0	0
www.town.kannacho.lg.jp			2026-09-12	2026-09-12	0	0	1	0	0	0
www.town.kannamachi.gumma.jp			2026-09-12	2026-09-12	0	0	1	0	0	0
www.town.kannamachi.jp			2026-09-12	2026-09-12	0	0	1	0	0	0
www.town.kannamachi.lg.jp			2026-09-12	2026-09-12	0	0	1	0	0	0
www.town.kannami.lg.jp			2026-09-08	2026-09-08	0	0	1	0	0	0
www.town.kasamatsu.lg.jp			2026-09-12	2026-09-12	0	0	1	0	0	0
www.town.kashima.jp			2026-09-20	2026-09-20	0	0	2	0	0	0
www.town.kashima.kumamoto.jp			2026-09-20	2026-09-20	0	0	2	0	0	0
www.town.kashima.lg.jp			2026-09-20	2026-09-20	0	0	2	0	0	0
www.town.kasuya.lg.jp			2026-09-19	2026-09-19	0	0	4	0	0	0
www.town.katsuragi.lg.jp			2026-09-12	2026-09-12	0	0	1	0	0	0
www.town.kawabe.gifu.jp			2026-09-12	2026-09-12	0	0	1	0	0	0
www.town.kawabe.jp			2026-09-12	2026-09-12	0	0	1	0	0	0
www.town.kawabe.lg.jp			2026-09-12	2026-09-12	0	0	1	0	0	0
www.town.kawabecho.gifu.jp			2026-09-12	2026-09-12	0	0	1	0	0	0
www.town.kawabecho.jp			2026-09-12	2026-09-12	0	0	1	0	0	0
www.town.kawabecho.lg.jp			2026-09-12	2026-09-12	0	0	1	0	0	0
www.town.kawabemachi.gifu.jp			2026-09-12	2026-09-12	0	0	1	0	0	0
www.town.kawabemachi.jp			2026-09-12	2026-09-12	0	0	1	0	0	0
www.town.kawabemachi.lg.jp			2026-09-12	2026-09-12	0	0	1	0	0	0
www.town.kawachi.ibaraki.jp			2026-09-07	2026-09-07	0	0	1	0	0	0
www.town.kawachi.jp			2026-09-11	2026-09-11	0	0	1	0	0	0
www.town.kawachi.lg.jp			2026-09-07	2026-09-07	0	0	1	0	0	0
www.town.kawagoe.lg.jp			2026-09-12	2026-09-12	0	0	1	0	0	0
www.town.kawai.lg.jp			2026-09-12	2026-09-12	0	0	1	0	0	0
www.town.kawajima.lg.jp			2026-09-11	2026-09-11	0	0	1	0	0	0
www.town.kawaminami.lg.jp			2026-09-20	2026-09-20	0	0	2	0	0	0
www.town.kawanehon.lg.jp			2026-09-08	2026-09-08	0	0	1	0	0	0
www.town.kawanishi.jp			2026-09-12	2026-09-12	0	0	1	0	0	0
www.town.kawanishi.lg.jp			2026-09-12	2026-09-12	0	0	1	0	0	0
www.town.kawanishi.nara.jp			2026-09-12	2026-09-12	0	0	1	0	0	0
www.town.kawara.lg.jp			2026-09-19	2026-09-19	0	0	4	0	0	0
www.town.kawasaki.fukuoka.jp			2026-09-19	2026-09-19	0	0	8	0	0	0
www.town.kawasaki.jp			2026-09-19	2026-09-19	0	0	8	0	0	0
www.town.kawasaki.lg.jp			2026-09-19	2026-09-19	0	0	8	0	0	0
www.town.kawasakicho.fukuoka.jp			2026-09-19	2026-09-19	0	0	8	0	0	0
www.town.kawasakicho.jp			2026-09-19	2026-09-19	0	0	8	0	0	0
www.town.kawasakicho.lg.jp			2026-09-19	2026-09-19	0	0	8	0	0	0
www.town.kawasakimachi.fukuoka.jp			2026-09-19	2026-09-19	0	0	8	0	0	0
www.town.kawasakimachi.jp			2026-09-19	2026-09-19	0	0	8	0	0	0
www.town.kawasakimachi.lg.jp			2026-09-19	2026-09-19	0	0	8	0	0	0
www.town.kawatana.jp			2026-09-19	2026-09-19	0	0	8	0	0	0
www.town.kawatana.lg.jp			2026-09-19	2026-09-19	0	0	8	0	0	0
www.town.kawatana.nagasaki.jp			2026-09-19	2026-09-19	0	0	8	0	0	0
www.town.kawatanacho.jp			2026-09-19	2026-09-19	0	0	8	0	0	0
www.town.kawatanacho.lg.jp			2026-09-19	2026-09-19	0	0	8	0	0	0
www.town.kawatanacho.nagasaki.jp			2026-09-19	2026-09-19	0	0	8	0	0	0
www.town.kawatanamachi.jp			2026-09-19	2026-09-19	0	0	8	0	0	0
www.town.kawatanamachi.lg.jp			2026-09-19	2026-09-19	0	0	8	0	0	0
www.town.kawatanamachi.nagasaki.jp			2026-09-19	2026-09-19	0	0	8	0	0	0
www.town.kawazu.lg.jp			2026-09-08	2026-09-08	0	0	1	0	0	0
www.town.keisen.lg.jp			2026-09-19	2026-09-19	0	0	4	0	0	0
www.town.kihoku.jp			2026-09-12	2026-09-12	0	0	1	0	0	0
www.town.kihoku.lg.jp			2026-09-12	2026-09-12	0	0	1	0	0	0
www.town.kihoku.mie.jp			2026-09-12	2026-09-12	0	0	1	0	0	0
www.town.kimino.lg.jp			2026-09-12	2026-09-12	0	0	1	0	0	0
www.town.kimotsuki.jp			2026-09-20	2026-09-20	0	0	8	0	0	0
www.town.kimotsuki.kagoshima.jp			2026-09-20	2026-09-20	0	0	8	0	0	0
www.town.kimotsuki.lg.jp			2026-09-20	2026-09-20	0	0	8	0	0	0
www.town.kimotsukicho.jp			2026-09-20	2026-09-20	0	0	8	0	0	0
www.town.kimotsukicho.kagoshima.jp			2026-09-20	2026-09-20	0	0	8	0	0	0
www.town.kimotsukicho.lg.jp			2026-09-20	2026-09-20	0	0	8	0	0	0
www.town.kimotsukimachi.jp			2026-09-20	2026-09-20	0	0	8	0	0	0
www.town.kimotsukimachi.kagoshima.jp			2026-09-20	2026-09-20	0	0	8	0	0	0
www.town.kimotsukimachi.lg.jp			2026-09-20	2026-09-20	0	0	8	0	0	0
www.town.kiso.jp			2026-09-12	2026-09-12	0	0	1	0	0	0
www.town.kiso.lg.jp			2026-09-12	2026-09-12	0	0	1	0	0	0
www.town.kiso.nagano.jp			2026-09-12	2026-09-12	0	0	1	0	0	0
www.town.kisocho.jp			2026-09-12	2026-09-12	0	0	1	0	0	0
www.town.kisocho.lg.jp			2026-09-12	2026-09-12	0	0	1	0	0	0
www.town.kisocho.nagano.jp			2026-09-12	2026-09-12	0	0	1	0	0	0
www.town.kisomachi.jp			2026-09-12	2026-09-12	0	0	1	0	0	0
www.town.kisomachi.lg.jp			2026-09-12	2026-09-12	0	0	1	0	0	0
www.town.kisomachi.nagano.jp			2026-09-12	2026-09-12	0	0	1	0	0	0
www.town.kitagata.lg.jp			2026-09-12	2026-09-12	0	0	1	0	0	0
www.town.kiyonan.chiba.jp			2026-09-11	2026-09-11	0	0	1	0	0	0
www.town.kiyonan.jp			2026-09-11	2026-09-11	0	0	1	0	0	0
www.town.kiyonan.lg.jp			2026-09-11	2026-09-11	0	0	1	0	0	0
www.town.kiyonancho.chiba.jp			2026-09-11	2026-09-11	0	0	1	0	0	0
www.town.kiyonancho.jp			2026-09-11	2026-09-11	0	0	1	0	0	0
www.town.kiyonancho.lg.jp			2026-09-11	2026-09-11	0	0	1	0	0	0
www.town.kiyonanmachi.chiba.jp			2026-09-11	2026-09-11	0	0	1	0	0	0
www.town.kiyonanmachi.jp			2026-09-11	2026-09-11	0	0	1	0	0	0
www.town.kiyonanmachi.lg.jp			2026-09-11	2026-09-11	0	0	1	0	0	0
www.town.kohoku.jp			2026-09-19	2026-09-19	0	0	8	0	0	0
www.town.kohoku.lg.jp			2026-09-19	2026-09-19	0	0	8	0	0	0
www.town.kohoku.saga.jp			2026-09-19	2026-09-19	0	0	8	0	0	0
www.town.kohokucho.jp			2026-09-19	2026-09-19	0	0	8	0	0	0
www.town.kohokucho.lg.jp			2026-09-19	2026-09-19	0	0	8	0	0	0
www.town.kohokucho.saga.jp			2026-09-19	2026-09-19	0	0	8	0	0	0
www.town.kohokumachi.jp			2026-09-19	2026-09-19	0	0	8	0	0	0
www.town.kohokumachi.lg.jp			2026-09-19	2026-09-19	0	0	8	0	0	0
www.town.kohokumachi.saga.jp			2026-09-19	2026-09-19	0	0	8	0	0	0
www.town.kokonoe.lg.jp			2026-09-19	2026-09-19	0	0	4	0	0	0
www.town.komi.jp			2026-09-12	2026-09-12	0	0	1	0	0	0
www.town.komi.lg.jp			2026-09-12	2026-09-12	0	0	1	0	0	0
www.town.komi.nagano.jp			2026-09-12	2026-09-12	0	0	1	0	0	0
www.town.komicho.jp			2026-09-12	2026-09-12	0	0	1	0	0	0
www.town.komicho.lg.jp			2026-09-12	2026-09-12	0	0	1	0	0	0
www.town.komicho.nagano.jp			2026-09-12	2026-09-12	0	0	1	0	0	0
www.town.komimachi.jp			2026-09-12	2026-09-12	0	0	1	0	0	0
www.town.komimachi.lg.jp			2026-09-12	2026-09-12	0	0	1	0	0	0
www.town.komimachi.nagano.jp			2026-09-12	2026-09-12	0	0	1	0	0	0
www.town.komono.lg.jp			2026-09-12	2026-09-12	0	0	1	0	0	0
www.town.koori.lg.jp			2026-09-12	2026-09-12	0	0	1	0	0	0
www.town.kora.jp			2026-09-12	2026-09-12	0	0	1	0	0	0
www.town.kora.lg.jp			2026-09-12	2026-09-12	0	0	1	0	0	0
www.town.kora.shiga.jp			2026-09-12	2026-09-12	0	0	1	0	0	0
www.town.koracho.jp			2026-09-12	2026-09-12	0	0	1	0	0	0
www.town.koracho.lg.jp			2026-09-12	2026-09-12	0	0	1	0	0	0
www.town.koracho.shiga.jp			2026-09-12	2026-09-12	0	0	1	0	0	0
www.town.koramachi.jp			2026-09-12	2026-09-12	0	0	1	0	0	0
www.town.koramachi.lg.jp			2026-09-12	2026-09-12	0	0	1	0	0	0
www.town.koramachi.shiga.jp			2026-09-12	2026-09-12	0	0	1	0	0	0
www.town.koriyo.jp			2026-09-12	2026-09-12	0	0	1	0	0	0
www.town.koriyo.lg.jp			2026-09-12	2026-09-12	0	0	1	0	0	0
www.town.koriyo.nara.jp			2026-09-12	2026-09-12	0	0	1	0	0	0
www.town.koriyocho.jp			2026-09-12	2026-09-12	0	0	1	0	0	0
www.town.koriyocho.lg.jp			2026-09-12	2026-09-12	0	0	1	0	0	0
www.town.koriyocho.nara.jp			2026-09-12	2026-09-12	0	0	1	0	0	0
www.town.koriyomachi.jp			2026-09-12	2026-09-12	0	0	1	0	0	0
www.town.koriyomachi.lg.jp			2026-09-12	2026-09-12	0	0	1	0	0	0
www.town.koriyomachi.nara.jp			2026-09-12	2026-09-12	0	0	1	0	0	0
www.town.koryo.lg.jp			2026-09-12	2026-09-12	0	0	1	0	0	0
www.town.kotake.fukuoka.jp			2026-09-19	2026-09-19	0	0	4	0	0	0
www.town.kotake.lg.jp			2026-09-19	2026-09-19	0	0	4	0	0	0
www.town.koya.lg.jp			2026-09-12	2026-09-12	0	0	1	0	0	0
www.town.kozaki.lg.jp			2026-09-11	2026-09-11	0	0	1	0	0	0
www.town.kujiyukuri.chiba.jp			2026-09-11	2026-09-11	0	0	1	0	0	0
www.town.kujiyukuri.jp			2026-09-11	2026-09-11	0	0	1	0	0	0
www.town.kujiyukuri.lg.jp			2026-09-11	2026-09-11	0	0	1	0	0	0
www.town.kujiyukuricho.chiba.jp			2026-09-11	2026-09-11	0	0	1	0	0	0
www.town.kujiyukuricho.jp			2026-09-11	2026-09-11	0	0	1	0	0	0
www.town.kujiyukuricho.lg.jp			2026-09-11	2026-09-11	0	0	1	0	0	0
www.town.kujiyukurimachi.chiba.jp			2026-09-11	2026-09-11	0	0	1	0	0	0
www.town.kujiyukurimachi.jp			2026-09-11	2026-09-11	0	0	1	0	0	0
www.town.kujiyukurimachi.lg.jp			2026-09-11	2026-09-11	0	0	1	0	0	0
www.town.kujiyuukuri.chiba.jp			2026-09-11	2026-09-11	0	0	1	0	0	0
www.town.kujiyuukuri.jp			2026-09-11	2026-09-11	0	0	1	0	0	0
www.town.kujiyuukuri.lg.jp			2026-09-11	2026-09-11	0	0	1	0	0	0
www.town.kujiyuukuricho.chiba.jp			2026-09-11	2026-09-11	0	0	1	0	0	0
www.town.kujiyuukuricho.jp			2026-09-11	2026-09-11	0	0	1	0	0	0
www.town.kujiyuukuricho.lg.jp			2026-09-11	2026-09-11	0	0	1	0	0	0
www.town.kujiyuukurimachi.chiba.jp			2026-09-11	2026-09-11	0	0	1	0	0	0
www.town.kujiyuukurimachi.jp			2026-09-11	2026-09-11	0	0	1	0	0	0
www.town.kujiyuukurimachi.lg.jp			2026-09-11	2026-09-11	0	0	1	0	0	0
www.town.kujyukuri.chiba.jp			2026-09-11	2026-09-11	0	0	1	0	0	0
www.town.kujyukuri.jp			2026-09-11	2026-09-11	0	0	1	0	0	0
www.town.kujyukuri.lg.jp			2026-09-11	2026-09-11	0	0	1	0	0	0
www.town.kujyukuricho.chiba.jp			2026-09-11	2026-09-11	0	0	1	0	0	0
www.town.kujyukuricho.jp			2026-09-11	2026-09-11	0	0	1	0	0	0
www.town.kujyukuricho.lg.jp			2026-09-11	2026-09-11	0	0	1	0	0	0
www.town.kujyukurimachi.chiba.jp			2026-09-11	2026-09-11	0	0	1	0	0	0
www.town.kujyukurimachi.jp			2026-09-11	2026-09-11	0	0	1	0	0	0
www.town.kujyukurimachi.lg.jp			2026-09-11	2026-09-11	0	0	1	0	0	0
www.town.kujyuukuri.chiba.jp			2026-09-11	2026-09-11	0	0	1	0	0	0
www.town.kujyuukuri.jp			2026-09-11	2026-09-11	0	0	1	0	0	0
www.town.kujyuukuri.lg.jp			2026-09-11	2026-09-11	0	0	1	0	0	0
www.town.kujyuukuricho.chiba.jp			2026-09-11	2026-09-11	0	0	1	0	0	0
www.town.kujyuukuricho.jp			2026-09-11	2026-09-11	0	0	1	0	0	0
www.town.kujyuukuricho.lg.jp			2026-09-11	2026-09-11	0	0	1	0	0	0
www.town.kujyuukurimachi.chiba.jp			2026-09-11	2026-09-11	0	0	1	0	0	0
www.town.kujyuukurimachi.jp			2026-09-11	2026-09-11	0	0	1	0	0	0
www.town.kujyuukurimachi.lg.jp			2026-09-11	2026-09-11	0	0	1	0	0	0
www.town.kumamoto-reihoku.jp			2026-09-20	2026-09-20	0	0	4	0	0	0
www.town.kumamoto-reihoku.kumamoto.jp			2026-09-20	2026-09-20	0	0	4	0	0	0
www.town.kumamoto-reihoku.lg.jp			2026-09-20	2026-09-20	0	0	4	0	0	0
www.town.kumamoto-reihokucho.jp			2026-09-20	2026-09-20	0	0	4	0	0	0
www.town.kumamoto-reihokucho.kumamoto.jp			2026-09-20	2026-09-20	0	0	4	0	0	0
www.town.kumamoto-reihokucho.lg.jp			2026-09-20	2026-09-20	0	0	4	0	0	0
www.town.kumamoto-reihokumachi.jp			2026-09-20	2026-09-20	0	0	4	0	0	0
www.town.kumamoto-reihokumachi.kumamoto.jp			2026-09-20	2026-09-20	0	0	4	0	0	0
www.town.kumamoto-reihokumachi.lg.jp			2026-09-20	2026-09-20	0	0	4	0	0	0
www.town.kunimi.lg.jp			2026-09-12	2026-09-12	0	0	1	0	0	0
www.town.kunitomi.lg.jp			2026-09-20	2026-09-20	0	0	2	0	0	0
www.town.kusatsu.gumma.jp			2026-09-12	2026-09-12	0	0	1	0	0	0
www.town.kusatsu.jp			2026-09-12	2026-09-12	0	0	1	0	0	0
www.town.kusatsu.lg.jp			2026-09-12	2026-09-12	0	0	1	0	0	0
www.town.kusatsucho.gumma.jp			2026-09-12	2026-09-12	0	0	1	0	0	0
www.town.kusatsucho.jp			2026-09-12	2026-09-12	0	0	1	0	0	0
www.town.kusatsucho.lg.jp			2026-09-12	2026-09-12	0	0	1	0	0	0
www.town.kusatsumachi.gumma.jp			2026-09-12	2026-09-12	0	0	1	0	0	0
www.town.kusatsumachi.jp			2026-09-12	2026-09-12	0	0	1	0	0	0
www.town.kusatsumachi.lg.jp			2026-09-12	2026-09-12	0	0	1	0	0	0
www.town.kushimoto.lg.jp			2026-09-12	2026-09-12	0	0	1	0	0	0
www.town.kusu.lg.jp			2026-09-19	2026-09-19	0	0	4	0	0	0
www.town.kyonan.lg.jp			2026-09-11	2026-09-11	0	0	1	0	0	0
www.town.manazuru.lg.jp			2026-09-11	2026-09-11	0	0	1	0	0	0
www.town.matsuda.kanagawa.jp			2026-09-11	2026-09-11	0	0	1	0	0	0
www.town.matsuda.lg.jp			2026-09-11	2026-09-11	0	0	1	0	0	0
www.town.matsuzaki.lg.jp			2026-09-08	2026-09-08	0	0	1	0	0	0
www.town.meiwa.gumma.jp			2026-09-12	2026-09-12	0	0	1	0	0	0
www.town.meiwa.jp			2026-09-12	2026-09-12	0	0	1	0	0	0
www.town.meiwa.lg.jp			2026-09-12	2026-09-12	0	0	1	0	0	0
www.town.meiwacho.gumma.jp			2026-09-12	2026-09-12	0	0	1	0	0	0
www.town.meiwacho.jp			2026-09-12	2026-09-12	0	0	1	0	0	0
www.town.meiwacho.lg.jp			2026-09-12	2026-09-12	0	0	1	0	0	0
www.town.meiwamachi.gumma.jp			2026-09-12	2026-09-12	0	0	1	0	0	0
www.town.meiwamachi.jp			2026-09-12	2026-09-12	0	0	1	0	0	0
www.town.meiwamachi.lg.jp			2026-09-12	2026-09-12	0	0	1	0	0	0
www.town.mibu.chigi.jp			2026-09-11	2026-09-11	0	0	1	0	0	0
www.town.mibu.jp			2026-09-11	2026-09-11	0	0	1	0	0	0
www.town.mibu.lg.jp			2026-09-11	2026-09-11	0	0	1	0	0	0
www.town.mibucho.chigi.jp			2026-09-11	2026-09-11	0	0	1	0	0	0
www.town.mibucho.jp			2026-09-11	2026-09-11	0	0	1	0	0	0
www.town.mibucho.lg.jp			2026-09-11	2026-09-11	0	0	1	0	0	0
www.town.mibumachi.chigi.jp			2026-09-11	2026-09-11	0	0	1	0	0	0
www.town.mibumachi.jp			2026-09-11	2026-09-11	0	0	1	0	0	0
www.town.mibumachi.lg.jp			2026-09-11	2026-09-11	0	0	1	0	0	0
www.town.mie-asahi.jp			2026-09-12	2026-09-12	0	0	1	0	0	0
www.town.mie-asahi.lg.jp			2026-09-12	2026-09-12	0	0	1	0	0	0
www.town.mie-asahi.mie.jp			2026-09-12	2026-09-12	0	0	1	0	0	0
www.town.mie-asahicho.jp			2026-09-12	2026-09-12	0	0	1	0	0	0
www.town.mie-asahicho.lg.jp			2026-09-12	2026-09-12	0	0	1	0	0	0
www.town.mie-asahicho.mie.jp			2026-09-12	2026-09-12	0	0	1	0	0	0
www.town.mie-asahimachi.jp			2026-09-12	2026-09-12	0	0	1	0	0	0
www.town.mie-asahimachi.lg.jp			2026-09-12	2026-09-12	0	0	1	0	0	0
www.town.mie-asahimachi.mie.jp			2026-09-12	2026-09-12	0	0	1	0	0	0
www.town.mie-odai.jp			2026-09-12	2026-09-12	0	0	1	0	0	0
www.town.mie-odai.lg.jp			2026-09-12	2026-09-12	0	0	1	0	0	0
www.town.mie-odai.mie.jp			2026-09-12	2026-09-12	0	0	1	0	0	0
www.town.mie-odaicho.jp			2026-09-12	2026-09-12	0	0	1	0	0	0
www.town.mie-odaicho.lg.jp			2026-09-12	2026-09-12	0	0	1	0	0	0
www.town.mie-odaicho.mie.jp			2026-09-12	2026-09-12	0	0	1	0	0	0
www.town.mie-odaimachi.jp			2026-09-12	2026-09-12	0	0	1	0	0	0
www.town.mie-odaimachi.lg.jp			2026-09-12	2026-09-12	0	0	1	0	0	0
www.town.mie-odaimachi.mie.jp			2026-09-12	2026-09-12	0	0	1	0	0	0
www.town.mie-tamaki.jp			2026-09-12	2026-09-12	0	0	1	0	0	0
www.town.mie-tamaki.lg.jp			2026-09-12	2026-09-12	0	0	1	0	0	0
www.town.mie-tamaki.mie.jp			2026-09-12	2026-09-12	0	0	1	0	0	0
www.town.mie-tamakicho.jp			2026-09-12	2026-09-12	0	0	1	0	0	0
www.town.mie-tamakicho.lg.jp			2026-09-12	2026-09-12	0	0	1	0	0	0
www.town.mie-tamakicho.mie.jp			2026-09-12	2026-09-12	0	0	1	0	0	0
www.town.mie-tamakimachi.jp			2026-09-12	2026-09-12	0	0	1	0	0	0
www.town.mie-tamakimachi.lg.jp			2026-09-12	2026-09-12	0	0	1	0	0	0
www.town.mie-tamakimachi.mie.jp			2026-09-12	2026-09-12	0	0	1	0	0	0
www.town.mifune.lg.jp			2026-09-20	2026-09-20	0	0	2	0	0	0
www.town.mihama.aichi.jp			2026-09-08	2026-09-08	0	0	1	0	0	0
www.town.mihama.fukui.jp			2026-09-12	2026-09-12	0	0	1	0	0	0
www.town.mihama.jp			2026-09-08	2026-09-08	0	0	1	0	0	0
www.town.mihama.lg.jp			2026-09-08	2026-09-08	0	0	1	0	0	0
www.town.mihama.wakayama.jp			2026-09-12	2026-09-12	0	0	1	0	0	0
www.town.mihamacho.jp			2026-09-12	2026-09-12	0	0	1	0	0	0
www.town.mihamacho.lg.jp			2026-09-12	2026-09-12	0	0	1	0	0	0
www.town.mihamacho.wakayama.jp			2026-09-12	2026-09-12	0	0	1	0	0	0
www.town.mihamamachi.jp			2026-09-12	2026-09-12	0	0	1	0	0	0
www.town.mihamamachi.lg.jp			2026-09-12	2026-09-12	0	0	1	0	0	0
www.town.mihamamachi.wakayama.jp			2026-09-12	2026-09-12	0	0	1	0	0	0
www.town.miharu.lg.jp			2026-09-12	2026-09-12	0	0	1	0	0	0
www.town.minakami.gumma.jp			2026-09-12	2026-09-12	0	0	1	0	0	0
www.town.minakami.jp			2026-09-12	2026-09-12	0	0	1	0	0	0
www.town.minakami.lg.jp			2026-09-12	2026-09-12	0	0	1	0	0	0
www.town.minakamicho.gumma.jp			2026-09-12	2026-09-12	0	0	1	0	0	0
www.town.minakamicho.jp			2026-09-12	2026-09-12	0	0	1	0	0	0
www.town.minakamicho.lg.jp			2026-09-12	2026-09-12	0	0	1	0	0	0
www.town.minakamimachi.gumma.jp			2026-09-12	2026-09-12	0	0	1	0	0	0
www.town.minakamimachi.jp			2026-09-12	2026-09-12	0	0	1	0	0	0
www.town.minakamimachi.lg.jp			2026-09-12	2026-09-12	0	0	1	0	0	0
www.town.minamiizu.lg.jp			2026-09-08	2026-09-08	0	0	1	0	0	0
www.town.minamitane.jp			2026-09-20	2026-09-20	0	0	2	0	0	0
www.town.minamitane.lg.jp			2026-09-20	2026-09-20	0	0	4	0	0	0
www.town.minamitanecho.jp			2026-09-20	2026-09-20	0	0	2	0	0	0
www.town.minamitanecho.kagoshima.jp			2026-09-20	2026-09-20	0	0	2	0	0	0
www.town.minamitanecho.lg.jp			2026-09-20	2026-09-20	0	0	2	0	0	0
www.town.minamitanemachi.jp			2026-09-20	2026-09-20	0	0	2	0	0	0
www.town.minamitanemachi.kagoshima.jp			2026-09-20	2026-09-20	0	0	2	0	0	0
www.town.minamitanemachi.lg.jp			2026-09-20	2026-09-20	0	0	2	0	0	0
www.town.minano.lg.jp			2026-09-11	2026-09-11	0	0	1	0	0	0
www.town.misato.jp			2026-09-11	2026-09-20	0	0	5	0	0	0
www.town.misato.kumamoto.jp			2026-09-20	2026-09-20	0	0	2	0	0	0
www.town.misato.lg.jp			2026-09-11	2026-09-20	0	0	5	0	0	0
www.town.misato.miyazaki.jp			2026-09-20	2026-09-20	0	0	2	0	0	0
www.town.misato.saitama.jp			2026-09-11	2026-09-11	0	0	1	0	0	0
www.town.mishima.lg.jp			2026-09-12	2026-09-12	0	0	1	0	0	0
www.town.miyazaki-takachiho.jp			2026-09-20	2026-09-20	0	0	4	0	0	0
www.town.miyazaki-takachiho.lg.jp			2026-09-20	2026-09-20	0	0	4	0	0	0
www.town.miyazaki-takachiho.miyazaki.jp			2026-09-20	2026-09-20	0	0	4	0	0	0
www.town.miyazaki-takachihocho.jp			2026-09-20	2026-09-20	0	0	4	0	0	0
www.town.miyazaki-takachihocho.lg.jp			2026-09-20	2026-09-20	0	0	4	0	0	0
www.town.miyazaki-takachihocho.miyazaki.jp			2026-09-20	2026-09-20	0	0	4	0	0	0
www.town.miyazaki-takachihomachi.jp			2026-09-20	2026-09-20	0	0	4	0	0	0
www.town.miyazaki-takachihomachi.lg.jp			2026-09-20	2026-09-20	0	0	4	0	0	0
www.town.miyazaki-takachihomachi.miyazaki.jp			2026-09-20	2026-09-20	0	0	4	0	0	0
www.town.miyoshi.jp			2026-09-11	2026-09-11	0	0	1	0	0	0
www.town.miyoshi.lg.jp			2026-09-11	2026-09-11	0	0	1	0	0	0
www.town.miyoshi.saitama.jp			2026-09-11	2026-09-11	0	0	1	0	0	0
www.town.miyota.lg.jp			2026-09-12	2026-09-12	0	0	1	0	0	0
www.town.mizuho.lg.jp			2026-09-11	2026-09-11	0	0	1	0	0	0
www.town.mori.jp			2026-09-08	2026-09-08	0	0	1	0	0	0
www.town.mori.lg.jp			2026-09-08	2026-09-08	0	0	1	0	0	0
www.town.mori.shizuoka.jp			2026-09-08	2026-09-08	0	0	1	0	0	0
www.town.morimachi.lg.jp			2026-09-08	2026-09-08	0	0	1	0	0	0
www.town.moroyama.lg.jp			2026-09-11	2026-09-11	0	0	1	0	0	0
www.town.motegi.chigi.jp			2026-09-11	2026-09-11	0	0	1	0	0	0
www.town.motegi.jp			2026-09-11	2026-09-11	0	0	1	0	0	0
www.town.motegi.lg.jp			2026-09-11	2026-09-11	0	0	1	0	0	0
www.town.motegicho.chigi.jp			2026-09-11	2026-09-11	0	0	1	0	0	0
www.town.motegicho.jp			2026-09-11	2026-09-11	0	0	1	0	0	0
www.town.motegicho.lg.jp			2026-09-11	2026-09-11	0	0	1	0	0	0
www.town.motegimachi.chigi.jp			2026-09-11	2026-09-11	0	0	1	0	0	0
www.town.motegimachi.jp			2026-09-11	2026-09-11	0	0	1	0	0	0
www.town.motegimachi.lg.jp			2026-09-11	2026-09-11	0	0	1	0	0	0
www.town.mutsuzawa.lg.jp			2026-09-11	2026-09-11	0	0	1	0	0	0
www.town.nachikatsuura.lg.jp			2026-09-12	2026-09-12	0	0	1	0	0	0
www.town.nagano-anan.jp			2026-09-12	2026-09-12	0	0	1	0	0	0
www.town.nagano-anan.lg.jp			2026-09-12	2026-09-12	0	0	1	0	0	0
www.town.nagano-anan.nagano.jp			2026-09-12	2026-09-12	0	0	1	0	0	0
www.town.nagano-anancho.jp			2026-09-12	2026-09-12	0	0	1	0	0	0
www.town.nagano-anancho.lg.jp			2026-09-12	2026-09-12	0	0	1	0	0	0
www.town.nagano-anancho.nagano.jp			2026-09-12	2026-09-12	0	0	1	0	0	0
www.town.nagano-ananmachi.jp			2026-09-12	2026-09-12	0	0	1	0	0	0
www.town.nagano-ananmachi.lg.jp			2026-09-12	2026-09-12	0	0	1	0	0	0
www.town.nagano-ananmachi.nagano.jp			2026-09-12	2026-09-12	0	0	1	0	0	0
www.town.nagano-ikeda.jp			2026-09-12	2026-09-12	0	0	1	0	0	0
www.town.nagano-ikeda.lg.jp			2026-09-12	2026-09-12	0	0	1	0	0	0
www.town.nagano-ikeda.nagano.jp			2026-09-12	2026-09-12	0	0	1	0	0	0
www.town.nagano-ikedacho.jp			2026-09-12	2026-09-12	0	0	1	0	0	0
www.town.nagano-ikedacho.lg.jp			2026-09-12	2026-09-12	0	0	1	0	0	0
www.town.nagano-ikedacho.nagano.jp			2026-09-12	2026-09-12	0	0	1	0	0	0
www.town.nagano-ikedamachi.jp			2026-09-12	2026-09-12	0	0	1	0	0	0
www.town.nagano-ikedamachi.lg.jp			2026-09-12	2026-09-12	0	0	1	0	0	0
www.town.nagano-ikedamachi.nagano.jp			2026-09-12	2026-09-12	0	0	1	0	0	0
www.town.nagano-kiso.jp			2026-09-12	2026-09-12	0	0	1	0	0	0
www.town.nagano-kiso.lg.jp			2026-09-12	2026-09-12	0	0	1	0	0	0
www.town.nagano-kiso.nagano.jp			2026-09-12	2026-09-12	0	0	1	0	0	0
www.town.nagano-kisocho.jp			2026-09-12	2026-09-12	0	0	1	0	0	0
www.town.nagano-kisocho.lg.jp			2026-09-12	2026-09-12	0	0	1	0	0	0
www.town.nagano-kisocho.nagano.jp			2026-09-12	2026-09-12	0	0	1	0	0	0
www.town.nagano-kisomachi.jp			2026-09-12	2026-09-12	0	0	1	0	0	0
www.town.nagano-kisomachi.lg.jp			2026-09-12	2026-09-12	0	0	1	0	0	0
www.town.nagano-kisomachi.nagano.jp			2026-09-12	2026-09-12	0	0	1	0	0	0
www.town.nagano-komi.jp			2026-09-12	2026-09-12	0	0	1	0	0	0
www.town.nagano-komi.lg.jp			2026-09-12	2026-09-12	0	0	1	0	0	0
www.town.nagano-komi.nagano.jp			2026-09-12	2026-09-12	0	0	1	0	0	0
www.town.nagano-komicho.jp			2026-09-12	2026-09-12	0	0	1	0	0	0
www.town.nagano-komicho.lg.jp			2026-09-12	2026-09-12	0	0	1	0	0	0
www.town.nagano-komicho.nagano.jp			2026-09-12	2026-09-12	0	0	1	0	0	0
www.town.nagano-komimachi.jp			2026-09-12	2026-09-12	0	0	1	0	0	0
www.town.nagano-komimachi.lg.jp			2026-09-12	2026-09-12	0	0	1	0	0	0
www.town.nagano-komimachi.nagano.jp			2026-09-12	2026-09-12	0	0	1	0	0	0
www.town.nagano-yamanochi.jp			2026-09-12	2026-09-12	0	0	1	0	0	0
www.town.nagano-yamanochi.lg.jp			2026-09-12	2026-09-12	0	0	1	0	0	0
www.town.nagano-yamanochi.nagano.jp			2026-09-12	2026-09-12	0	0	1	0	0	0
www.town.nagano-yamanochicho.jp			2026-09-12	2026-09-12	0	0	1	0	0	0
www.town.nagano-yamanochicho.lg.jp			2026-09-12	2026-09-12	0	0	1	0	0	0
www.town.nagano-yamanochicho.nagano.jp			2026-09-12	2026-09-12	0	0	1	0	0	0
www.town.nagano-yamanochimachi.jp			2026-09-12	2026-09-12	0	0	1	0	0	0
www.town.nagano-yamanochimachi.lg.jp			2026-09-12	2026-09-12	0	0	1	0	0	0
www.town.nagano-yamanochimachi.nagano.jp			2026-09-12	2026-09-12	0	0	1	0	0	0
www.town.naganohara.gumma.jp			2026-09-12	2026-09-12	0	0	1	0	0	0
www.town.naganohara.jp			2026-09-12	2026-09-12	0	0	1	0	0	0
www.town.naganohara.lg.jp			2026-09-12	2026-09-12	0	0	1	0	0	0
www.town.naganoharacho.gumma.jp			2026-09-12	2026-09-12	0	0	1	0	0	0
www.town.naganoharacho.jp			2026-09-12	2026-09-12	0	0	1	0	0	0
www.town.naganoharacho.lg.jp			2026-09-12	2026-09-12	0	0	1	0	0	0
www.town.naganoharamachi.gumma.jp			2026-09-12	2026-09-12	0	0	1	0	0	0
www.town.naganoharamachi.jp			2026-09-12	2026-09-12	0	0	1	0	0	0
www.town.naganoharamachi.lg.jp			2026-09-12	2026-09-12	0	0	1	0	0	0
www.town.nagara.lg.jp			2026-09-11	2026-09-11	0	0	1	0	0	0
www.town.nagasaki-kawatana.jp			2026-09-19	2026-09-19	0	0	8	0	0	0
www.town.nagasaki-kawatana.lg.jp			2026-09-19	2026-09-19	0	0	8	0	0	0
www.town.nagasaki-kawatana.nagasaki.jp			2026-09-19	2026-09-19	0	0	8	0	0	0
www.town.nagasaki-kawatanacho.jp			2026-09-19	2026-09-19	0	0	8	0	0	0
www.town.nagasaki-kawatanacho.lg.jp			2026-09-19	2026-09-19	0	0	8	0	0	0
www.town.nagasaki-kawatanacho.nagasaki.jp			2026-09-19	2026-09-19	0	0	8	0	0	0
www.town.nagasaki-kawatanamachi.jp			2026-09-19	2026-09-19	0	0	8	0	0	0
www.town.nagasaki-kawatanamachi.lg.jp			2026-09-19	2026-09-19	0	0	8	0	0	0
www.town.nagasaki-kawatanamachi.nagasaki.jp			2026-09-19	2026-09-19	0	0	8	0	0	0
www.town.nagasaki-nagayo.jp			2026-09-19	2026-09-19	0	0	8	0	0	0
www.town.nagasaki-nagayo.lg.jp			2026-09-19	2026-09-19	0	0	8	0	0	0
www.town.nagasaki-nagayo.nagasaki.jp			2026-09-19	2026-09-19	0	0	8	0	0	0
www.town.nagasaki-nagayocho.jp			2026-09-19	2026-09-19	0	0	8	0	0	0
www.town.nagasaki-nagayocho.lg.jp			2026-09-19	2026-09-19	0	0	8	0	0	0
www.town.nagasaki-nagayocho.nagasaki.jp			2026-09-19	2026-09-19	0	0	8	0	0	0
www.town.nagasaki-nagayomachi.jp			2026-09-19	2026-09-19	0	0	8	0	0	0
www.town.nagasaki-nagayomachi.lg.jp			2026-09-19	2026-09-19	0	0	8	0	0	0
www.town.nagasaki-nagayomachi.nagasaki.jp			2026-09-19	2026-09-19	0	0	7	0	0	0
www.town.nagasaki-saza.jp			2026-09-19	2026-09-19	0	0	8	0	0	0
www.town.nagasaki-saza.lg.jp			2026-09-19	2026-09-19	0	0	8	0	0	0
www.town.nagasaki-saza.nagasaki.jp			2026-09-19	2026-09-19	0	0	8	0	0	0
www.town.nagasaki-sazacho.jp			2026-09-19	2026-09-19	0	0	8	0	0	0
www.town.nagasaki-sazacho.lg.jp			2026-09-19	2026-09-19	0	0	8	0	0	0
www.town.nagasaki-sazacho.nagasaki.jp			2026-09-19	2026-09-19	0	0	8	0	0	0
www.town.nagasaki-sazamachi.jp			2026-09-19	2026-09-19	0	0	8	0	0	0
www.town.nagasaki-sazamachi.lg.jp			2026-09-19	2026-09-19	0	0	8	0	0	0
www.town.nagasaki-sazamachi.nagasaki.jp			2026-09-19	2026-09-19	0	0	8	0	0	0
www.town.nagasaki-shinkamigoto.jp			2026-09-19	2026-09-19	0	0	4	0	0	0
www.town.nagasaki-shinkamigoto.lg.jp			2026-09-19	2026-09-19	0	0	4	0	0	0
www.town.nagasaki-shinkamigoto.nagasaki.jp			2026-09-19	2026-09-19	0	0	4	0	0	0
www.town.nagasaki-shinkamigotocho.jp			2026-09-19	2026-09-19	0	0	4	0	0	0
www.town.nagasaki-shinkamigotocho.lg.jp			2026-09-19	2026-09-19	0	0	4	0	0	0
www.town.nagasaki-shinkamigotocho.nagasaki.jp			2026-09-19	2026-09-19	0	0	4	0	0	0
www.town.nagasaki-shinkamigotomachi.jp			2026-09-19	2026-09-19	0	0	4	0	0	0
www.town.nagasaki-shinkamigotomachi.lg.jp			2026-09-19	2026-09-19	0	0	4	0	0	0
www.town.nagasaki-shinkamigotomachi.nagasaki.jp			2026-09-19	2026-09-19	0	0	4	0	0	0
www.town.nagatoro.lg.jp			2026-09-11	2026-09-11	0	0	1	0	0	0
www.town.nagawa.lg.jp			2026-09-12	2026-09-12	0	0	1	0	0	0
www.town.nagayo.jp			2026-09-19	2026-09-19	0	0	8	0	0	0
www.town.nagayo.lg.jp			2026-09-19	2026-09-19	0	0	8	0	0	0
www.town.nagayo.nagasaki.jp			2026-09-19	2026-09-19	0	0	8	0	0	0
www.town.nagayocho.jp			2026-09-19	2026-09-19	0	0	8	0	0	0
www.town.nagayocho.lg.jp			2026-09-19	2026-09-19	0	0	8	0	0	0
www.town.nagayocho.nagasaki.jp			2026-09-19	2026-09-19	0	0	8	0	0	0
www.town.nagayomachi.jp			2026-09-19	2026-09-19	0	0	8	0	0	0
www.town.nagayomachi.lg.jp			2026-09-19	2026-09-19	0	0	8	0	0	0
www.town.nagayomachi.nagasaki.jp			2026-09-19	2026-09-19	0	0	8	0	0	0
www.town.nagiso.lg.jp			2026-09-12	2026-09-12	0	0	1	0	0	0
www.town.nakagawa.chigi.jp			2026-09-11	2026-09-11	0	0	1	0	0	0
www.town.nakagawa.jp			2026-09-11	2026-09-11	0	0	1	0	0	0
www.town.nakagawa.lg.jp			2026-09-11	2026-09-11	0	0	1	0	0	0
www.town.nakagawa.tochigi.jp			2026-09-11	2026-09-11	0	0	1	0	0	0
www.town.nakagawacho.chigi.jp			2026-09-11	2026-09-11	0	0	1	0	0	0
www.town.nakagawacho.jp			2026-09-11	2026-09-11	0	0	1	0	0	0
www.town.nakagawacho.lg.jp			2026-09-11	2026-09-11	0	0	1	0	0	0
www.town.nakagawamachi.chigi.jp			2026-09-11	2026-09-11	0	0	1	0	0	0
www.town.nakagawamachi.jp			2026-09-11	2026-09-11	0	0	1	0	0	0
www.town.nakagawamachi.lg.jp			2026-09-11	2026-09-11	0	0	1	0	0	0
www.town.nakai.lg.jp			2026-09-11	2026-09-11	0	0	1	0	0	0
www.town.nakanojiyo.gumma.jp			2026-09-12	2026-09-12	0	0	1	0	0	0
www.town.nakanojiyo.gunma.jp			2026-09-12	2026-09-12	0	0	1	0	0	0
www.town.nakanojiyo.jp			2026-09-12	2026-09-12	0	0	1	0	0	0
www.town.nakanojiyo.lg.jp			2026-09-12	2026-09-12	0	0	1	0	0	0
www.town.nakanojiyocho.gumma.jp			2026-09-12	2026-09-12	0	0	1	0	0	0
www.town.nakanojiyocho.gunma.jp			2026-09-12	2026-09-12	0	0	1	0	0	0
www.town.nakanojiyocho.jp			2026-09-12	2026-09-12	0	0	1	0	0	0
www.town.nakanojiyocho.lg.jp			2026-09-12	2026-09-12	0	0	1	0	0	0
www.town.nakanojiyomachi.gumma.jp			2026-09-12	2026-09-12	0	0	1	0	0	0
www.town.nakanojiyomachi.gunma.jp			2026-09-12	2026-09-12	0	0	1	0	0	0
www.town.nakanojiyomachi.jp			2026-09-12	2026-09-12	0	0	1	0	0	0
www.town.nakanojiyomachi.lg.jp			2026-09-12	2026-09-12	0	0	1	0	0	0
www.town.nakanojyo.gumma.jp			2026-09-12	2026-09-12	0	0	1	0	0	0
www.town.nakanojyo.gunma.jp			2026-09-12	2026-09-12	0	0	1	0	0	0
www.town.nakanojyo.jp			2026-09-12	2026-09-12	0	0	1	0	0	0
www.town.nakanojyo.lg.jp			2026-09-12	2026-09-12	0	0	1	0	0	0
www.town.nakanojyocho.gumma.jp			2026-09-12	2026-09-12	0	0	1	0	0	0
www.town.nakanojyocho.gunma.jp			2026-09-12	2026-09-12	0	0	1	0	0	0
www.town.nakanojyocho.jp			2026-09-12	2026-09-12	0	0	1	0	0	0
www.town.nakanojyocho.lg.jp			2026-09-12	2026-09-12	0	0	1	0	0	0
www.town.nakanojyomachi.gumma.jp			2026-09-12	2026-09-12	0	0	1	0	0	0
www.town.nakanojyomachi.gunma.jp			2026-09-12	2026-09-12	0	0	1	0	0	0
www.town.nakanojyomachi.jp			2026-09-12	2026-09-12	0	0	1	0	0	0
www.town.nakanojyomachi.lg.jp			2026-09-12	2026-09-12	0	0	1	0	0	0
www.town.nakatane.kagoshima.jp			2026-09-20	2026-09-20	0	0	2	0	0	0
www.town.nakatane.lg.jp			2026-09-20	2026-09-20	0	0	2	0	0	0
www.town.nambu.jp			2026-09-12	2026-09-12	0	0	1	0	0	0
www.town.nambu.lg.jp			2026-09-12	2026-09-12	0	0	1	0	0	0
www.town.nambu.yamanashi.jp			2026-09-12	2026-09-12	0	0	1	0	0	0
www.town.nambucho.jp			2026-09-12	2026-09-12	0	0	1	0	0	0
www.town.nambucho.lg.jp			2026-09-12	2026-09-12	0	0	1	0	0	0
www.town.nambucho.yamanashi.jp			2026-09-12	2026-09-12	0	0	1	0	0	0
www.town.nambumachi.jp			2026-09-12	2026-09-12	0	0	1	0	0	0
www.town.nambumachi.lg.jp			2026-09-12	2026-09-12	0	0	1	0	0	0
www.town.nambumachi.yamanashi.jp			2026-09-12	2026-09-12	0	0	1	0	0	0
www.town.namegawa.lg.jp			2026-09-11	2026-09-11	0	0	1	0	0	0
www.town.namie.lg.jp			2026-09-12	2026-09-12	0	0	1	0	0	0
www.town.nanbu.lg.jp			2026-09-12	2026-09-12	0	0	1	0	0	0
www.town.nara-kammaki.jp			2026-09-12	2026-09-12	0	0	1	0	0	0
www.town.nara-kammaki.lg.jp			2026-09-12	2026-09-12	0	0	1	0	0	0
www.town.nara-kammaki.nara.jp			2026-09-12	2026-09-12	0	0	1	0	0	0
www.town.nara-kammakicho.jp			2026-09-12	2026-09-12	0	0	1	0	0	0
www.town.nara-kammakicho.lg.jp			2026-09-12	2026-09-12	0	0	1	0	0	0
www.town.nara-kammakicho.nara.jp			2026-09-12	2026-09-12	0	0	1	0	0	0
www.town.nara-kammakimachi.jp			2026-09-12	2026-09-12	0	0	1	0	0	0
www.town.nara-kammakimachi.lg.jp			2026-09-12	2026-09-12	0	0	1	0	0	0
www.town.nara-kammakimachi.nara.jp			2026-09-12	2026-09-12	0	0	1	0	0	0
www.town.nara-koriyo.jp			2026-09-12	2026-09-12	0	0	1	0	0	0
www.town.nara-koriyo.lg.jp			2026-09-12	2026-09-12	0	0	1	0	0	0
www.town.nara-koriyo.nara.jp			2026-09-12	2026-09-12	0	0	1	0	0	0
www.town.nara-koriyocho.jp			2026-09-12	2026-09-12	0	0	1	0	0	0
www.town.nara-koriyocho.lg.jp			2026-09-12	2026-09-12	0	0	1	0	0	0
www.town.nara-koriyocho.nara.jp			2026-09-12	2026-09-12	0	0	1	0	0	0
www.town.nara-koriyomachi.jp			2026-09-12	2026-09-12	0	0	1	0	0	0
www.town.nara-koriyomachi.lg.jp			2026-09-12	2026-09-12	0	0	1	0	0	0
www.town.nara-koriyomachi.nara.jp			2026-09-12	2026-09-12	0	0	1	0	0	0
www.town.ninomiya.lg.jp			2026-09-11	2026-09-11	0	0	1	0	0	0
www.town.nishiaizu.lg.jp			2026-09-12	2026-09-12	0	0	1	0	0	0
www.town.nishiizu.lg.jp			2026-09-08	2026-09-08	0	0	1	0	0	0
www.town.nishikatsura.lg.jp			2026-09-12	2026-09-12	0	0	1	0	0	0
www.town.nishiki.jp			2026-09-20	2026-09-20	0	0	2	0	0	0
www.town.nishiki.kumamoto.jp			2026-09-20	2026-09-20	0	0	2	0	0	0
www.town.nishiki.lg.jp			2026-09-20	2026-09-20	0	0	2	0	0	0
www.town.obuse.lg.jp			2026-09-12	2026-09-12	0	0	1	0	0	0
www.town.odai.jp			2026-09-12	2026-09-12	0	0	1	0	0	0
www.town.odai.lg.jp			2026-09-12	2026-09-12	0	0	1	0	0	0
www.town.odai.mie.jp			2026-09-12	2026-09-12	0	0	1	0	0	0
www.town.odaicho.jp			2026-09-12	2026-09-12	0	0	1	0	0	0
www.town.odaicho.lg.jp			2026-09-12	2026-09-12	0	0	1	0	0	0
www.town.odaicho.mie.jp			2026-09-12	2026-09-12	0	0	1	0	0	0
www.town.odaimachi.jp			2026-09-12	2026-09-12	0	0	1	0	0	0
www.town.odaimachi.lg.jp			2026-09-12	2026-09-12	0	0	1	0	0	0
www.town.odaimachi.mie.jp			2026-09-12	2026-09-12	0	0	1	0	0	0
www.town.ogawa.lg.jp			2026-09-11	2026-09-11	0	0	1	0	0	0
www.town.ogose.lg.jp			2026-09-11	2026-09-11	0	0	1	0	0	0
www.town.oguni.jp			2026-09-20	2026-09-20	0	0	2	0	0	0
www.town.oguni.kumamoto.jp			2026-09-20	2026-09-20	0	0	2	0	0	0
www.town.oguni.lg.jp			2026-09-20	2026-09-20	0	0	2	0	0	0
www.town.oharu.lg.jp			2026-09-08	2026-09-08	0	0	1	0	0	0
www.town.oi.fukui.jp			2026-09-12	2026-09-12	0	0	1	0	0	0
www.town.oi.jp			2026-09-12	2026-09-12	0	0	1	0	0	0
www.town.oi.lg.jp			2026-09-11	2026-09-11	0	0	1	0	0	0
www.town.oicho.fukui.jp			2026-09-12	2026-09-12	0	0	1	0	0	0
www.town.oicho.jp			2026-09-12	2026-09-12	0	0	1	0	0	0
www.town.oicho.lg.jp			2026-09-12	2026-09-12	0	0	1	0	0	0
www.town.oimachi.fukui.jp			2026-09-12	2026-09-12	0	0	1	0	0	0
www.town.oimachi.jp			2026-09-12	2026-09-12	0	0	1	0	0	0
www.town.oimachi.lg.jp			2026-09-12	2026-09-12	0	0	1	0	0	0
www.town.oiso.lg.jp			2026-09-11	2026-09-11	0	0	1	0	0	0
www.town.oizumi.gumma.jp			2026-09-12	2026-09-12	0	0	1	0	0	0
www.town.oizumi.jp			2026-09-12	2026-09-12	0	0	1	0	0	0
www.town.oizumi.lg.jp			2026-09-12	2026-09-12	0	0	1	0	0	0
www.town.oizumicho.gumma.jp			2026-09-12	2026-09-12	0	0	1	0	0	0
www.town.oizumicho.jp			2026-09-12	2026-09-12	0	0	1	0	0	0
www.town.oizumicho.lg.jp			2026-09-12	2026-09-12	0	0	1	0	0	0
www.town.oizumimachi.gumma.jp			2026-09-12	2026-09-12	0	0	1	0	0	0
www.town.oizumimachi.jp			2026-09-12	2026-09-12	0	0	1	0	0	0
www.town.oizumimachi.lg.jp			2026-09-12	2026-09-12	0	0	1	0	0	0
www.town.oji.lg.jp			2026-09-12	2026-09-12	0	0	1	0	0	0
www.town.oki.fukuoka.jp			2026-09-19	2026-09-19	0	0	8	0	0	0
www.town.oki.jp			2026-09-19	2026-09-19	0	0	8	0	0	0
www.town.oki.lg.jp			2026-09-19	2026-09-19	0	0	8	0	0	0
www.town.okicho.fukuoka.jp			2026-09-19	2026-09-19	0	0	8	0	0	0
www.town.okicho.jp			2026-09-19	2026-09-19	0	0	8	0	0	0
www.town.okicho.lg.jp			2026-09-19	2026-09-19	0	0	8	0	0	0
www.town.okimachi.fukuoka.jp			2026-09-19	2026-09-19	0	0	8	0	0	0
www.town.okimachi.jp			2026-09-19	2026-09-19	0	0	8	0	0	0
www.town.okimachi.lg.jp			2026-09-19	2026-09-19	0	0	8	0	0	0
www.town.okuma.lg.jp			2026-09-12	2026-09-12	0	0	1	0	0	0
www.town.okutama.lg.jp			2026-09-11	2026-09-11	0	0	1	0	0	0
www.town.onjiyuku.chiba.jp			2026-09-11	2026-09-11	0	0	1	0	0	0
www.town.onjiyuku.jp			2026-09-11	2026-09-11	0	0	1	0	0	0
www.town.onjiyuku.lg.jp			2026-09-11	2026-09-11	0	0	1	0	0	0
www.town.onjiyukucho.chiba.jp			2026-09-11	2026-09-11	0	0	1	0	0	0
www.town.onjiyukucho.jp			2026-09-11	2026-09-11	0	0	1	0	0	0
www.town.onjiyukucho.lg.jp			2026-09-11	2026-09-11	0	0	1	0	0	0
www.town.onjiyukumachi.chiba.jp			2026-09-11	2026-09-11	0	0	1	0	0	0
www.town.onjiyukumachi.jp			2026-09-11	2026-09-11	0	0	1	0	0	0
www.town.onjiyukumachi.lg.jp			2026-09-11	2026-09-11	0	0	1	0	0	0
www.town.onjyuku.chiba.jp			2026-09-11	2026-09-11	0	0	1	0	0	0
www.town.onjyuku.jp			2026-09-11	2026-09-11	0	0	1	0	0	0
www.town.onjyuku.lg.jp			2026-09-11	2026-09-11	0	0	1	0	0	0
www.town.onjyukucho.chiba.jp			2026-09-11	2026-09-11	0	0	1	0	0	0
www.town.onjyukucho.jp			2026-09-11	2026-09-11	0	0	1	0	0	0
www.town.onjyukucho.lg.jp			2026-09-11	2026-09-11	0	0	1	0	0	0
www.town.onjyukumachi.chiba.jp			2026-09-11	2026-09-11	0	0	1	0	0	0
www.town.onjyukumachi.jp			2026-09-11	2026-09-11	0	0	1	0	0	0
www.town.onjyukumachi.lg.jp			2026-09-11	2026-09-11	0	0	1	0	0	0
www.town.ono.gifu.jp			2026-09-12	2026-09-12	0	0	1	0	0	0
www.town.ono.jp			2026-09-12	2026-09-12	0	0	1	0	0	0
www.town.ono.lg.jp			2026-09-12	2026-09-12	0	0	1	0	0	0
www.town.onocho.gifu.jp			2026-09-12	2026-09-12	0	0	1	0	0	0
www.town.onocho.jp			2026-09-12	2026-09-12	0	0	1	0	0	0
www.town.onocho.lg.jp			2026-09-12	2026-09-12	0	0	1	0	0	0
www.town.onomachi.gifu.jp			2026-09-12	2026-09-12	0	0	1	0	0	0
www.town.onomachi.jp			2026-09-12	2026-09-12	0	0	1	0	0	0
www.town.onomachi.lg.jp			2026-09-12	2026-09-12	0	0	1	0	0	0
www.town.ora.gumma.jp			2026-09-12	2026-09-12	0	0	1	0	0	0
www.town.ora.jp			2026-09-12	2026-09-12	0	0	1	0	0	0
www.town.ora.lg.jp			2026-09-12	2026-09-12	0	0	1	0	0	0
www.town.oracho.gumma.jp			2026-09-12	2026-09-12	0	0	1	0	0	0
www.town.oracho.jp			2026-09-12	2026-09-12	0	0	1	0	0	0
www.town.oracho.lg.jp			2026-09-12	2026-09-12	0	0	1	0	0	0
www.town.oramachi.gumma.jp			2026-09-12	2026-09-12	0	0	1	0	0	0
www.town.oramachi.jp			2026-09-12	2026-09-12	0	0	1	0	0	0
www.town.oramachi.lg.jp			2026-09-12	2026-09-12	0	0	1	0	0	0
www.town.osaki.jp			2026-09-20	2026-09-20	0	0	2	0	0	0
www.town.osaki.kagoshima.jp			2026-09-20	2026-09-20	0	0	2	0	0	0
www.town.osaki.lg.jp			2026-09-20	2026-09-20	0	0	2	0	0	0
www.town.oshima.lg.jp			2026-09-11	2026-09-11	0	0	1	0	0	0
www.town.otaki.lg.jp			2026-09-11	2026-09-11	0	0	1	0	0	0
www.town.oto.lg.jp			2026-09-19	2026-09-19	0	0	4	0	0	0
www.town.oyama.jp			2026-09-08	2026-09-08	0	0	1	0	0	0
www.town.oyama.lg.jp			2026-09-08	2026-09-08	0	0	1	0	0	0
www.town.oyama.shizuoka.jp			2026-09-08	2026-09-08	0	0	1	0	0	0
www.town.oyamacho.jp			2026-09-08	2026-09-08	0	0	1	0	0	0
www.town.oyamacho.lg.jp			2026-09-08	2026-09-08	0	0	1	0	0	0
www.town.oyamacho.shizuoka.jp			2026-09-08	2026-09-08	0	0	1	0	0	0
www.town.oyamamachi.jp			2026-09-08	2026-09-08	0	0	1	0	0	0
www.town.oyamamachi.lg.jp			2026-09-08	2026-09-08	0	0	1	0	0	0
www.town.oyamamachi.shizuoka.jp			2026-09-08	2026-09-08	0	0	1	0	0	0
www.town.ozu.lg.jp			2026-09-20	2026-09-20	0	0	2	0	0	0
www.town.ranzan.lg.jp			2026-09-11	2026-09-11	0	0	1	0	0	0
www.town.reihoku.kumamoto.jp			2026-09-20	2026-09-20	0	0	4	0	0	0
www.town.reihoku.lg.jp			2026-09-20	2026-09-20	0	0	4	0	0	0
www.town.reihokucho.jp			2026-09-20	2026-09-20	0	0	4	0	0	0
www.town.reihokucho.kumamoto.jp			2026-09-20	2026-09-20	0	0	4	0	0	0
www.town.reihokucho.lg.jp			2026-09-20	2026-09-20	0	0	4	0	0	0
www.town.reihokumachi.jp			2026-09-20	2026-09-20	0	0	4	0	0	0
www.town.reihokumachi.kumamoto.jp			2026-09-20	2026-09-20	0	0	4	0	0	0
www.town.reihokumachi.lg.jp			2026-09-20	2026-09-20	0	0	4	0	0	0
www.town.riyuo.jp			2026-09-12	2026-09-12	0	0	1	0	0	0
www.town.riyuo.lg.jp			2026-09-12	2026-09-12	0	0	1	0	0	0
www.town.riyuo.shiga.jp			2026-09-12	2026-09-12	0	0	1	0	0	0
www.town.riyuocho.jp			2026-09-12	2026-09-12	0	0	1	0	0	0
www.town.riyuocho.lg.jp			2026-09-12	2026-09-12	0	0	1	0	0	0
www.town.riyuocho.shiga.jp			2026-09-12	2026-09-12	0	0	1	0	0	0
www.town.riyuomachi.jp			2026-09-12	2026-09-12	0	0	1	0	0	0
www.town.riyuomachi.lg.jp			2026-09-12	2026-09-12	0	0	1	0	0	0
www.town.riyuomachi.shiga.jp			2026-09-12	2026-09-12	0	0	1	0	0	0
www.town.riyuuo.jp			2026-09-12	2026-09-12	0	0	1	0	0	0
www.town.riyuuo.lg.jp			2026-09-12	2026-09-12	0	0	1	0	0	0
www.town.riyuuo.shiga.jp			2026-09-12	2026-09-12	0	0	1	0	0	0
www.town.riyuuocho.jp			2026-09-12	2026-09-12	0	0	1	0	0	0
www.town.riyuuocho.lg.jp			2026-09-12	2026-09-12	0	0	1	0	0	0
www.town.riyuuocho.shiga.jp			2026-09-12	2026-09-12	0	0	1	0	0	0
www.town.riyuuomachi.jp			2026-09-12	2026-09-12	0	0	1	0	0	0
www.town.riyuuomachi.lg.jp			2026-09-12	2026-09-12	0	0	1	0	0	0
www.town.riyuuomachi.shiga.jp			2026-09-12	2026-09-12	0	0	1	0	0	0
www.town.ryuo.jp			2026-09-12	2026-09-12	0	0	1	0	0	0
www.town.ryuo.lg.jp			2026-09-12	2026-09-12	0	0	1	0	0	0
www.town.ryuo.shiga.jp			2026-09-12	2026-09-12	0	0	1	0	0	0
www.town.ryuocho.jp			2026-09-12	2026-09-12	0	0	1	0	0	0
www.town.ryuocho.lg.jp			2026-09-12	2026-09-12	0	0	1	0	0	0
www.town.ryuocho.shiga.jp			2026-09-12	2026-09-12	0	0	1	0	0	0
www.town.ryuomachi.jp			2026-09-12	2026-09-12	0	0	1	0	0	0
www.town.ryuomachi.lg.jp			2026-09-12	2026-09-12	0	0	1	0	0	0
www.town.ryuomachi.shiga.jp			2026-09-12	2026-09-12	0	0	1	0	0	0
www.town.ryuuo.jp			2026-09-12	2026-09-12	0	0	1	0	0	0
www.town.ryuuo.lg.jp			2026-09-12	2026-09-12	0	0	1	0	0	0
www.town.ryuuo.shiga.jp			2026-09-12	2026-09-12	0	0	1	0	0	0
www.town.ryuuocho.jp			2026-09-12	2026-09-12	0	0	1	0	0	0
www.town.ryuuocho.lg.jp			2026-09-12	2026-09-12	0	0	1	0	0	0
www.town.ryuuocho.shiga.jp			2026-09-12	2026-09-12	0	0	1	0	0	0
www.town.ryuuomachi.jp			2026-09-12	2026-09-12	0	0	1	0	0	0
www.town.ryuuomachi.lg.jp			2026-09-12	2026-09-12	0	0	1	0	0	0
www.town.ryuuomachi.shiga.jp			2026-09-12	2026-09-12	0	0	1	0	0	0
www.town.saga-kohoku.jp			2026-09-19	2026-09-19	0	0	8	0	0	0
www.town.saga-kohoku.lg.jp			2026-09-19	2026-09-19	0	0	8	0	0	0
www.town.saga-kohoku.saga.jp			2026-09-19	2026-09-19	0	0	8	0	0	0
www.town.saga-kohokucho.jp			2026-09-19	2026-09-19	0	0	8	0	0	0
www.town.saga-kohokucho.lg.jp			2026-09-19	2026-09-19	0	0	8	0	0	0
www.town.saga-kohokucho.saga.jp			2026-09-19	2026-09-19	0	0	8	0	0	0
www.town.saga-kohokumachi.jp			2026-09-19	2026-09-19	0	0	8	0	0	0
www.town.saga-kohokumachi.lg.jp			2026-09-19	2026-09-19	0	0	8	0	0	0
www.town.saga-kohokumachi.saga.jp			2026-09-19	2026-09-19	0	0	8	0	0	0
www.town.sakae.lg.jp			2026-09-11	2026-09-11	0	0	1	0	0	0
www.town.sakahogi.lg.jp			2026-09-12	2026-09-12	0	0	1	0	0	0
www.town.sakai.ibaraki.jp			2026-09-07	2026-09-07	0	0	1	0	0	0
www.town.sakai.jp			2026-09-11	2026-09-11	0	0	1	0	0	0
www.town.sakai.lg.jp			2026-09-07	2026-09-07	0	0	1	0	0	0
www.town.sakaki.lg.jp			2026-09-12	2026-09-12	0	0	1	0	0	0
www.town.sakuho.lg.jp			2026-09-12	2026-09-12	0	0	1	0	0	0
www.town.samukawa.lg.jp			2026-09-11	2026-09-11	0	0	1	0	0	0
www.town.sango.lg.jp			2026-09-12	2026-09-12	0	0	1	0	0	0
www.town.sasaguri.lg.jp			2026-09-19	2026-09-19	0	0	4	0	0	0
www.town.satsuma.kagoshima.jp			2026-09-20	2026-09-20	0	0	4	0	0	0
www.town.satsuma.lg.jp			2026-09-20	2026-09-20	0	0	4	0	0	0
www.town.satsumacho.jp			2026-09-20	2026-09-20	0	0	4	0	0	0
www.town.satsumacho.kagoshima.jp			2026-09-20	2026-09-20	0	0	4	0	0	0
www.town.satsumacho.lg.jp			2026-09-20	2026-09-20	0	0	4	0	0	0
www.town.satsumamachi.jp			2026-09-20	2026-09-20	0	0	4	0	0	0
www.town.satsumamachi.kagoshima.jp			2026-09-20	2026-09-20	0	0	4	0	0	0
www.town.satsumamachi.lg.jp			2026-09-20	2026-09-20	0	0	4	0	0	0
www.town.saza.jp			2026-09-19	2026-09-19	0	0	8	0	0	0
www.town.saza.lg.jp			2026-09-19	2026-09-19	0	0	12	0	0	0
www.town.saza.nagasaki.jp			2026-09-19	2026-09-19	0	0	10	0	0	0
www.town.sazacho.jp			2026-09-19	2026-09-19	0	0	8	0	0	0
www.town.sazacho.lg.jp			2026-09-19	2026-09-19	0	0	8	0	0	0
www.town.sazacho.nagasaki.jp			2026-09-19	2026-09-19	0	0	8	0	0	0
www.town.sazamachi.jp			2026-09-19	2026-09-19	0	0	8	0	0	0
www.town.sazamachi.lg.jp			2026-09-19	2026-09-19	0	0	8	0	0	0
www.town.sazamachi.nagasaki.jp			2026-09-19	2026-09-19	0	0	8	0	0	0
www.town.seiro.lg.jp			2026-09-12	2026-09-12	0	0	1	0	0	0
www.town.sekigahara.lg.jp			2026-09-12	2026-09-12	0	0	1	0	0	0
www.town.setochi.jp			2026-09-20	2026-09-20	0	0	8	0	0	0
www.town.setochi.kagoshima.jp			2026-09-20	2026-09-20	0	0	8	0	0	0
www.town.setochi.lg.jp			2026-09-20	2026-09-20	0	0	8	0	0	0
www.town.setochicho.jp			2026-09-20	2026-09-20	0	0	8	0	0	0
www.town.setochicho.kagoshima.jp			2026-09-20	2026-09-20	0	0	8	0	0	0
www.town.setochicho.lg.jp			2026-09-20	2026-09-20	0	0	8	0	0	0
www.town.setochimachi.jp			2026-09-20	2026-09-20	0	0	8	0	0	0
www.town.setochimachi.kagoshima.jp			2026-09-20	2026-09-20	0	0	8	0	0	0
www.town.setochimachi.lg.jp			2026-09-20	2026-09-20	0	0	8	0	0	0
www.town.shiga-kora.jp			2026-09-12	2026-09-12	0	0	1	0	0	0
www.town.shiga-kora.lg.jp			2026-09-12	2026-09-12	0	0	1	0	0	0
www.town.shiga-kora.shiga.jp			2026-09-12	2026-09-12	0	0	1	0	0	0
www.town.shiga-koracho.jp			2026-09-12	2026-09-12	0	0	1	0	0	0
www.town.shiga-koracho.lg.jp			2026-09-12	2026-09-12	0	0	1	0	0	0
www.town.shiga-koracho.shiga.jp			2026-09-12	2026-09-12	0	0	1	0	0	0
www.town.shiga-koramachi.jp			2026-09-12	2026-09-12	0	0	1	0	0	0
www.town.shiga-koramachi.lg.jp			2026-09-12	2026-09-12	0	0	1	0	0	0
www.town.shiga-koramachi.shiga.jp			2026-09-12	2026-09-12	0	0	1	0	0	0
www.town.shiga-riyuo.jp			2026-09-12	2026-09-12	0	0	1	0	0	0
www.town.shiga-riyuo.lg.jp			2026-09-12	2026-09-12	0	0	1	0	0	0
www.town.shiga-riyuo.shiga.jp			2026-09-12	2026-09-12	0	0	1	0	0	0
www.town.shiga-riyuocho.jp			2026-09-12	2026-09-12	0	0	1	0	0	0
www.town.shiga-riyuocho.lg.jp			2026-09-12	2026-09-12	0	0	1	0	0	0
www.town.shiga-riyuocho.shiga.jp			2026-09-12	2026-09-12	0	0	1	0	0	0
www.town.shiga-riyuomachi.jp			2026-09-12	2026-09-12	0	0	1	0	0	0
www.town.shiga-riyuomachi.lg.jp			2026-09-12	2026-09-12	0	0	1	0	0	0
www.town.shiga-riyuomachi.shiga.jp			2026-09-12	2026-09-12	0	0	1	0	0	0
www.town.shiga-riyuuo.jp			2026-09-12	2026-09-12	0	0	1	0	0	0
www.town.shiga-riyuuo.lg.jp			2026-09-12	2026-09-12	0	0	1	0	0	0
www.town.shiga-riyuuo.shiga.jp			2026-09-12	2026-09-12	0	0	1	0	0	0
www.town.shiga-riyuuocho.jp			2026-09-12	2026-09-12	0	0	1	0	0	0
www.town.shiga-riyuuocho.lg.jp			2026-09-12	2026-09-12	0	0	1	0	0	0
www.town.shiga-riyuuocho.shiga.jp			2026-09-12	2026-09-12	0	0	1	0	0	0
www.town.shiga-riyuuomachi.jp			2026-09-12	2026-09-12	0	0	1	0	0	0
www.town.shiga-riyuuomachi.lg.jp			2026-09-12	2026-09-12	0	0	1	0	0	0
www.town.shiga-riyuuomachi.shiga.jp			2026-09-12	2026-09-12	0	0	1	0	0	0
www.town.shiga-ryuo.jp			2026-09-12	2026-09-12	0	0	1	0	0	0
www.town.shiga-ryuo.lg.jp			2026-09-12	2026-09-12	0	0	1	0	0	0
www.town.shiga-ryuo.shiga.jp			2026-09-12	2026-09-12	0	0	1	0	0	0
www.town.shiga-ryuocho.jp			2026-09-12	2026-09-12	0	0	1	0	0	0
www.town.shiga-ryuocho.lg.jp			2026-09-12	2026-09-12	0	0	1	0	0	0
www.town.shiga-ryuocho.shiga.jp			2026-09-12	2026-09-12	0	0	1	0	0	0
www.town.shiga-ryuomachi.jp			2026-09-12	2026-09-12	0	0	1	0	0	0
www.town.shiga-ryuomachi.lg.jp			2026-09-12	2026-09-12	0	0	1	0	0	0
www.town.shiga-ryuomachi.shiga.jp			2026-09-12	2026-09-12	0	0	1	0	0	0
www.town.shiga-ryuuo.jp			2026-09-12	2026-09-12	0	0	1	0	0	0
www.town.shiga-ryuuo.lg.jp			2026-09-12	2026-09-12	0	0	1	0	0	0
www.town.shiga-ryuuo.shiga.jp			2026-09-12	2026-09-12	0	0	1	0	0	0
www.town.shiga-ryuuocho.jp			2026-09-12	2026-09-12	0	0	1	0	0	0
www.town.shiga-ryuuocho.lg.jp			2026-09-12	2026-09-12	0	0	1	0	0	0
www.town.shiga-ryuuocho.shiga.jp			2026-09-12	2026-09-12	0	0	1	0	0	0
www.town.shiga-ryuuomachi.jp			2026-09-12	2026-09-12	0	0	1	0	0	0
www.town.shiga-ryuuomachi.lg.jp			2026-09-12	2026-09-12	0	0	1	0	0	0
www.town.shiga-ryuuomachi.shiga.jp			2026-09-12	2026-09-12	0	0	1	0	0	0
www.town.shimizu.lg.jp			2026-09-08	2026-09-08	0	0	1	0	0	0
www.town.shimogo.lg.jp			2026-09-12	2026-09-12	0	0	1	0	0	0
www.town.shinchi.fukushima.jp			2026-09-12	2026-09-12	0	0	2	0	0	0
www.town.shinchi.jp			2026-09-12	2026-09-12	0	0	2	0	0	0
www.town.shinchi.lg.jp			2026-09-12	2026-09-12	0	0	2	0	0	0
www.town.shinchicho.fukushima.jp			2026-09-12	2026-09-12	0	0	2	0	0	0
www.town.shinchicho.jp			2026-09-12	2026-09-12	0	0	2	0	0	0
www.town.shinchicho.lg.jp			2026-09-12	2026-09-12	0	0	2	0	0	0
www.town.shinchimachi.fukushima.jp			2026-09-12	2026-09-12	0	0	2	0	0	0
www.town.shinchimachi.jp			2026-09-12	2026-09-12	0	0	2	0	0	0
www.town.shinchimachi.lg.jp			2026-09-12	2026-09-12	0	0	2	0	0	0
www.town.shingu.lg.jp			2026-09-19	2026-09-19	0	0	4	0	0	0
www.town.shinguu.fukuoka.jp			2026-09-19	2026-09-19	0	0	4	0	0	0
www.town.shinguu.jp			2026-09-19	2026-09-19	0	0	4	0	0	0
www.town.shinguu.lg.jp			2026-09-19	2026-09-19	0	0	4	0	0	0
www.town.shinguucho.fukuoka.jp			2026-09-19	2026-09-19	0	0	4	0	0	0
www.town.shinguucho.jp			2026-09-19	2026-09-19	0	0	4	0	0	0
www.town.shinguucho.lg.jp			2026-09-19	2026-09-19	0	0	4	0	0	0
www.town.shinguumachi.fukuoka.jp			2026-09-19	2026-09-19	0	0	4	0	0	0
www.town.shinguumachi.jp			2026-09-19	2026-09-19	0	0	4	0	0	0
www.town.shinguumachi.lg.jp			2026-09-19	2026-09-19	0	0	4	0	0	0
www.town.shinkamigoto.jp			2026-09-19	2026-09-19	0	0	4	0	0	0
www.town.shinkamigoto.lg.jp			2026-09-19	2026-09-19	0	0	8	0	0	0
www.town.shinkamigotocho.jp			2026-09-19	2026-09-19	0	0	4	0	0	0
www.town.shinkamigotocho.lg.jp			2026-09-19	2026-09-19	0	0	4	0	0	0
www.town.shinkamigotocho.nagasaki.jp			2026-09-19	2026-09-19	0	0	4	0	0	0
www.town.shinkamigotomachi.jp			2026-09-19	2026-09-19	0	0	4	0	0	0
www.town.shinkamigotomachi.lg.jp			2026-09-19	2026-09-19	0	0	4	0	0	0
www.town.shinkamigotomachi.nagasaki.jp			2026-09-19	2026-09-19	0	0	4	0	0	0
www.town.shioya.chigi.jp			2026-09-11	2026-09-11	0	0	1	0	0	0
www.town.shioya.jp			2026-09-11	2026-09-11	0	0	1	0	0	0
www.town.shioya.lg.jp			2026-09-11	2026-09-11	0	0	1	0	0	0
www.town.shioyacho.chigi.jp			2026-09-11	2026-09-11	0	0	1	0	0	0
www.town.shioyacho.jp			2026-09-11	2026-09-11	0	0	1	0	0	0
www.town.shioyacho.lg.jp			2026-09-11	2026-09-11	0	0	1	0	0	0
www.town.shioyamachi.chigi.jp			2026-09-11	2026-09-11	0	0	1	0	0	0
www.town.shioyamachi.jp			2026-09-11	2026-09-11	0	0	1	0	0	0
www.town.shioyamachi.lg.jp			2026-09-11	2026-09-11	0	0	1	0	0	0
www.town.shirahama.lg.jp			2026-09-12	2026-09-12	0	0	1	0	0	0
www.town.shisui.lg.jp			2026-09-11	2026-09-11	0	0	1	0	0	0
www.town.shizuoka-mori.jp			2026-09-08	2026-09-08	0	0	1	0	0	0
www.town.shizuoka-mori.lg.jp			2026-09-08	2026-09-08	0	0	1	0	0	0
www.town.shizuoka-mori.shizuoka.jp			2026-09-08	2026-09-08	0	0	1	0	0	0
www.town.shizuoka-oyama.jp			2026-09-08	2026-09-08	0	0	1	0	0	0
www.town.shizuoka-oyama.lg.jp			2026-09-08	2026-09-08	0	0	1	0	0	0
www.town.shizuoka-oyama.shizuoka.jp			2026-09-08	2026-09-08	0	0	1	0	0	0
www.town.shizuoka-oyamacho.jp			2026-09-08	2026-09-08	0	0	1	0	0	0
www.town.shizuoka-oyamacho.lg.jp			2026-09-08	2026-09-08	0	0	1	0	0	0
www.town.shizuoka-oyamacho.shizuoka.jp			2026-09-08	2026-09-08	0	0	1	0	0	0
www.town.shizuoka-oyamamachi.jp			2026-09-08	2026-09-08	0	0	1	0	0	0
www.town.shizuoka-oyamamachi.lg.jp			2026-09-08	2026-09-08	0	0	1	0	0	0
www.town.shizuoka-oyamamachi.shizuoka.jp			2026-09-08	2026-09-08	0	0	1	0	0	0
www.town.showa.lg.jp			2026-09-12	2026-09-12	0	0	1	0	0	0
www.town.soeda.lg.jp			2026-09-19	2026-09-19	0	0	4	0	0	0
www.town.sue.lg.jp			2026-09-19	2026-09-19	0	0	4	0	0	0
www.town.tachiarai.lg.jp			2026-09-19	2026-09-19	0	0	4	0	0	0
www.town.tagami.lg.jp			2026-09-12	2026-09-12	0	0	1	0	0	0
www.town.taiji.lg.jp			2026-09-12	2026-09-12	0	0	1	0	0	0
www.town.taiki.lg.jp			2026-09-12	2026-09-12	0	0	1	0	0	0
www.town.takachiho.jp			2026-09-20	2026-09-20	0	0	4	0	0	0
www.town.takachiho.lg.jp			2026-09-20	2026-09-20	0	0	4	0	0	0
www.town.takachiho.miyazaki.jp			2026-09-20	2026-09-20	0	0	4	0	0	0
www.town.takachihocho.jp			2026-09-20	2026-09-20	0	0	4	0	0	0
www.town.takachihocho.lg.jp			2026-09-20	2026-09-20	0	0	4	0	0	0
www.town.takachihocho.miyazaki.jp			2026-09-20	2026-09-20	0	0	4	0	0	0
www.town.takachihomachi.jp			2026-09-20	2026-09-20	0	0	4	0	0	0
www.town.takachihomachi.lg.jp			2026-09-20	2026-09-20	0	0	4	0	0	0
www.town.takachihomachi.miyazaki.jp			2026-09-20	2026-09-20	0	0	4	0	0	0
www.town.takahama.lg.jp			2026-09-12	2026-09-12	0	0	1	0	0	0
www.town.takamori.jp			2026-09-12	2026-09-20	0	0	3	0	0	0
www.town.takamori.kumamoto.jp			2026-09-20	2026-09-20	0	0	2	0	0	0
www.town.takamori.lg.jp			2026-09-12	2026-09-20	0	0	3	0	0	0
www.town.takamori.nagano.jp			2026-09-12	2026-09-12	0	0	1	0	0	0
www.town.takanezawa.chigi.jp			2026-09-11	2026-09-11	0	0	1	0	0	0
www.town.takanezawa.jp			2026-09-11	2026-09-11	0	0	1	0	0	0
www.town.takanezawa.lg.jp			2026-09-11	2026-09-11	0	0	1	0	0	0
www.town.takanezawacho.chigi.jp			2026-09-11	2026-09-11	0	0	1	0	0	0
www.town.takanezawacho.jp			2026-09-11	2026-09-11	0	0	1	0	0	0
www.town.takanezawacho.lg.jp			2026-09-11	2026-09-11	0	0	1	0	0	0
www.town.takanezawamachi.chigi.jp			2026-09-11	2026-09-11	0	0	1	0	0	0
www.town.takanezawamachi.jp			2026-09-11	2026-09-11	0	0	1	0	0	0
www.town.takanezawamachi.lg.jp			2026-09-11	2026-09-11	0	0	1	0	0	0
www.town.takatori.lg.jp			2026-09-12	2026-09-12	0	0	1	0	0	0
www.town.taki.lg.jp			2026-09-12	2026-09-12	0	0	1	0	0	0
www.town.tako.lg.jp			2026-09-11	2026-09-11	0	0	1	0	0	0
www.town.tamaki.jp			2026-09-12	2026-09-12	0	0	1	0	0	0
www.town.tamaki.lg.jp			2026-09-12	2026-09-12	0	0	1	0	0	0
www.town.tamaki.mie.jp			2026-09-12	2026-09-12	0	0	1	0	0	0
www.town.tamakicho.jp			2026-09-12	2026-09-12	0	0	1	0	0	0
www.town.tamakicho.lg.jp			2026-09-12	2026-09-12	0	0	1	0	0	0
www.town.tamakicho.mie.jp			2026-09-12	2026-09-12	0	0	1	0	0	0
www.town.tamakimachi.jp			2026-09-12	2026-09-12	0	0	1	0	0	0
www.town.tamakimachi.lg.jp			2026-09-12	2026-09-12	0	0	1	0	0	0
www.town.tamakimachi.mie.jp			2026-09-12	2026-09-12	0	0	1	0	0	0
www.town.tanagura.lg.jp			2026-09-12	2026-09-12	0	0	1	0	0	0
www.town.tateshina.lg.jp			2026-09-12	2026-09-12	0	0	1	0	0	0
www.town.tawaramoto.lg.jp			2026-09-12	2026-09-12	0	0	1	0	0	0
www.town.toei.lg.jp			2026-09-08	2026-09-08	0	0	1	0	0	0
www.town.togitsu.lg.jp			2026-09-19	2026-09-19	0	0	4	0	0	0
www.town.togo.aichi.jp			2026-09-08	2026-09-08	0	0	1	0	0	0
www.town.togo.jp			2026-09-08	2026-09-08	0	0	1	0	0	0
www.town.togo.lg.jp			2026-09-08	2026-09-08	0	0	1	0	0	0
www.town.tokunoshima.jp			2026-09-20	2026-09-20	0	0	8	0	0	0
www.town.tokunoshima.kagoshima.jp			2026-09-20	2026-09-20	0	0	8	0	0	0
www.town.tokunoshima.lg.jp			2026-09-20	2026-09-20	0	0	8	0	0	0
www.town.tokunoshimacho.jp			2026-09-20	2026-09-20	0	0	8	0	0	0
www.town.tokunoshimacho.kagoshima.jp			2026-09-20	2026-09-20	0	0	8	0	0	0
www.town.tokunoshimacho.lg.jp			2026-09-20	2026-09-20	0	0	8	0	0	0
www.town.tokunoshimamachi.jp			2026-09-20	2026-09-20	0	0	8	0	0	0
www.town.tokunoshimamachi.kagoshima.jp			2026-09-20	2026-09-20	0	0	8	0	0	0
www.town.tokunoshimamachi.lg.jp			2026-09-20	2026-09-20	0	0	8	0	0	0
www.town.tomika.lg.jp			2026-09-12	2026-09-12	0	0	1	0	0	0
www.town.tomioka.fukushima.jp			2026-09-12	2026-09-12	0	0	2	0	0	0
www.town.tomioka.jp			2026-09-12	2026-09-12	0	0	2	0	0	0
www.town.tomioka.lg.jp			2026-09-12	2026-09-12	0	0	2	0	0	0
www.town.tomiokacho.fukushima.jp			2026-09-12	2026-09-12	0	0	2	0	0	0
www.town.tomiokacho.jp			2026-09-12	2026-09-12	0	0	2	0	0	0
www.town.tomiokacho.lg.jp			2026-09-12	2026-09-12	0	0	2	0	0	0
www.town.tomiokamachi.fukushima.jp			2026-09-12	2026-09-12	0	0	2	0	0	0
www.town.tomiokamachi.jp			2026-09-12	2026-09-12	0	0	2	0	0	0
www.town.tomiokamachi.lg.jp			2026-09-12	2026-09-12	0	0	2	0	0	0
www.town.tone.lg.jp			2026-09-07	2026-09-07	0	0	1	0	0	0
www.town.tonosho.chiba.jp			2026-09-11	2026-09-11	0	0	1	0	0	0
www.town.tonosho.jp			2026-09-11	2026-09-11	0	0	1	0	0	0
www.town.tonosho.lg.jp			2026-09-11	2026-09-11	0	0	1	0	0	0
www.town.tonoshocho.chiba.jp			2026-09-11	2026-09-11	0	0	1	0	0	0
www.town.tonoshocho.jp			2026-09-11	2026-09-11	0	0	1	0	0	0
www.town.tonoshocho.lg.jp			2026-09-11	2026-09-11	0	0	1	0	0	0
www.town.tonoshomachi.chiba.jp			2026-09-11	2026-09-11	0	0	1	0	0	0
www.town.tonoshomachi.jp			2026-09-11	2026-09-11	0	0	1	0	0	0
www.town.tonoshomachi.lg.jp			2026-09-11	2026-09-11	0	0	1	0	0	0
www.town.toyosato.lg.jp			2026-09-12	2026-09-12	0	0	1	0	0	0
www.town.tsunan.lg.jp			2026-09-12	2026-09-12	0	0	1	0	0	0
www.town.wakasa.fukui.jp			2026-09-12	2026-09-12	0	0	1	0	0	0
www.town.wakasa.jp			2026-09-12	2026-09-12	0	0	1	0	0	0
www.town.wakasa.lg.jp			2026-09-12	2026-09-12	0	0	1	0	0	0
www.town.wakayama-hidaka.jp			2026-09-12	2026-09-12	0	0	1	0	0	0
www.town.wakayama-hidaka.lg.jp			2026-09-12	2026-09-12	0	0	1	0	0	0
www.town.wakayama-hidaka.wakayama.jp			2026-09-12	2026-09-12	0	0	1	0	0	0
www.town.wakayama-hidakacho.jp			2026-09-12	2026-09-12	0	0	1	0	0	0
www.town.wakayama-hidakacho.lg.jp			2026-09-12	2026-09-12	0	0	1	0	0	0
www.town.wakayama-hidakacho.wakayama.jp			2026-09-12	2026-09-12	0	0	1	0	0	0
www.town.wakayama-hidakamachi.jp			2026-09-12	2026-09-12	0	0	1	0	0	0
www.town.wakayama-hidakamachi.lg.jp			2026-09-12	2026-09-12	0	0	1	0	0	0
www.town.wakayama-hidakamachi.wakayama.jp			2026-09-12	2026-09-12	0	0	1	0	0	0
www.town.wakayama-mihama.jp			2026-09-12	2026-09-12	0	0	1	0	0	0
www.town.wakayama-mihama.lg.jp			2026-09-12	2026-09-12	0	0	1	0	0	0
www.town.wakayama-mihama.wakayama.jp			2026-09-12	2026-09-12	0	0	1	0	0	0
www.town.wakayama-mihamacho.jp			2026-09-12	2026-09-12	0	0	1	0	0	0
www.town.wakayama-mihamacho.lg.jp			2026-09-12	2026-09-12	0	0	1	0	0	0
www.town.wakayama-mihamacho.wakayama.jp			2026-09-12	2026-09-12	0	0	1	0	0	0
www.town.wakayama-mihamamachi.jp			2026-09-12	2026-09-12	0	0	1	0	0	0
www.town.wakayama-mihamamachi.lg.jp			2026-09-12	2026-09-12	0	0	1	0	0	0
www.town.wakayama-mihamamachi.wakayama.jp			2026-09-12	2026-09-12	0	0	1	0	0	0
www.town.wakayama-yura.jp			2026-09-12	2026-09-12	0	0	1	0	0	0
www.town.wakayama-yura.lg.jp			2026-09-12	2026-09-12	0	0	1	0	0	0
www.town.wakayama-yura.wakayama.jp			2026-09-12	2026-09-12	0	0	1	0	0	0
www.town.wakayama-yuracho.jp			2026-09-12	2026-09-12	0	0	1	0	0	0
www.town.wakayama-yuracho.lg.jp			2026-09-12	2026-09-12	0	0	1	0	0	0
www.town.wakayama-yuracho.wakayama.jp			2026-09-12	2026-09-12	0	0	1	0	0	0
www.town.wakayama-yuramachi.jp			2026-09-12	2026-09-12	0	0	1	0	0	0
www.town.wakayama-yuramachi.lg.jp			2026-09-12	2026-09-12	0	0	1	0	0	0
www.town.wakayama-yuramachi.wakayama.jp			2026-09-12	2026-09-12	0	0	1	0	0	0
www.town.wanochi.gifu.jp			2026-09-12	2026-09-12	0	0	1	0	0	0
www.town.wanochi.jp			2026-09-12	2026-09-12	0	0	1	0	0	0
www.town.wanochi.lg.jp			2026-09-12	2026-09-12	0	0	1	0	0	0
www.town.wanochicho.gifu.jp			2026-09-12	2026-09-12	0	0	1	0	0	0
www.town.wanochicho.jp			2026-09-12	2026-09-12	0	0	1	0	0	0
www.town.wanochicho.lg.jp			2026-09-12	2026-09-12	0	0	1	0	0	0
www.town.wanochimachi.gifu.jp			2026-09-12	2026-09-12	0	0	1	0	0	0
www.town.wanochimachi.jp			2026-09-12	2026-09-12	0	0	1	0	0	0
www.town.wanochimachi.lg.jp			2026-09-12	2026-09-12	0	0	1	0	0	0
www.town.yabuki.lg.jp			2026-09-12	2026-09-12	0	0	1	0	0	0
www.town.yachiyo.ibaraki.jp			2026-09-07	2026-09-07	0	0	1	0	0	0
www.town.yachiyo.jp			2026-09-11	2026-09-11	0	0	1	0	0	0
www.town.yachiyo.lg.jp			2026-09-07	2026-09-07	0	0	1	0	0	0
www.town.yakushima.lg.jp			2026-09-20	2026-09-20	0	0	2	0	0	0
www.town.yamakita.lg.jp			2026-09-11	2026-09-11	0	0	1	0	0	0
www.town.yamanashi-nambu.jp			2026-09-12	2026-09-12	0	0	1	0	0	0
www.town.yamanashi-nambu.lg.jp			2026-09-12	2026-09-12	0	0	1	0	0	0
www.town.yamanashi-nambu.yamanashi.jp			2026-09-12	2026-09-12	0	0	1	0	0	0
www.town.yamanashi-nambucho.jp			2026-09-12	2026-09-12	0	0	1	0	0	0
www.town.yamanashi-nambucho.lg.jp			2026-09-12	2026-09-12	0	0	1	0	0	0
www.town.yamanashi-nambucho.yamanashi.jp			2026-09-12	2026-09-12	0	0	1	0	0	0
www.town.yamanashi-nambumachi.jp			2026-09-12	2026-09-12	0	0	1	0	0	0
www.town.yamanashi-nambumachi.lg.jp			2026-09-12	2026-09-12	0	0	1	0	0	0
www.town.yamanashi-nambumachi.yamanashi.jp			2026-09-12	2026-09-12	0	0	1	0	0	0
www.town.yamanochi.jp			2026-09-12	2026-09-12	0	0	1	0	0	0
www.town.yamanochi.lg.jp			2026-09-12	2026-09-12	0	0	1	0	0	0
www.town.yamanochi.nagano.jp			2026-09-12	2026-09-12	0	0	1	0	0	0
www.town.yamanochicho.jp			2026-09-12	2026-09-12	0	0	1	0	0	0
www.town.yamanochicho.lg.jp			2026-09-12	2026-09-12	0	0	1	0	0	0
www.town.yamanochicho.nagano.jp			2026-09-12	2026-09-12	0	0	1	0	0	0
www.town.yamanochimachi.jp			2026-09-12	2026-09-12	0	0	1	0	0	0
www.town.yamanochimachi.lg.jp			2026-09-12	2026-09-12	0	0	1	0	0	0
www.town.yamanochimachi.nagano.jp			2026-09-12	2026-09-12	0	0	1	0	0	0
www.town.yamato.jp			2026-09-20	2026-09-20	0	0	2	0	0	0
www.town.yamato.kumamoto.jp			2026-09-20	2026-09-20	0	0	2	0	0	0
www.town.yamato.lg.jp			2026-09-20	2026-09-20	0	0	2	0	0	0
www.town.yamatsuri.lg.jp			2026-09-12	2026-09-12	0	0	1	0	0	0
www.town.yanaizu.lg.jp			2026-09-12	2026-09-12	0	0	1	0	0	0
www.town.yokoshibahikari.lg.jp			2026-09-11	2026-09-11	0	0	1	0	0	0
www.town.yokoze.lg.jp			2026-09-11	2026-09-11	0	0	1	0	0	0
www.town.yorii.lg.jp			2026-09-11	2026-09-11	0	0	1	0	0	0
www.town.yoro.lg.jp			2026-09-12	2026-09-12	0	0	1	0	0	0
www.town.yoron.jp			2026-09-20	2026-09-20	0	0	8	0	0	0
www.town.yoron.kagoshima.jp			2026-09-20	2026-09-20	0	0	8	0	0	0
www.town.yoron.lg.jp			2026-09-20	2026-09-20	0	0	8	0	0	0
www.town.yoroncho.jp			2026-09-20	2026-09-20	0	0	8	0	0	0
www.town.yoroncho.kagoshima.jp			2026-09-20	2026-09-20	0	0	8	0	0	0
www.town.yoroncho.lg.jp			2026-09-20	2026-09-20	0	0	8	0	0	0
www.town.yoronmachi.jp			2026-09-20	2026-09-20	0	0	8	0	0	0
www.town.yoronmachi.kagoshima.jp			2026-09-20	2026-09-20	0	0	8	0	0	0
www.town.yoronmachi.lg.jp			2026-09-20	2026-09-20	0	0	8	0	0	0
www.town.yoshida.lg.jp			2026-09-08	2026-09-08	0	0	1	0	0	0
www.town.yoshimi.lg.jp			2026-09-11	2026-09-11	0	0	1	0	0	0
www.town.yoshino.lg.jp			2026-09-12	2026-09-12	0	0	1	0	0	0
www.town.yuasa.lg.jp			2026-09-12	2026-09-12	0	0	1	0	0	0
www.town.yugawara.lg.jp			2026-09-11	2026-09-11	0	0	1	0	0	0
www.town.yura.jp			2026-09-12	2026-09-12	0	0	1	0	0	0
www.town.yura.lg.jp			2026-09-12	2026-09-12	0	0	1	0	0	0
www.town.yura.wakayama.jp			2026-09-12	2026-09-12	0	0	1	0	0	0
www.town.yuracho.jp			2026-09-12	2026-09-12	0	0	1	0	0	0
www.town.yuracho.lg.jp			2026-09-12	2026-09-12	0	0	1	0	0	0
www.town.yuracho.wakayama.jp			2026-09-12	2026-09-12	0	0	1	0	0	0
www.town.yuramachi.jp			2026-09-12	2026-09-12	0	0	1	0	0	0
www.town.yuramachi.lg.jp			2026-09-12	2026-09-12	0	0	1	0	0	0
www.town.yuramachi.wakayama.jp			2026-09-12	2026-09-12	0	0	1	0	0	0
www.town.yusui.lg.jp			2026-09-20	2026-09-20	0	0	2	0	0	0
www.town.yuusui.jp			2026-09-20	2026-09-20	0	0	2	0	0	0
www.town.yuusui.kagoshima.jp			2026-09-20	2026-09-20	0	0	2	0	0	0
www.town.yuusui.lg.jp			2026-09-20	2026-09-20	0	0	2	0	0	0
www.town.yuusuicho.jp			2026-09-20	2026-09-20	0	0	2	0	0	0
www.town.yuusuicho.kagoshima.jp			2026-09-20	2026-09-20	0	0	2	0	0	0
www.town.yuusuicho.lg.jp			2026-09-20	2026-09-20	0	0	2	0	0	0
www.town.yuusuimachi.jp			2026-09-20	2026-09-20	0	0	2	0	0	0
www.town.yuusuimachi.kagoshima.jp			2026-09-20	2026-09-20	0	0	2	0	0	0
www.town.yuusuimachi.lg.jp			2026-09-20	2026-09-20	0	0	2	0	0	0
www.ttca.jp			2026-09-08	2026-09-08	0	0	1	0	0	0
www.unzen-kanko.com			2026-09-19	2026-09-19	0	4	4	0	0	92
www.vill.aka.fukuoka.jp			2026-09-19	2026-09-19	0	0	8	0	0	0
www.vill.aka.jp			2026-09-19	2026-09-19	0	0	8	0	0	0
www.vill.aka.lg.jp			2026-09-19	2026-09-19	0	0	8	0	0	0
www.vill.akamura.fukuoka.jp			2026-09-19	2026-09-19	0	0	8	0	0	0
www.vill.akamura.jp			2026-09-19	2026-09-19	0	0	8	0	0	0
www.vill.akamura.lg.jp			2026-09-19	2026-09-19	0	0	8	0	0	0
www.vill.akason.fukuoka.jp			2026-09-19	2026-09-19	0	0	8	0	0	0
www.vill.akason.jp			2026-09-19	2026-09-19	0	0	8	0	0	0
www.vill.akason.lg.jp			2026-09-19	2026-09-19	0	0	8	0	0	0
www.vill.aogashima.lg.jp			2026-09-11	2026-09-11	0	0	1	0	0	0
www.vill.aoki.lg.jp			2026-09-12	2026-09-12	0	0	1	0	0	0
www.vill.asahi.lg.jp			2026-09-12	2026-09-12	0	0	1	0	0	0
www.vill.asuka.jp			2026-09-12	2026-09-12	0	0	1	0	0	0
www.vill.asuka.lg.jp			2026-09-12	2026-09-12	0	0	1	0	0	0
www.vill.asuka.nara.jp			2026-09-12	2026-09-12	0	0	1	0	0	0
www.vill.asukamura.jp			2026-09-12	2026-09-12	0	0	1	0	0	0
www.vill.asukamura.lg.jp			2026-09-12	2026-09-12	0	0	1	0	0	0
www.vill.asukamura.nara.jp			2026-09-12	2026-09-12	0	0	1	0	0	0
www.vill.asukason.jp			2026-09-12	2026-09-12	0	0	1	0	0	0
www.vill.asukason.lg.jp			2026-09-12	2026-09-12	0	0	1	0	0	0
www.vill.asukason.nara.jp			2026-09-12	2026-09-12	0	0	1	0	0	0
www.vill.chosei.lg.jp			2026-09-11	2026-09-11	0	0	1	0	0	0
www.vill.doshi.jp			2026-09-12	2026-09-12	0	0	1	0	0	0
www.vill.doshi.yamanashi.jp			2026-09-12	2026-09-12	0	0	1	0	0	0
www.vill.doshimura.jp			2026-09-12	2026-09-12	0	0	1	0	0	0
www.vill.doshimura.lg.jp			2026-09-12	2026-09-12	0	0	1	0	0	0
www.vill.doshimura.yamanashi.jp			2026-09-12	2026-09-12	0	0	1	0	0	0
www.vill.doshison.jp			2026-09-12	2026-09-12	0	0	1	0	0	0
www.vill.doshison.lg.jp			2026-09-12	2026-09-12	0	0	1	0	0	0
www.vill.doshison.yamanashi.jp			2026-09-12	2026-09-12	0	0	1	0	0	0
www.vill.fukuoka-aka.fukuoka.jp			2026-09-19	2026-09-19	0	0	8	0	0	0
www.vill.fukuoka-aka.jp			2026-09-19	2026-09-19	0	0	8	0	0	0
www.vill.fukuoka-aka.lg.jp			2026-09-19	2026-09-19	0	0	8	0	0	0
www.vill.fukuoka-akamura.fukuoka.jp			2026-09-19	2026-09-19	0	0	8	0	0	0
www.vill.fukuoka-akamura.jp			2026-09-19	2026-09-19	0	0	8	0	0	0
www.vill.fukuoka-akamura.lg.jp			2026-09-19	2026-09-19	0	0	8	0	0	0
www.vill.fukuoka-akason.fukuoka.jp			2026-09-19	2026-09-19	0	0	8	0	0	0
www.vill.fukuoka-akason.jp			2026-09-19	2026-09-19	0	0	8	0	0	0
www.vill.fukuoka-akason.lg.jp			2026-09-19	2026-09-19	0	0	8	0	0	0
www.vill.fukuoka-toho.fukuoka.jp			2026-09-19	2026-09-19	0	0	8	0	0	0
www.vill.fukuoka-toho.jp			2026-09-19	2026-09-19	0	0	8	0	0	0
www.vill.fukuoka-toho.lg.jp			2026-09-19	2026-09-19	0	0	8	0	0	0
www.vill.fukuoka-tohomura.fukuoka.jp			2026-09-19	2026-09-19	0	0	8	0	0	0
www.vill.fukuoka-tohomura.jp			2026-09-19	2026-09-19	0	0	8	0	0	0
www.vill.fukuoka-tohomura.lg.jp			2026-09-19	2026-09-19	0	0	8	0	0	0
www.vill.fukuoka-tohoson.fukuoka.jp			2026-09-19	2026-09-19	0	0	8	0	0	0
www.vill.fukuoka-tohoson.jp			2026-09-19	2026-09-19	0	0	8	0	0	0
www.vill.fukuoka-tohoson.lg.jp			2026-09-19	2026-09-19	0	0	8	0	0	0
www.vill.fukushima-katsurao.fukushima.jp			2026-09-12	2026-09-12	0	0	2	0	0	0
www.vill.fukushima-katsurao.jp			2026-09-12	2026-09-12	0	0	2	0	0	0
www.vill.fukushima-katsurao.lg.jp			2026-09-12	2026-09-12	0	0	2	0	0	0
www.vill.fukushima-katsuraomura.fukushima.jp			2026-09-12	2026-09-12	0	0	2	0	0	0
www.vill.fukushima-katsuraomura.jp			2026-09-12	2026-09-12	0	0	2	0	0	0
www.vill.fukushima-katsuraomura.lg.jp			2026-09-12	2026-09-12	0	0	2	0	0	0
www.vill.fukushima-katsuraoson.fukushima.jp			2026-09-12	2026-09-12	0	0	2	0	0	0
www.vill.fukushima-katsuraoson.jp			2026-09-12	2026-09-12	0	0	2	0	0	0
www.vill.fukushima-katsuraoson.lg.jp			2026-09-12	2026-09-12	0	0	2	0	0	0
www.vill.fukushima-kawauchi.fukushima.jp			2026-09-12	2026-09-12	0	0	2	0	0	0
www.vill.fukushima-kawauchi.jp			2026-09-12	2026-09-12	0	0	2	0	0	0
www.vill.fukushima-kawauchi.lg.jp			2026-09-12	2026-09-12	0	0	2	0	0	0
www.vill.fukushima-kawauchimura.fukushima.jp			2026-09-12	2026-09-12	0	0	2	0	0	0
www.vill.fukushima-kawauchimura.jp			2026-09-12	2026-09-12	0	0	2	0	0	0
www.vill.fukushima-kawauchimura.lg.jp			2026-09-12	2026-09-12	0	0	2	0	0	0
www.vill.fukushima-kawauchison.fukushima.jp			2026-09-12	2026-09-12	0	0	2	0	0	0
www.vill.fukushima-kawauchison.jp			2026-09-12	2026-09-12	0	0	2	0	0	0
www.vill.fukushima-kawauchison.lg.jp			2026-09-12	2026-09-12	0	0	2	0	0	0
www.vill.fukushima-nakajima.fukushima.jp			2026-09-12	2026-09-12	0	0	2	0	0	0
www.vill.fukushima-nakajima.jp			2026-09-12	2026-09-12	0	0	2	0	0	0
www.vill.fukushima-nakajima.lg.jp			2026-09-12	2026-09-12	0	0	2	0	0	0
www.vill.fukushima-nakajimamura.fukushima.jp			2026-09-12	2026-09-12	0	0	2	0	0	0
www.vill.fukushima-nakajimamura.jp			2026-09-12	2026-09-12	0	0	2	0	0	0
www.vill.fukushima-nakajimamura.lg.jp			2026-09-12	2026-09-12	0	0	2	0	0	0
www.vill.fukushima-nakajimason.fukushima.jp			2026-09-12	2026-09-12	0	0	2	0	0	0
www.vill.fukushima-nakajimason.jp			2026-09-12	2026-09-12	0	0	2	0	0	0
www.vill.fukushima-nakajimason.lg.jp			2026-09-12	2026-09-12	0	0	2	0	0	0
www.vill.gumma-katashina.gumma.jp			2026-09-12	2026-09-12	0	0	1	0	0	0
www.vill.gumma-katashina.jp			2026-09-12	2026-09-12	0	0	1	0	0	0
www.vill.gumma-katashina.lg.jp			2026-09-12	2026-09-12	0	0	1	0	0	0
www.vill.gumma-katashinamura.gumma.jp			2026-09-12	2026-09-12	0	0	1	0	0	0
www.vill.gumma-katashinamura.jp			2026-09-12	2026-09-12	0	0	1	0	0	0
www.vill.gumma-katashinamura.lg.jp			2026-09-12	2026-09-12	0	0	1	0	0	0
www.vill.gumma-katashinason.gumma.jp			2026-09-12	2026-09-12	0	0	1	0	0	0
www.vill.gumma-katashinason.jp			2026-09-12	2026-09-12	0	0	1	0	0	0
www.vill.gumma-katashinason.lg.jp			2026-09-12	2026-09-12	0	0	1	0	0	0
www.vill.gumma-kawaba.gumma.jp			2026-09-12	2026-09-12	0	0	1	0	0	0
www.vill.gumma-kawaba.jp			2026-09-12	2026-09-12	0	0	1	0	0	0
www.vill.gumma-kawaba.lg.jp			2026-09-12	2026-09-12	0	0	1	0	0	0
www.vill.gumma-kawabamura.gumma.jp			2026-09-12	2026-09-12	0	0	1	0	0	0
www.vill.gumma-kawabamura.jp			2026-09-12	2026-09-12	0	0	1	0	0	0
www.vill.gumma-kawabamura.lg.jp			2026-09-12	2026-09-12	0	0	1	0	0	0
www.vill.gumma-kawabason.gumma.jp			2026-09-12	2026-09-12	0	0	1	0	0	0
www.vill.gumma-kawabason.jp			2026-09-12	2026-09-12	0	0	1	0	0	0
www.vill.gumma-kawabason.lg.jp			2026-09-12	2026-09-12	0	0	1	0	0	0
www.vill.gumma-nammoku.gumma.jp			2026-09-12	2026-09-12	0	0	1	0	0	0
www.vill.gumma-nammoku.jp			2026-09-12	2026-09-12	0	0	1	0	0	0
www.vill.gumma-nammoku.lg.jp			2026-09-12	2026-09-12	0	0	1	0	0	0
www.vill.gumma-nammokumura.gumma.jp			2026-09-12	2026-09-12	0	0	1	0	0	0
www.vill.gumma-nammokumura.jp			2026-09-12	2026-09-12	0	0	1	0	0	0
www.vill.gumma-nammokumura.lg.jp			2026-09-12	2026-09-12	0	0	1	0	0	0
www.vill.gumma-nammokuson.gumma.jp			2026-09-12	2026-09-12	0	0	1	0	0	0
www.vill.gumma-nammokuson.jp			2026-09-12	2026-09-12	0	0	1	0	0	0
www.vill.gumma-nammokuson.lg.jp			2026-09-12	2026-09-12	0	0	1	0	0	0
www.vill.gumma-shinto.gumma.jp			2026-09-12	2026-09-12	0	0	1	0	0	0
www.vill.gumma-shinto.jp			2026-09-12	2026-09-12	0	0	1	0	0	0
www.vill.gumma-shinto.lg.jp			2026-09-12	2026-09-12	0	0	1	0	0	0
www.vill.gumma-shintomura.gumma.jp			2026-09-12	2026-09-12	0	0	1	0	0	0
www.vill.gumma-shintomura.jp			2026-09-12	2026-09-12	0	0	1	0	0	0
www.vill.gumma-shintomura.lg.jp			2026-09-12	2026-09-12	0	0	1	0	0	0
www.vill.gumma-shintoson.gumma.jp			2026-09-12	2026-09-12	0	0	1	0	0	0
www.vill.gumma-shintoson.jp			2026-09-12	2026-09-12	0	0	1	0	0	0
www.vill.gumma-shintoson.lg.jp			2026-09-12	2026-09-12	0	0	1	0	0	0
www.vill.gumma-showa.gumma.jp			2026-09-12	2026-09-12	0	0	1	0	0	0
www.vill.gumma-showa.jp			2026-09-12	2026-09-12	0	0	1	0	0	0
www.vill.gumma-showa.lg.jp			2026-09-12	2026-09-12	0	0	1	0	0	0
www.vill.gumma-showamura.gumma.jp			2026-09-12	2026-09-12	0	0	1	0	0	0
www.vill.gumma-showamura.jp			2026-09-12	2026-09-12	0	0	1	0	0	0
www.vill.gumma-showamura.lg.jp			2026-09-12	2026-09-12	0	0	1	0	0	0
www.vill.gumma-showason.gumma.jp			2026-09-12	2026-09-12	0	0	1	0	0	0
www.vill.gumma-showason.jp			2026-09-12	2026-09-12	0	0	1	0	0	0
www.vill.gumma-showason.lg.jp			2026-09-12	2026-09-12	0	0	1	0	0	0
www.vill.gumma-takayama.gumma.jp			2026-09-12	2026-09-12	0	0	1	0	0	0
www.vill.gumma-takayama.jp			2026-09-12	2026-09-12	0	0	1	0	0	0
www.vill.gumma-takayama.lg.jp			2026-09-12	2026-09-12	0	0	1	0	0	0
www.vill.gumma-takayamamura.gumma.jp			2026-09-12	2026-09-12	0	0	1	0	0	0
www.vill.gumma-takayamamura.jp			2026-09-12	2026-09-12	0	0	1	0	0	0
www.vill.gumma-takayamamura.lg.jp			2026-09-12	2026-09-12	0	0	1	0	0	0
www.vill.gumma-takayamason.gumma.jp			2026-09-12	2026-09-12	0	0	1	0	0	0
www.vill.gumma-takayamason.jp			2026-09-12	2026-09-12	0	0	1	0	0	0
www.vill.gumma-takayamason.lg.jp			2026-09-12	2026-09-12	0	0	1	0	0	0
www.vill.gumma-tsumagoi.gumma.jp			2026-09-12	2026-09-12	0	0	1	0	0	0
www.vill.gumma-tsumagoi.jp			2026-09-12	2026-09-12	0	0	1	0	0	0
www.vill.gumma-tsumagoi.lg.jp			2026-09-12	2026-09-12	0	0	1	0	0	0
www.vill.gumma-tsumagoimura.gumma.jp			2026-09-12	2026-09-12	0	0	1	0	0	0
www.vill.gumma-tsumagoimura.jp			2026-09-12	2026-09-12	0	0	1	0	0	0
www.vill.gumma-tsumagoimura.lg.jp			2026-09-12	2026-09-12	0	0	1	0	0	0
www.vill.gumma-tsumagoison.gumma.jp			2026-09-12	2026-09-12	0	0	1	0	0	0
www.vill.gumma-tsumagoison.jp			2026-09-12	2026-09-12	0	0	1	0	0	0
www.vill.gumma-tsumagoison.lg.jp			2026-09-12	2026-09-12	0	0	1	0	0	0
www.vill.gumma-ueno.gumma.jp			2026-09-12	2026-09-12	0	0	1	0	0	0
www.vill.gumma-ueno.jp			2026-09-12	2026-09-12	0	0	1	0	0	0
www.vill.gumma-ueno.lg.jp			2026-09-12	2026-09-12	0	0	1	0	0	0
www.vill.gumma-uenomura.gumma.jp			2026-09-12	2026-09-12	0	0	1	0	0	0
www.vill.gumma-uenomura.jp			2026-09-12	2026-09-12	0	0	1	0	0	0
www.vill.gumma-uenomura.lg.jp			2026-09-12	2026-09-12	0	0	1	0	0	0
www.vill.gumma-uenoson.gumma.jp			2026-09-12	2026-09-12	0	0	1	0	0	0
www.vill.gumma-uenoson.jp			2026-09-12	2026-09-12	0	0	1	0	0	0
www.vill.gumma-uenoson.lg.jp			2026-09-12	2026-09-12	0	0	1	0	0	0
www.vill.gunma-nammoku.gunma.jp			2026-09-12	2026-09-12	0	0	1	0	0	0
www.vill.gunma-nammoku.jp			2026-09-12	2026-09-12	0	0	1	0	0	0
www.vill.gunma-nammoku.lg.jp			2026-09-12	2026-09-12	0	0	1	0	0	0
www.vill.gunma-nammokumura.gunma.jp			2026-09-12	2026-09-12	0	0	1	0	0	0
www.vill.gunma-nammokumura.jp			2026-09-12	2026-09-12	0	0	1	0	0	0
www.vill.gunma-nammokumura.lg.jp			2026-09-12	2026-09-12	0	0	1	0	0	0
www.vill.gunma-nammokuson.gunma.jp			2026-09-12	2026-09-12	0	0	1	0	0	0
www.vill.gunma-nammokuson.jp			2026-09-12	2026-09-12	0	0	1	0	0	0
www.vill.gunma-nammokuson.lg.jp			2026-09-12	2026-09-12	0	0	1	0	0	0
www.vill.gunma-ueno.gunma.jp			2026-09-12	2026-09-12	0	0	1	0	0	0
www.vill.gunma-ueno.jp			2026-09-12	2026-09-12	0	0	1	0	0	0
www.vill.gunma-ueno.lg.jp			2026-09-12	2026-09-12	0	0	1	0	0	0
www.vill.gunma-uenomura.gunma.jp			2026-09-12	2026-09-12	0	0	1	0	0	0
www.vill.gunma-uenomura.jp			2026-09-12	2026-09-12	0	0	1	0	0	0
www.vill.gunma-uenomura.lg.jp			2026-09-12	2026-09-12	0	0	1	0	0	0
www.vill.gunma-uenoson.gunma.jp			2026-09-12	2026-09-12	0	0	1	0	0	0
www.vill.gunma-uenoson.jp			2026-09-12	2026-09-12	0	0	1	0	0	0
www.vill.gunma-uenoson.lg.jp			2026-09-12	2026-09-12	0	0	1	0	0	0
www.vill.higashichichibu.lg.jp			2026-09-11	2026-09-11	0	0	1	0	0	0
www.vill.higashishirakawa.lg.jp			2026-09-12	2026-09-12	0	0	1	0	0	0
www.vill.higashiyoshino.lg.jp			2026-09-12	2026-09-12	0	0	1	0	0	0
www.vill.higashiyoshino.nara.jp			2026-09-12	2026-09-12	0	0	1	0	0	0
www.vill.himeshima.jp			2026-09-19	2026-09-19	0	0	8	0	0	0
www.vill.himeshima.lg.jp			2026-09-19	2026-09-19	0	0	8	0	0	0
www.vill.himeshima.oita.jp			2026-09-19	2026-09-19	0	0	8	0	0	0
www.vill.himeshimamura.jp			2026-09-19	2026-09-19	0	0	8	0	0	0
www.vill.himeshimamura.lg.jp			2026-09-19	2026-09-19	0	0	8	0	0	0
www.vill.himeshimamura.oita.jp			2026-09-19	2026-09-19	0	0	8	0	0	0
www.vill.himeshimason.jp			2026-09-19	2026-09-19	0	0	8	0	0	0
www.vill.himeshimason.lg.jp			2026-09-19	2026-09-19	0	0	8	0	0	0
www.vill.himeshimason.oita.jp			2026-09-19	2026-09-19	0	0	8	0	0	0
www.vill.hinohara.lg.jp			2026-09-11	2026-09-11	0	0	1	0	0	0
www.vill.hirata.lg.jp			2026-09-12	2026-09-12	0	0	1	0	0	0
www.vill.hiraya.jp			2026-09-12	2026-09-12	0	0	1	0	0	0
www.vill.hiraya.lg.jp			2026-09-12	2026-09-12	0	0	1	0	0	0
www.vill.hiraya.nagano.jp			2026-09-12	2026-09-12	0	0	1	0	0	0
www.vill.hirayamura.jp			2026-09-12	2026-09-12	0	0	1	0	0	0
www.vill.hirayamura.lg.jp			2026-09-12	2026-09-12	0	0	1	0	0	0
www.vill.hirayamura.nagano.jp			2026-09-12	2026-09-12	0	0	1	0	0	0
www.vill.hirayason.jp			2026-09-12	2026-09-12	0	0	1	0	0	0
www.vill.hirayason.lg.jp			2026-09-12	2026-09-12	0	0	1	0	0	0
www.vill.hirayason.nagano.jp			2026-09-12	2026-09-12	0	0	1	0	0	0
www.vill.iitate.lg.jp			2026-09-12	2026-09-12	0	0	1	0	0	0
www.vill.ikusaka.jp			2026-09-12	2026-09-12	0	0	1	0	0	0
www.vill.ikusaka.lg.jp			2026-09-12	2026-09-12	0	0	1	0	0	0
www.vill.ikusaka.nagano.jp			2026-09-12	2026-09-12	0	0	1	0	0	0
www.vill.ikusakamura.jp			2026-09-12	2026-09-12	0	0	1	0	0	0
www.vill.ikusakamura.lg.jp			2026-09-12	2026-09-12	0	0	1	0	0	0
www.vill.ikusakamura.nagano.jp			2026-09-12	2026-09-12	0	0	1	0	0	0
www.vill.ikusakason.jp			2026-09-12	2026-09-12	0	0	1	0	0	0
www.vill.ikusakason.lg.jp			2026-09-12	2026-09-12	0	0	1	0	0	0
www.vill.ikusakason.nagano.jp			2026-09-12	2026-09-12	0	0	1	0	0	0
www.vill.izumizaki.lg.jp			2026-09-12	2026-09-12	0	0	1	0	0	0
www.vill.kagoshima-mishima.jp			2026-09-20	2026-09-20	0	0	4	0	0	0
www.vill.kagoshima-mishima.kagoshima.jp			2026-09-20	2026-09-20	0	0	4	0	0	0
www.vill.kagoshima-mishima.lg.jp			2026-09-20	2026-09-20	0	0	4	0	0	0
www.vill.kagoshima-mishimamura.jp			2026-09-20	2026-09-20	0	0	4	0	0	0
www.vill.kagoshima-mishimamura.kagoshima.jp			2026-09-20	2026-09-20	0	0	4	0	0	0
www.vill.kagoshima-mishimamura.lg.jp			2026-09-20	2026-09-20	0	0	4	0	0	0
www.vill.kagoshima-mishimason.jp			2026-09-20	2026-09-20	0	0	4	0	0	0
www.vill.kagoshima-mishimason.kagoshima.jp			2026-09-20	2026-09-20	0	0	4	0	0	0
www.vill.kagoshima-mishimason.lg.jp			2026-09-20	2026-09-20	0	0	4	0	0	0
www.vill.kagoshima-toshima.jp			2026-09-20	2026-09-20	0	0	4	0	0	0
www.vill.kagoshima-toshima.kagoshima.jp			2026-09-20	2026-09-20	0	0	4	0	0	0
www.vill.kagoshima-toshima.lg.jp			2026-09-20	2026-09-20	0	0	4	0	0	0
www.vill.kagoshima-toshimamura.jp			2026-09-20	2026-09-20	0	0	4	0	0	0
www.vill.kagoshima-toshimamura.kagoshima.jp			2026-09-20	2026-09-20	0	0	4	0	0	0
www.vill.kagoshima-toshimamura.lg.jp			2026-09-20	2026-09-20	0	0	4	0	0	0
www.vill.kagoshima-toshimason.jp			2026-09-20	2026-09-20	0	0	4	0	0	0
www.vill.kagoshima-toshimason.kagoshima.jp			2026-09-20	2026-09-20	0	0	4	0	0	0
www.vill.kagoshima-toshimason.lg.jp			2026-09-20	2026-09-20	0	0	4	0	0	0
www.vill.kagoshima-uken.jp			2026-09-20	2026-09-20	0	0	8	0	0	0
www.vill.kagoshima-uken.kagoshima.jp			2026-09-20	2026-09-20	0	0	8	0	0	0
www.vill.kagoshima-uken.lg.jp			2026-09-20	2026-09-20	0	0	8	0	0	0
www.vill.kagoshima-ukenmura.jp			2026-09-20	2026-09-20	0	0	8	0	0	0
www.vill.kagoshima-ukenmura.kagoshima.jp			2026-09-20	2026-09-20	0	0	8	0	0	0
www.vill.kagoshima-ukenmura.lg.jp			2026-09-20	2026-09-20	0	0	8	0	0	0
www.vill.kagoshima-ukenson.jp			2026-09-20	2026-09-20	0	0	8	0	0	0
www.vill.kagoshima-ukenson.kagoshima.jp			2026-09-20	2026-09-20	0	0	8	0	0	0
www.vill.kagoshima-ukenson.lg.jp			2026-09-20	2026-09-20	0	0	8	0	0	0
www.vill.kamikitayama.lg.jp			2026-09-12	2026-09-12	0	0	1	0	0	0
www.vill.kanagawa-kiyokawa.jp			2026-09-11	2026-09-11	0	0	1	0	0	0
www.vill.kanagawa-kiyokawa.kanagawa.jp			2026-09-11	2026-09-11	0	0	1	0	0	0
www.vill.kanagawa-kiyokawa.lg.jp			2026-09-11	2026-09-11	0	0	1	0	0	0
www.vill.kanagawa-kiyokawamura.jp			2026-09-11	2026-09-11	0	0	1	0	0	0
www.vill.kanagawa-kiyokawamura.kanagawa.jp			2026-09-11	2026-09-11	0	0	1	0	0	0
www.vill.kanagawa-kiyokawamura.lg.jp			2026-09-11	2026-09-11	0	0	1	0	0	0
www.vill.kanagawa-kiyokawason.jp			2026-09-11	2026-09-11	0	0	1	0	0	0
www.vill.kanagawa-kiyokawason.kanagawa.jp			2026-09-11	2026-09-11	0	0	1	0	0	0
www.vill.kanagawa-kiyokawason.lg.jp			2026-09-11	2026-09-11	0	0	1	0	0	0
www.vill.kanagawa-kyokawa.jp			2026-09-11	2026-09-11	0	0	1	0	0	0
www.vill.kanagawa-kyokawa.kanagawa.jp			2026-09-11	2026-09-11	0	0	1	0	0	0
www.vill.kanagawa-kyokawa.lg.jp			2026-09-11	2026-09-11	0	0	1	0	0	0
www.vill.kanagawa-kyokawamura.jp			2026-09-11	2026-09-11	0	0	1	0	0	0
www.vill.kanagawa-kyokawamura.kanagawa.jp			2026-09-11	2026-09-11	0	0	1	0	0	0
www.vill.kanagawa-kyokawamura.lg.jp			2026-09-11	2026-09-11	0	0	1	0	0	0
www.vill.kanagawa-kyokawason.jp			2026-09-11	2026-09-11	0	0	1	0	0	0
www.vill.kanagawa-kyokawason.kanagawa.jp			2026-09-11	2026-09-11	0	0	1	0	0	0
www.vill.kanagawa-kyokawason.lg.jp			2026-09-11	2026-09-11	0	0	1	0	0	0
www.vill.kariwa.jp			2026-09-12	2026-09-12	0	0	2	0	0	0
www.vill.kariwa.lg.jp			2026-09-12	2026-09-12	0	0	2	0	0	0
www.vill.kariwamura.jp			2026-09-12	2026-09-12	0	0	2	0	0	0
www.vill.kariwamura.lg.jp			2026-09-12	2026-09-12	0	0	2	0	0	0
www.vill.kariwamura.niigata.jp			2026-09-12	2026-09-12	0	0	2	0	0	0
www.vill.kariwason.jp			2026-09-12	2026-09-12	0	0	2	0	0	0
www.vill.kariwason.lg.jp			2026-09-12	2026-09-12	0	0	2	0	0	0
www.vill.kariwason.niigata.jp			2026-09-12	2026-09-12	0	0	2	0	0	0
www.vill.katashina.gumma.jp			2026-09-12	2026-09-12	0	0	1	0	0	0
www.vill.katashina.jp			2026-09-12	2026-09-12	0	0	1	0	0	0
www.vill.katashina.lg.jp			2026-09-12	2026-09-12	0	0	1	0	0	0
www.vill.katashinamura.gumma.jp			2026-09-12	2026-09-12	0	0	1	0	0	0
www.vill.katashinamura.jp			2026-09-12	2026-09-12	0	0	1	0	0	0
www.vill.katashinamura.lg.jp			2026-09-12	2026-09-12	0	0	1	0	0	0
www.vill.katashinason.gumma.jp			2026-09-12	2026-09-12	0	0	1	0	0	0
www.vill.katashinason.jp			2026-09-12	2026-09-12	0	0	1	0	0	0
www.vill.katashinason.lg.jp			2026-09-12	2026-09-12	0	0	1	0	0	0
www.vill.katsurao.fukushima.jp			2026-09-12	2026-09-12	0	0	2	0	0	0
www.vill.katsurao.jp			2026-09-12	2026-09-12	0	0	2	0	0	0
www.vill.katsurao.lg.jp			2026-09-12	2026-09-12	0	0	2	0	0	0
www.vill.katsuraomura.fukushima.jp			2026-09-12	2026-09-12	0	0	2	0	0	0
www.vill.katsuraomura.jp			2026-09-12	2026-09-12	0	0	2	0	0	0
www.vill.katsuraomura.lg.jp			2026-09-12	2026-09-12	0	0	2	0	0	0
www.vill.katsuraoson.fukushima.jp			2026-09-12	2026-09-12	0	0	2	0	0	0
www.vill.katsuraoson.jp			2026-09-12	2026-09-12	0	0	2	0	0	0
www.vill.katsuraoson.lg.jp			2026-09-12	2026-09-12	0	0	2	0	0	0
www.vill.kawaba.gumma.jp			2026-09-12	2026-09-12	0	0	1	0	0	0
www.vill.kawaba.jp			2026-09-12	2026-09-12	0	0	1	0	0	0
www.vill.kawaba.lg.jp			2026-09-12	2026-09-12	0	0	1	0	0	0
www.vill.kawabamura.gumma.jp			2026-09-12	2026-09-12	0	0	1	0	0	0
www.vill.kawabamura.jp			2026-09-12	2026-09-12	0	0	1	0	0	0
www.vill.kawabamura.lg.jp			2026-09-12	2026-09-12	0	0	1	0	0	0
www.vill.kawabason.gumma.jp			2026-09-12	2026-09-12	0	0	1	0	0	0
www.vill.kawabason.jp			2026-09-12	2026-09-12	0	0	1	0	0	0
www.vill.kawabason.lg.jp			2026-09-12	2026-09-12	0	0	1	0	0	0
www.vill.kawakami.lg.jp			2026-09-12	2026-09-12	0	0	1	0	0	0
www.vill.kawauchi.fukushima.jp			2026-09-12	2026-09-12	0	0	2	0	0	0
www.vill.kawauchi.jp			2026-09-12	2026-09-12	0	0	2	0	0	0
www.vill.kawauchi.lg.jp			2026-09-12	2026-09-12	0	0	2	0	0	0
www.vill.kawauchimura.fukushima.jp			2026-09-12	2026-09-12	0	0	2	0	0	0
www.vill.kawauchimura.jp			2026-09-12	2026-09-12	0	0	2	0	0	0
www.vill.kawauchimura.lg.jp			2026-09-12	2026-09-12	0	0	2	0	0	0
www.vill.kawauchison.fukushima.jp			2026-09-12	2026-09-12	0	0	2	0	0	0
www.vill.kawauchison.jp			2026-09-12	2026-09-12	0	0	2	0	0	0
www.vill.kawauchison.lg.jp			2026-09-12	2026-09-12	0	0	2	0	0	0
www.vill.kiso.lg.jp			2026-09-12	2026-09-12	0	0	1	0	0	0
www.vill.kitaaiki.jp			2026-09-12	2026-09-12	0	0	1	0	0	0
www.vill.kitaaiki.lg.jp			2026-09-12	2026-09-12	0	0	1	0	0	0
www.vill.kitaaikimura.jp			2026-09-12	2026-09-12	0	0	1	0	0	0
www.vill.kitaaikimura.lg.jp			2026-09-12	2026-09-12	0	0	1	0	0	0
www.vill.kitaaikimura.nagano.jp			2026-09-12	2026-09-12	0	0	1	0	0	0
www.vill.kitaaikison.jp			2026-09-12	2026-09-12	0	0	1	0	0	0
www.vill.kitaaikison.lg.jp			2026-09-12	2026-09-12	0	0	1	0	0	0
www.vill.kitaaikison.nagano.jp			2026-09-12	2026-09-12	0	0	1	0	0	0
www.vill.kitaiki.jp			2026-09-12	2026-09-12	0	0	1	0	0	0
www.vill.kitaiki.lg.jp			2026-09-12	2026-09-12	0	0	1	0	0	0
www.vill.kitaiki.nagano.jp			2026-09-12	2026-09-12	0	0	1	0	0	0
www.vill.kitaikimura.jp			2026-09-12	2026-09-12	0	0	1	0	0	0
www.vill.kitaikimura.lg.jp			2026-09-12	2026-09-12	0	0	1	0	0	0
www.vill.kitaikimura.nagano.jp			2026-09-12	2026-09-12	0	0	1	0	0	0
www.vill.kitaikison.jp			2026-09-12	2026-09-12	0	0	1	0	0	0
www.vill.kitaikison.lg.jp			2026-09-12	2026-09-12	0	0	1	0	0	0
www.vill.kitaikison.nagano.jp			2026-09-12	2026-09-12	0	0	1	0	0	0
www.vill.kitashiobara.lg.jp			2026-09-12	2026-09-12	0	0	1	0	0	0
www.vill.kitayama.lg.jp			2026-09-12	2026-09-12	0	0	1	0	0	0
www.vill.kiyokawa.jp			2026-09-11	2026-09-11	0	0	1	0	0	0
www.vill.kiyokawa.kanagawa.jp			2026-09-11	2026-09-11	0	0	1	0	0	0
www.vill.kiyokawa.lg.jp			2026-09-11	2026-09-11	0	0	1	0	0	0
www.vill.kiyokawamura.jp			2026-09-11	2026-09-11	0	0	1	0	0	0
www.vill.kiyokawamura.kanagawa.jp			2026-09-11	2026-09-11	0	0	1	0	0	0
www.vill.kiyokawamura.lg.jp			2026-09-11	2026-09-11	0	0	1	0	0	0
www.vill.kiyokawason.jp			2026-09-11	2026-09-11	0	0	1	0	0	0
www.vill.kiyokawason.kanagawa.jp			2026-09-11	2026-09-11	0	0	1	0	0	0
www.vill.kiyokawason.lg.jp			2026-09-11	2026-09-11	0	0	1	0	0	0
www.vill.kosuge.jp			2026-09-12	2026-09-12	0	0	1	0	0	0
www.vill.kosuge.lg.jp			2026-09-12	2026-09-12	0	0	2	0	0	0
www.vill.kosugemura.jp			2026-09-12	2026-09-12	0	0	1	0	0	0
www.vill.kosugemura.lg.jp			2026-09-12	2026-09-12	0	0	1	0	0	0
www.vill.kosugemura.yamanashi.jp			2026-09-12	2026-09-12	0	0	1	0	0	0
www.vill.kosugeson.jp			2026-09-12	2026-09-12	0	0	1	0	0	0
www.vill.kosugeson.lg.jp			2026-09-12	2026-09-12	0	0	1	0	0	0
www.vill.kosugeson.yamanashi.jp			2026-09-12	2026-09-12	0	0	1	0	0	0
www.vill.kozushima.jp			2026-09-11	2026-09-11	0	0	1	0	0	0
www.vill.kozushima.lg.jp			2026-09-11	2026-09-11	0	0	1	0	0	0
www.vill.kozushima.tokyo.jp			2026-09-11	2026-09-11	0	0	1	0	0	0
www.vill.kozushimamura.jp			2026-09-11	2026-09-11	0	0	1	0	0	0
www.vill.kozushimamura.lg.jp			2026-09-11	2026-09-11	0	0	1	0	0	0
www.vill.kozushimamura.tokyo.jp			2026-09-11	2026-09-11	0	0	1	0	0	0
www.vill.kozushimason.jp			2026-09-11	2026-09-11	0	0	1	0	0	0
www.vill.kozushimason.lg.jp			2026-09-11	2026-09-11	0	0	1	0	0	0
www.vill.kozushimason.tokyo.jp			2026-09-11	2026-09-11	0	0	1	0	0	0
www.vill.kuma.jp			2026-09-20	2026-09-20	0	0	4	0	0	0
www.vill.kuma.kumamoto.jp			2026-09-20	2026-09-20	0	0	4	0	0	0
www.vill.kuma.lg.jp			2026-09-20	2026-09-20	0	0	4	0	0	0
www.vill.kumamoto-kuma.jp			2026-09-20	2026-09-20	0	0	4	0	0	0
www.vill.kumamoto-kuma.kumamoto.jp			2026-09-20	2026-09-20	0	0	4	0	0	0
www.vill.kumamoto-kuma.lg.jp			2026-09-20	2026-09-20	0	0	4	0	0	0
www.vill.kumamoto-kumamura.jp			2026-09-20	2026-09-20	0	0	4	0	0	0
www.vill.kumamoto-kumamura.kumamoto.jp			2026-09-20	2026-09-20	0	0	4	0	0	0
www.vill.kumamoto-kumamura.lg.jp			2026-09-20	2026-09-20	0	0	4	0	0	0
www.vill.kumamoto-kumason.jp			2026-09-20	2026-09-20	0	0	4	0	0	0
www.vill.kumamoto-kumason.kumamoto.jp			2026-09-20	2026-09-20	0	0	4	0	0	0
www.vill.kumamoto-kumason.lg.jp			2026-09-20	2026-09-20	0	0	4	0	0	0
www.vill.kumamoto-ubuyama.jp			2026-09-20	2026-09-20	0	0	4	0	0	0
www.vill.kumamoto-ubuyama.kumamoto.jp			2026-09-20	2026-09-20	0	0	4	0	0	0
www.vill.kumamoto-ubuyama.lg.jp			2026-09-20	2026-09-20	0	0	4	0	0	0
www.vill.kumamoto-ubuyamamura.jp			2026-09-20	2026-09-20	0	0	4	0	0	0
www.vill.kumamoto-ubuyamamura.kumamoto.jp			2026-09-20	2026-09-20	0	0	4	0	0	0
www.vill.kumamoto-ubuyamamura.lg.jp			2026-09-20	2026-09-20	0	0	4	0	0	0
www.vill.kumamoto-ubuyamason.jp			2026-09-20	2026-09-20	0	0	4	0	0	0
www.vill.kumamoto-ubuyamason.kumamoto.jp			2026-09-20	2026-09-20	0	0	4	0	0	0
www.vill.kumamoto-ubuyamason.lg.jp			2026-09-20	2026-09-20	0	0	4	0	0	0
www.vill.kumamura.jp			2026-09-20	2026-09-20	0	0	4	0	0	0
www.vill.kumamura.kumamoto.jp			2026-09-20	2026-09-20	0	0	4	0	0	0
www.vill.kumamura.lg.jp			2026-09-20	2026-09-20	0	0	4	0	0	0
www.vill.kumason.jp			2026-09-20	2026-09-20	0	0	4	0	0	0
www.vill.kumason.kumamoto.jp			2026-09-20	2026-09-20	0	0	4	0	0	0
www.vill.kumason.lg.jp			2026-09-20	2026-09-20	0	0	4	0	0	0
www.vill.kurotaki.lg.jp			2026-09-12	2026-09-12	0	0	1	0	0	0
www.vill.kyokawa.jp			2026-09-11	2026-09-11	0	0	1	0	0	0
www.vill.kyokawa.kanagawa.jp			2026-09-11	2026-09-11	0	0	1	0	0	0
www.vill.kyokawa.lg.jp			2026-09-11	2026-09-11	0	0	1	0	0	0
www.vill.kyokawamura.jp			2026-09-11	2026-09-11	0	0	1	0	0	0
www.vill.kyokawamura.kanagawa.jp			2026-09-11	2026-09-11	0	0	1	0	0	0
www.vill.kyokawamura.lg.jp			2026-09-11	2026-09-11	0	0	1	0	0	0
www.vill.kyokawason.jp			2026-09-11	2026-09-11	0	0	1	0	0	0
www.vill.kyokawason.kanagawa.jp			2026-09-11	2026-09-11	0	0	1	0	0	0
www.vill.kyokawason.lg.jp			2026-09-11	2026-09-11	0	0	1	0	0	0
www.vill.matsukawa.lg.jp			2026-09-12	2026-09-12	0	0	1	0	0	0
www.vill.mikurajima.jp			2026-09-11	2026-09-11	0	0	1	0	0	0
www.vill.mikurajima.lg.jp			2026-09-11	2026-09-11	0	0	1	0	0	0
www.vill.mikurajima.tokyo.jp			2026-09-11	2026-09-11	0	0	1	0	0	0
www.vill.mikurajimamura.jp			2026-09-11	2026-09-11	0	0	1	0	0	0
www.vill.mikurajimamura.lg.jp			2026-09-11	2026-09-11	0	0	1	0	0	0
www.vill.mikurajimamura.tokyo.jp			2026-09-11	2026-09-11	0	0	1	0	0	0
www.vill.mikurajimason.jp			2026-09-11	2026-09-11	0	0	1	0	0	0
www.vill.mikurajimason.lg.jp			2026-09-11	2026-09-11	0	0	1	0	0	0
www.vill.mikurajimason.tokyo.jp			2026-09-11	2026-09-11	0	0	1	0	0	0
www.vill.minamiaiki.jp			2026-09-12	2026-09-12	0	0	1	0	0	0
www.vill.minamiaiki.lg.jp			2026-09-12	2026-09-12	0	0	1	0	0	0
www.vill.minamiaiki.nagano.jp			2026-09-12	2026-09-12	0	0	1	0	0	0
www.vill.minamiaikimura.jp			2026-09-12	2026-09-12	0	0	1	0	0	0
www.vill.minamiaikimura.lg.jp			2026-09-12	2026-09-12	0	0	1	0	0	0
www.vill.minamiaikimura.nagano.jp			2026-09-12	2026-09-12	0	0	1	0	0	0
www.vill.minamiaikison.jp			2026-09-12	2026-09-12	0	0	1	0	0	0
www.vill.minamiaikison.lg.jp			2026-09-12	2026-09-12	0	0	1	0	0	0
www.vill.minamiaikison.nagano.jp			2026-09-12	2026-09-12	0	0	1	0	0	0
www.vill.minamimaki.jp			2026-09-12	2026-09-12	0	0	1	0	0	0
www.vill.minamimaki.lg.jp			2026-09-12	2026-09-12	0	0	1	0	0	0
www.vill.minamimaki.nagano.jp			2026-09-12	2026-09-12	0	0	1	0	0	0
www.vill.minamimakimura.jp			2026-09-12	2026-09-12	0	0	1	0	0	0
www.vill.minamimakimura.lg.jp			2026-09-12	2026-09-12	0	0	1	0	0	0
www.vill.minamimakimura.nagano.jp			2026-09-12	2026-09-12	0	0	1	0	0	0
www.vill.minamimakison.jp			2026-09-12	2026-09-12	0	0	1	0	0	0
www.vill.minamimakison.lg.jp			2026-09-12	2026-09-12	0	0	1	0	0	0
www.vill.minamimakison.nagano.jp			2026-09-12	2026-09-12	0	0	1	0	0	0
www.vill.mishima.jp			2026-09-20	2026-09-20	0	0	4	0	0	0
www.vill.mishima.kagoshima.jp			2026-09-20	2026-09-20	0	0	4	0	0	0
www.vill.mishima.lg.jp			2026-09-20	2026-09-20	0	0	4	0	0	0
www.vill.mishimamura.jp			2026-09-20	2026-09-20	0	0	4	0	0	0
www.vill.mishimamura.kagoshima.jp			2026-09-20	2026-09-20	0	0	4	0	0	0
www.vill.mishimamura.lg.jp			2026-09-20	2026-09-20	0	0	4	0	0	0
www.vill.mishimason.jp			2026-09-20	2026-09-20	0	0	4	0	0	0
www.vill.mishimason.kagoshima.jp			2026-09-20	2026-09-20	0	0	4	0	0	0
www.vill.mishimason.lg.jp			2026-09-20	2026-09-20	0	0	4	0	0	0
www.vill.mitsue.lg.jp			2026-09-12	2026-09-12	0	0	1	0	0	0
www.vill.miyada.lg.jp			2026-09-12	2026-09-12	0	0	1	0	0	0
www.vill.miyake.lg.jp			2026-09-11	2026-09-11	0	0	1	0	0	0
www.vill.morotsuka.lg.jp			2026-09-20	2026-09-20	0	0	2	0	0	0
www.vill.nagano-hiraya.jp			2026-09-12	2026-09-12	0	0	1	0	0	0
www.vill.nagano-hiraya.lg.jp			2026-09-12	2026-09-12	0	0	1	0	0	0
www.vill.nagano-hiraya.nagano.jp			2026-09-12	2026-09-12	0	0	1	0	0	0
www.vill.nagano-hirayamura.jp			2026-09-12	2026-09-12	0	0	1	0	0	0
www.vill.nagano-hirayamura.lg.jp			2026-09-12	2026-09-12	0	0	1	0	0	0
www.vill.nagano-hirayamura.nagano.jp			2026-09-12	2026-09-12	0	0	1	0	0	0
www.vill.nagano-hirayason.jp			2026-09-12	2026-09-12	0	0	1	0	0	0
www.vill.nagano-hirayason.lg.jp			2026-09-12	2026-09-12	0	0	1	0	0	0
www.vill.nagano-hirayason.nagano.jp			2026-09-12	2026-09-12	0	0	1	0	0	0
www.vill.nagano-ikusaka.jp			2026-09-12	2026-09-12	0	0	1	0	0	0
www.vill.nagano-ikusaka.lg.jp			2026-09-12	2026-09-12	0	0	1	0	0	0
www.vill.nagano-ikusaka.nagano.jp			2026-09-12	2026-09-12	0	0	1	0	0	0
www.vill.nagano-ikusakamura.jp			2026-09-12	2026-09-12	0	0	1	0	0	0
www.vill.nagano-ikusakamura.lg.jp			2026-09-12	2026-09-12	0	0	1	0	0	0
www.vill.nagano-ikusakamura.nagano.jp			2026-09-12	2026-09-12	0	0	1	0	0	0
www.vill.nagano-ikusakason.jp			2026-09-12	2026-09-12	0	0	1	0	0	0
www.vill.nagano-ikusakason.lg.jp			2026-09-12	2026-09-12	0	0	1	0	0	0
www.vill.nagano-ikusakason.nagano.jp			2026-09-12	2026-09-12	0	0	1	0	0	0
www.vill.nagano-kitaaiki.jp			2026-09-12	2026-09-12	0	0	1	0	0	0
www.vill.nagano-kitaaiki.lg.jp			2026-09-12	2026-09-12	0	0	1	0	0	0
www.vill.nagano-kitaaiki.nagano.jp			2026-09-12	2026-09-12	0	0	1	0	0	0
www.vill.nagano-kitaaikimura.jp			2026-09-12	2026-09-12	0	0	1	0	0	0
www.vill.nagano-kitaaikimura.lg.jp			2026-09-12	2026-09-12	0	0	1	0	0	0
www.vill.nagano-kitaaikimura.nagano.jp			2026-09-12	2026-09-12	0	0	1	0	0	0
www.vill.nagano-kitaaikison.jp			2026-09-12	2026-09-12	0	0	1	0	0	0
www.vill.nagano-kitaaikison.lg.jp			2026-09-12	2026-09-12	0	0	1	0	0	0
www.vill.nagano-kitaaikison.nagano.jp			2026-09-12	2026-09-12	0	0	1	0	0	0
www.vill.nagano-kitaiki.jp			2026-09-12	2026-09-12	0	0	1	0	0	0
www.vill.nagano-kitaiki.lg.jp			2026-09-12	2026-09-12	0	0	1	0	0	0
www.vill.nagano-kitaiki.nagano.jp			2026-09-12	2026-09-12	0	0	1	0	0	0
www.vill.nagano-kitaikimura.jp			2026-09-12	2026-09-12	0	0	1	0	0	0
www.vill.nagano-kitaikimura.lg.jp			2026-09-12	2026-09-12	0	0	1	0	0	0
www.vill.nagano-kitaikimura.nagano.jp			2026-09-12	2026-09-12	0	0	1	0	0	0
www.vill.nagano-kitaikison.jp			2026-09-12	2026-09-12	0	0	1	0	0	0
www.vill.nagano-kitaikison.lg.jp			2026-09-12	2026-09-12	0	0	1	0	0	0
www.vill.nagano-kitaikison.nagano.jp			2026-09-12	2026-09-12	0	0	1	0	0	0
www.vill.nagano-minamiaiki.jp			2026-09-12	2026-09-12	0	0	1	0	0	0
www.vill.nagano-minamiaiki.lg.jp			2026-09-12	2026-09-12	0	0	1	0	0	0
www.vill.nagano-minamiaiki.nagano.jp			2026-09-12	2026-09-12	0	0	1	0	0	0
www.vill.nagano-minamiaikimura.jp			2026-09-12	2026-09-12	0	0	1	0	0	0
www.vill.nagano-minamiaikimura.lg.jp			2026-09-12	2026-09-12	0	0	1	0	0	0
www.vill.nagano-minamiaikimura.nagano.jp			2026-09-12	2026-09-12	0	0	1	0	0	0
www.vill.nagano-minamiaikison.jp			2026-09-12	2026-09-12	0	0	1	0	0	0
www.vill.nagano-minamiaikison.lg.jp			2026-09-12	2026-09-12	0	0	1	0	0	0
www.vill.nagano-minamiaikison.nagano.jp			2026-09-12	2026-09-12	0	0	1	0	0	0
www.vill.nagano-minamimaki.jp			2026-09-12	2026-09-12	0	0	1	0	0	0
www.vill.nagano-minamimaki.lg.jp			2026-09-12	2026-09-12	0	0	1	0	0	0
www.vill.nagano-minamimaki.nagano.jp			2026-09-12	2026-09-12	0	0	1	0	0	0
www.vill.nagano-minamimakimura.jp			2026-09-12	2026-09-12	0	0	1	0	0	0
www.vill.nagano-minamimakimura.lg.jp			2026-09-12	2026-09-12	0	0	1	0	0	0
www.vill.nagano-minamimakimura.nagano.jp			2026-09-12	2026-09-12	0	0	1	0	0	0
www.vill.nagano-minamimakison.jp			2026-09-12	2026-09-12	0	0	1	0	0	0
www.vill.nagano-minamimakison.lg.jp			2026-09-12	2026-09-12	0	0	1	0	0	0
www.vill.nagano-minamimakison.nagano.jp			2026-09-12	2026-09-12	0	0	1	0	0	0
www.vill.nagano-neba.jp			2026-09-12	2026-09-12	0	0	1	0	0	0
www.vill.nagano-neba.lg.jp			2026-09-12	2026-09-12	0	0	1	0	0	0
www.vill.nagano-neba.nagano.jp			2026-09-12	2026-09-12	0	0	1	0	0	0
www.vill.nagano-nebamura.jp			2026-09-12	2026-09-12	0	0	1	0	0	0
www.vill.nagano-nebamura.lg.jp			2026-09-12	2026-09-12	0	0	1	0	0	0
www.vill.nagano-nebamura.nagano.jp			2026-09-12	2026-09-12	0	0	1	0	0	0
www.vill.nagano-nebason.jp			2026-09-12	2026-09-12	0	0	1	0	0	0
www.vill.nagano-nebason.lg.jp			2026-09-12	2026-09-12	0	0	1	0	0	0
www.vill.nagano-nebason.nagano.jp			2026-09-12	2026-09-12	0	0	1	0	0	0
www.vill.nagano-oshika.jp			2026-09-12	2026-09-12	0	0	1	0	0	0
www.vill.nagano-oshika.lg.jp			2026-09-12	2026-09-12	0	0	1	0	0	0
www.vill.nagano-oshika.nagano.jp			2026-09-12	2026-09-12	0	0	1	0	0	0
www.vill.nagano-oshikamura.jp			2026-09-12	2026-09-12	0	0	1	0	0	0
www.vill.nagano-oshikamura.lg.jp			2026-09-12	2026-09-12	0	0	1	0	0	0
www.vill.nagano-oshikamura.nagano.jp			2026-09-12	2026-09-12	0	0	1	0	0	0
www.vill.nagano-oshikason.jp			2026-09-12	2026-09-12	0	0	1	0	0	0
www.vill.nagano-oshikason.lg.jp			2026-09-12	2026-09-12	0	0	1	0	0	0
www.vill.nagano-oshikason.nagano.jp			2026-09-12	2026-09-12	0	0	1	0	0	0
www.vill.nagano-sakae.jp			2026-09-12	2026-09-12	0	0	1	0	0	0
www.vill.nagano-sakae.lg.jp			2026-09-12	2026-09-12	0	0	1	0	0	0
www.vill.nagano-sakae.nagano.jp			2026-09-12	2026-09-12	0	0	1	0	0	0
www.vill.nagano-sakaemura.jp			2026-09-12	2026-09-12	0	0	1	0	0	0
www.vill.nagano-sakaemura.lg.jp			2026-09-12	2026-09-12	0	0	1	0	0	0
www.vill.nagano-sakaemura.nagano.jp			2026-09-12	2026-09-12	0	0	1	0	0	0
www.vill.nagano-sakaeson.jp			2026-09-12	2026-09-12	0	0	1	0	0	0
www.vill.nagano-sakaeson.lg.jp			2026-09-12	2026-09-12	0	0	1	0	0	0
www.vill.nagano-sakaeson.nagano.jp			2026-09-12	2026-09-12	0	0	1	0	0	0
www.vill.nagano-shimojo.jp			2026-09-12	2026-09-12	0	0	2	0	0	0
www.vill.nagano-shimojo.lg.jp			2026-09-12	2026-09-12	0	0	2	0	0	0
www.vill.nagano-shimojo.nagano.jp			2026-09-12	2026-09-12	0	0	2	0	0	0
www.vill.nagano-shimojomura.jp			2026-09-12	2026-09-12	0	0	2	0	0	0
www.vill.nagano-shimojomura.lg.jp			2026-09-12	2026-09-12	0	0	2	0	0	0
www.vill.nagano-shimojomura.nagano.jp			2026-09-12	2026-09-12	0	0	2	0	0	0
www.vill.nagano-shimojoson.jp			2026-09-12	2026-09-12	0	0	2	0	0	0
www.vill.nagano-shimojoson.lg.jp			2026-09-12	2026-09-12	0	0	2	0	0	0
www.vill.nagano-shimojoson.nagano.jp			2026-09-12	2026-09-12	0	0	2	0	0	0
www.vill.nagano-tenryu.jp			2026-09-12	2026-09-12	0	0	1	0	0	0
www.vill.nagano-tenryu.lg.jp			2026-09-12	2026-09-12	0	0	1	0	0	0
www.vill.nagano-tenryu.nagano.jp			2026-09-12	2026-09-12	0	0	1	0	0	0
www.vill.nagano-tenryumura.jp			2026-09-12	2026-09-12	0	0	1	0	0	0
www.vill.nagano-tenryumura.lg.jp			2026-09-12	2026-09-12	0	0	1	0	0	0
www.vill.nagano-tenryumura.nagano.jp			2026-09-12	2026-09-12	0	0	1	0	0	0
www.vill.nagano-tenryuson.jp			2026-09-12	2026-09-12	0	0	1	0	0	0
www.vill.nagano-tenryuson.lg.jp			2026-09-12	2026-09-12	0	0	1	0	0	0
www.vill.nagano-tenryuson.nagano.jp			2026-09-12	2026-09-12	0	0	1	0	0	0
www.vill.nagano-urugi.jp			2026-09-12	2026-09-12	0	0	1	0	0	0
www.vill.nagano-urugi.lg.jp			2026-09-12	2026-09-12	0	0	1	0	0	0
www.vill.nagano-urugi.nagano.jp			2026-09-12	2026-09-12	0	0	1	0	0	0
www.vill.nagano-urugimura.jp			2026-09-12	2026-09-12	0	0	1	0	0	0
www.vill.nagano-urugimura.lg.jp			2026-09-12	2026-09-12	0	0	1	0	0	0
www.vill.nagano-urugimura.nagano.jp			2026-09-12	2026-09-12	0	0	1	0	0	0
www.vill.nagano-urugison.jp			2026-09-12	2026-09-12	0	0	1	0	0	0
www.vill.nagano-urugison.lg.jp			2026-09-12	2026-09-12	0	0	1	0	0	0
www.vill.nagano-urugison.nagano.jp			2026-09-12	2026-09-12	0	0	1	0	0	0
www.vill.nakagawa.lg.jp			2026-09-12	2026-09-12	0	0	1	0	0	0
www.vill.nakajima.fukushima.jp			2026-09-12	2026-09-12	0	0	2	0	0	0
www.vill.nakajima.lg.jp			2026-09-12	2026-09-12	0	0	2	0	0	0
www.vill.nakajimamura.fukushima.jp			2026-09-12	2026-09-12	0	0	2	0	0	0
www.vill.nakajimamura.jp			2026-09-12	2026-09-12	0	0	2	0	0	0
www.vill.nakajimamura.lg.jp			2026-09-12	2026-09-12	0	0	2	0	0	0
www.vill.nakajimason.fukushima.jp			2026-09-12	2026-09-12	0	0	2	0	0	0
www.vill.nakajimason.jp			2026-09-12	2026-09-12	0	0	2	0	0	0
www.vill.nakajimason.lg.jp			2026-09-12	2026-09-12	0	0	2	0	0	0
www.vill.nammoku.gumma.jp			2026-09-12	2026-09-12	0	0	1	0	0	0
www.vill.nammoku.gunma.jp			2026-09-12	2026-09-12	0	0	1	0	0	0
www.vill.nammoku.jp			2026-09-12	2026-09-12	0	0	1	0	0	0
www.vill.nammoku.lg.jp			2026-09-12	2026-09-12	0	0	1	0	0	0
www.vill.nammokumura.gumma.jp			2026-09-12	2026-09-12	0	0	1	0	0	0
www.vill.nammokumura.gunma.jp			2026-09-12	2026-09-12	0	0	1	0	0	0
www.vill.nammokumura.jp			2026-09-12	2026-09-12	0	0	1	0	0	0
www.vill.nammokumura.lg.jp			2026-09-12	2026-09-12	0	0	1	0	0	0
www.vill.nammokuson.gumma.jp			2026-09-12	2026-09-12	0	0	1	0	0	0
www.vill.nammokuson.gunma.jp			2026-09-12	2026-09-12	0	0	1	0	0	0
www.vill.nammokuson.jp			2026-09-12	2026-09-12	0	0	1	0	0	0
www.vill.nammokuson.lg.jp			2026-09-12	2026-09-12	0	0	1	0	0	0
www.vill.nara-asuka.jp			2026-09-12	2026-09-12	0	0	1	0	0	0
www.vill.nara-asuka.lg.jp			2026-09-12	2026-09-12	0	0	1	0	0	0
www.vill.nara-asuka.nara.jp			2026-09-12	2026-09-12	0	0	1	0	0	0
www.vill.nara-asukamura.jp			2026-09-12	2026-09-12	0	0	1	0	0	0
www.vill.nara-asukamura.lg.jp			2026-09-12	2026-09-12	0	0	1	0	0	0
www.vill.nara-asukamura.nara.jp			2026-09-12	2026-09-12	0	0	1	0	0	0
www.vill.nara-asukason.jp			2026-09-12	2026-09-12	0	0	1	0	0	0
www.vill.nara-asukason.lg.jp			2026-09-12	2026-09-12	0	0	1	0	0	0
www.vill.nara-asukason.nara.jp			2026-09-12	2026-09-12	0	0	1	0	0	0
www.vill.narusawa.lg.jp			2026-09-12	2026-09-12	0	0	1	0	0	0
www.vill.neba.jp			2026-09-12	2026-09-12	0	0	1	0	0	0
www.vill.neba.lg.jp			2026-09-12	2026-09-12	0	0	1	0	0	0
www.vill.neba.nagano.jp			2026-09-12	2026-09-12	0	0	1	0	0	0
www.vill.nebamura.jp			2026-09-12	2026-09-12	0	0	1	0	0	0
www.vill.nebamura.lg.jp			2026-09-12	2026-09-12	0	0	1	0	0	0
www.vill.nebamura.nagano.jp			2026-09-12	2026-09-12	0	0	1	0	0	0
www.vill.nebason.jp			2026-09-12	2026-09-12	0	0	1	0	0	0
www.vill.nebason.lg.jp			2026-09-12	2026-09-12	0	0	1	0	0	0
www.vill.nebason.nagano.jp			2026-09-12	2026-09-12	0	0	1	0	0	0
www.vill.niigata-kariwa.jp			2026-09-12	2026-09-12	0	0	2	0	0	0
www.vill.niigata-kariwa.lg.jp			2026-09-12	2026-09-12	0	0	2	0	0	0
www.vill.niigata-kariwa.niigata.jp			2026-09-12	2026-09-12	0	0	2	0	0	0
www.vill.niigata-kariwamura.jp			2026-09-12	2026-09-12	0	0	2	0	0	0
www.vill.niigata-kariwamura.lg.jp			2026-09-12	2026-09-12	0	0	2	0	0	0
www.vill.niigata-kariwamura.niigata.jp			2026-09-12	2026-09-12	0	0	2	0	0	0
www.vill.niigata-kariwason.jp			2026-09-12	2026-09-12	0	0	2	0	0	0
www.vill.niigata-kariwason.lg.jp			2026-09-12	2026-09-12	0	0	2	0	0	0
www.vill.niigata-kariwason.niigata.jp			2026-09-12	2026-09-12	0	0	2	0	0	0
www.vill.niigata-sekikawa.jp			2026-09-12	2026-09-12	0	0	1	0	0	0
www.vill.niigata-sekikawa.lg.jp			2026-09-12	2026-09-12	0	0	1	0	0	0
www.vill.niigata-sekikawa.niigata.jp			2026-09-12	2026-09-12	0	0	1	0	0	0
www.vill.niigata-sekikawamura.jp			2026-09-12	2026-09-12	0	0	1	0	0	0
www.vill.niigata-sekikawamura.lg.jp			2026-09-12	2026-09-12	0	0	1	0	0	0
www.vill.niigata-sekikawamura.niigata.jp			2026-09-12	2026-09-12	0	0	1	0	0	0
www.vill.niigata-sekikawason.jp			2026-09-12	2026-09-12	0	0	1	0	0	0
www.vill.niigata-sekikawason.lg.jp			2026-09-12	2026-09-12	0	0	1	0	0	0
www.vill.niigata-sekikawason.niigata.jp			2026-09-12	2026-09-12	0	0	1	0	0	0
www.vill.niijima.jp			2026-09-11	2026-09-11	0	0	1	0	0	0
www.vill.niijima.lg.jp			2026-09-11	2026-09-11	0	0	1	0	0	0
www.vill.niijima.tokyo.jp			2026-09-11	2026-09-11	0	0	1	0	0	0
www.vill.niijimamura.jp			2026-09-11	2026-09-11	0	0	1	0	0	0
www.vill.niijimamura.lg.jp			2026-09-11	2026-09-11	0	0	1	0	0	0
www.vill.niijimamura.tokyo.jp			2026-09-11	2026-09-11	0	0	1	0	0	0
www.vill.niijimason.jp			2026-09-11	2026-09-11	0	0	1	0	0	0
www.vill.niijimason.lg.jp			2026-09-11	2026-09-11	0	0	1	0	0	0
www.vill.niijimason.tokyo.jp			2026-09-11	2026-09-11	0	0	1	0	0	0
www.vill.nijima.jp			2026-09-11	2026-09-11	0	0	1	0	0	0
www.vill.nijima.lg.jp			2026-09-11	2026-09-11	0	0	1	0	0	0
www.vill.nijima.tokyo.jp			2026-09-11	2026-09-11	0	0	1	0	0	0
www.vill.nijimamura.jp			2026-09-11	2026-09-11	0	0	1	0	0	0
www.vill.nijimamura.lg.jp			2026-09-11	2026-09-11	0	0	1	0	0	0
www.vill.nijimamura.tokyo.jp			2026-09-11	2026-09-11	0	0	1	0	0	0
www.vill.nijimason.jp			2026-09-11	2026-09-11	0	0	1	0	0	0
www.vill.nijimason.lg.jp			2026-09-11	2026-09-11	0	0	1	0	0	0
www.vill.nijimason.tokyo.jp			2026-09-11	2026-09-11	0	0	1	0	0	0
www.vill.nishigo.lg.jp			2026-09-12	2026-09-12	0	0	1	0	0	0
www.vill.nishihara.lg.jp			2026-09-20	2026-09-20	0	0	2	0	0	0
www.vill.nosegawa.lg.jp			2026-09-12	2026-09-12	0	0	1	0	0	0
www.vill.nozawaonsen.lg.jp			2026-09-12	2026-09-12	0	0	1	0	0	0
www.vill.ogasawara.lg.jp			2026-09-11	2026-09-11	0	0	1	0	0	0
www.vill.ogawa.lg.jp			2026-09-12	2026-09-12	0	0	1	0	0	0
www.vill.oita-himeshima.jp			2026-09-19	2026-09-19	0	0	8	0	0	0
www.vill.oita-himeshima.lg.jp			2026-09-19	2026-09-19	0	0	8	0	0	0
www.vill.oita-himeshima.oita.jp			2026-09-19	2026-09-19	0	0	8	0	0	0
www.vill.oita-himeshimamura.jp			2026-09-19	2026-09-19	0	0	8	0	0	0
www.vill.oita-himeshimamura.lg.jp			2026-09-19	2026-09-19	0	0	8	0	0	0
www.vill.oita-himeshimamura.oita.jp			2026-09-19	2026-09-19	0	0	8	0	0	0
www.vill.oita-himeshimason.jp			2026-09-19	2026-09-19	0	0	8	0	0	0
www.vill.oita-himeshimason.lg.jp			2026-09-19	2026-09-19	0	0	8	0	0	0
www.vill.oita-himeshimason.oita.jp			2026-09-19	2026-09-19	0	0	8	0	0	0
www.vill.omi.lg.jp			2026-09-12	2026-09-12	0	0	1	0	0	0
www.vill.oshika.jp			2026-09-12	2026-09-12	0	0	1	0	0	0
www.vill.oshika.lg.jp			2026-09-12	2026-09-12	0	0	1	0	0	0
www.vill.oshika.nagano.jp			2026-09-12	2026-09-12	0	0	1	0	0	0
www.vill.oshikamura.jp			2026-09-12	2026-09-12	0	0	1	0	0	0
www.vill.oshikamura.lg.jp			2026-09-12	2026-09-12	0	0	1	0	0	0
www.vill.oshikamura.nagano.jp			2026-09-12	2026-09-12	0	0	1	0	0	0
www.vill.oshikason.jp			2026-09-12	2026-09-12	0	0	1	0	0	0
www.vill.oshikason.lg.jp			2026-09-12	2026-09-12	0	0	1	0	0	0
www.vill.oshikason.nagano.jp			2026-09-12	2026-09-12	0	0	1	0	0	0
www.vill.otaki.lg.jp			2026-09-12	2026-09-12	0	0	1	0	0	0
www.vill.otama.lg.jp			2026-09-12	2026-09-12	0	0	1	0	0	0
www.vill.otari.lg.jp			2026-09-12	2026-09-12	0	0	1	0	0	0
www.vill.sakae.jp			2026-09-12	2026-09-12	0	0	1	0	0	0
www.vill.sakae.lg.jp			2026-09-12	2026-09-12	0	0	1	0	0	0
www.vill.sakaemura.jp			2026-09-12	2026-09-12	0	0	1	0	0	0
www.vill.sakaemura.lg.jp			2026-09-12	2026-09-12	0	0	1	0	0	0
www.vill.sakaemura.nagano.jp			2026-09-12	2026-09-12	0	0	1	0	0	0
www.vill.sakaeson.jp			2026-09-12	2026-09-12	0	0	1	0	0	0
www.vill.sakaeson.lg.jp			2026-09-12	2026-09-12	0	0	1	0	0	0
www.vill.sakaeson.nagano.jp			2026-09-12	2026-09-12	0	0	1	0	0	0
www.vill.samegawa.lg.jp			2026-09-12	2026-09-12	0	0	1	0	0	0
www.vill.sekikawa.jp			2026-09-12	2026-09-12	0	0	1	0	0	0
www.vill.sekikawa.lg.jp			2026-09-12	2026-09-12	0	0	2	0	0	0
www.vill.sekikawamura.jp			2026-09-12	2026-09-12	0	0	1	0	0	0
www.vill.sekikawamura.lg.jp			2026-09-12	2026-09-12	0	0	1	0	0	0
www.vill.sekikawamura.niigata.jp			2026-09-12	2026-09-12	0	0	1	0	0	0
www.vill.sekikawason.jp			2026-09-12	2026-09-12	0	0	1	0	0	0
www.vill.sekikawason.lg.jp			2026-09-12	2026-09-12	0	0	1	0	0	0
www.vill.sekikawason.niigata.jp			2026-09-12	2026-09-12	0	0	1	0	0	0
www.vill.shiiba.lg.jp			2026-09-20	2026-09-20	0	0	2	0	0	0
www.vill.shimojo.jp			2026-09-12	2026-09-12	0	0	2	0	0	0
www.vill.shimojo.lg.jp			2026-09-12	2026-09-12	0	0	2	0	0	0
www.vill.shimojo.nagano.jp			2026-09-12	2026-09-12	0	0	2	0	0	0
www.vill.shimojomura.jp			2026-09-12	2026-09-12	0	0	2	0	0	0
www.vill.shimojomura.lg.jp			2026-09-12	2026-09-12	0	0	2	0	0	0
www.vill.shimojomura.nagano.jp			2026-09-12	2026-09-12	0	0	2	0	0	0
www.vill.shimojoson.jp			2026-09-12	2026-09-12	0	0	2	0	0	0
www.vill.shimojoson.lg.jp			2026-09-12	2026-09-12	0	0	2	0	0	0
www.vill.shimojoson.nagano.jp			2026-09-12	2026-09-12	0	0	2	0	0	0
www.vill.shimokitayama.lg.jp			2026-09-12	2026-09-12	0	0	1	0	0	0
www.vill.shinto.gumma.jp			2026-09-12	2026-09-12	0	0	1	0	0	0
www.vill.shinto.jp			2026-09-12	2026-09-12	0	0	1	0	0	0
www.vill.shinto.lg.jp			2026-09-12	2026-09-12	0	0	1	0	0	0
www.vill.shintomura.gumma.jp			2026-09-12	2026-09-12	0	0	1	0	0	0
www.vill.shintomura.jp			2026-09-12	2026-09-12	0	0	1	0	0	0
www.vill.shintomura.lg.jp			2026-09-12	2026-09-12	0	0	1	0	0	0
www.vill.shintoson.gumma.jp			2026-09-12	2026-09-12	0	0	1	0	0	0
www.vill.shintoson.jp			2026-09-12	2026-09-12	0	0	1	0	0	0
www.vill.shintoson.lg.jp			2026-09-12	2026-09-12	0	0	1	0	0	0
www.vill.showa.gumma.jp			2026-09-12	2026-09-12	0	0	1	0	0	0
www.vill.showa.jp			2026-09-12	2026-09-12	0	0	1	0	0	0
www.vill.showa.lg.jp			2026-09-12	2026-09-12	0	0	1	0	0	0
www.vill.showamura.gumma.jp			2026-09-12	2026-09-12	0	0	1	0	0	0
www.vill.showamura.jp			2026-09-12	2026-09-12	0	0	1	0	0	0
www.vill.showamura.lg.jp			2026-09-12	2026-09-12	0	0	1	0	0	0
www.vill.showason.gumma.jp			2026-09-12	2026-09-12	0	0	1	0	0	0
www.vill.showason.jp			2026-09-12	2026-09-12	0	0	1	0	0	0
www.vill.showason.lg.jp			2026-09-12	2026-09-12	0	0	1	0	0	0
www.vill.soni.lg.jp			2026-09-12	2026-09-12	0	0	1	0	0	0
www.vill.tabayama.lg.jp			2026-09-12	2026-09-12	0	0	1	0	0	0
www.vill.takayama.gumma.jp			2026-09-12	2026-09-12	0	0	1	0	0	0
www.vill.takayama.jp			2026-09-12	2026-09-12	0	0	1	0	0	0
www.vill.takayama.lg.jp			2026-09-12	2026-09-12	0	0	1	0	0	0
www.vill.takayamamura.gumma.jp			2026-09-12	2026-09-12	0	0	1	0	0	0
www.vill.takayamamura.jp			2026-09-12	2026-09-12	0	0	1	0	0	0
www.vill.takayamamura.lg.jp			2026-09-12	2026-09-12	0	0	1	0	0	0
www.vill.takayamason.gumma.jp			2026-09-12	2026-09-12	0	0	1	0	0	0
www.vill.takayamason.jp			2026-09-12	2026-09-12	0	0	1	0	0	0
www.vill.takayamason.lg.jp			2026-09-12	2026-09-12	0	0	1	0	0	0
www.vill.tamakawa.lg.jp			2026-09-12	2026-09-12	0	0	1	0	0	0
www.vill.tenei.lg.jp			2026-09-12	2026-09-12	0	0	1	0	0	0
www.vill.tenkawa.lg.jp			2026-09-12	2026-09-12	0	0	1	0	0	0
www.vill.tenryu.jp			2026-09-12	2026-09-12	0	0	1	0	0	0
www.vill.tenryu.lg.jp			2026-09-12	2026-09-12	0	0	1	0	0	0
www.vill.tenryu.nagano.jp			2026-09-12	2026-09-12	0	0	1	0	0	0
www.vill.tenryumura.jp			2026-09-12	2026-09-12	0	0	1	0	0	0
www.vill.tenryumura.lg.jp			2026-09-12	2026-09-12	0	0	1	0	0	0
www.vill.tenryumura.nagano.jp			2026-09-12	2026-09-12	0	0	1	0	0	0
www.vill.tenryuson.jp			2026-09-12	2026-09-12	0	0	1	0	0	0
www.vill.tenryuson.lg.jp			2026-09-12	2026-09-12	0	0	1	0	0	0
www.vill.tenryuson.nagano.jp			2026-09-12	2026-09-12	0	0	1	0	0	0
www.vill.tobishima.lg.jp			2026-09-08	2026-09-08	0	0	1	0	0	0
www.vill.toho.fukuoka.jp			2026-09-19	2026-09-19	0	0	8	0	0	0
www.vill.toho.jp			2026-09-19	2026-09-19	0	0	8	0	0	0
www.vill.toho.lg.jp			2026-09-19	2026-09-19	0	0	8	0	0	0
www.vill.tohomura.fukuoka.jp			2026-09-19	2026-09-19	0	0	8	0	0	0
www.vill.tohomura.jp			2026-09-19	2026-09-19	0	0	8	0	0	0
www.vill.tohomura.lg.jp			2026-09-19	2026-09-19	0	0	8	0	0	0
www.vill.tohoson.fukuoka.jp			2026-09-19	2026-09-19	0	0	8	0	0	0
www.vill.tohoson.jp			2026-09-19	2026-09-19	0	0	8	0	0	0
www.vill.tohoson.lg.jp			2026-09-19	2026-09-19	0	0	8	0	0	0
www.vill.tokai.lg.jp			2026-09-07	2026-09-07	0	0	1	0	0	0
www.vill.tokyo-kozushima.jp			2026-09-11	2026-09-11	0	0	1	0	0	0
www.vill.tokyo-kozushima.lg.jp			2026-09-11	2026-09-11	0	0	1	0	0	0
www.vill.tokyo-kozushima.tokyo.jp			2026-09-11	2026-09-11	0	0	1	0	0	0
www.vill.tokyo-kozushimamura.jp			2026-09-11	2026-09-11	0	0	1	0	0	0
www.vill.tokyo-kozushimamura.lg.jp			2026-09-11	2026-09-11	0	0	1	0	0	0
www.vill.tokyo-kozushimamura.tokyo.jp			2026-09-11	2026-09-11	0	0	1	0	0	0
www.vill.tokyo-kozushimason.jp			2026-09-11	2026-09-11	0	0	1	0	0	0
www.vill.tokyo-kozushimason.lg.jp			2026-09-11	2026-09-11	0	0	1	0	0	0
www.vill.tokyo-kozushimason.tokyo.jp			2026-09-11	2026-09-11	0	0	1	0	0	0
www.vill.tokyo-mikurajima.jp			2026-09-11	2026-09-11	0	0	1	0	0	0
www.vill.tokyo-mikurajima.lg.jp			2026-09-11	2026-09-11	0	0	1	0	0	0
www.vill.tokyo-mikurajima.tokyo.jp			2026-09-11	2026-09-11	0	0	1	0	0	0
www.vill.tokyo-mikurajimamura.jp			2026-09-11	2026-09-11	0	0	1	0	0	0
www.vill.tokyo-mikurajimamura.lg.jp			2026-09-11	2026-09-11	0	0	1	0	0	0
www.vill.tokyo-mikurajimamura.tokyo.jp			2026-09-11	2026-09-11	0	0	1	0	0	0
www.vill.tokyo-mikurajimason.jp			2026-09-11	2026-09-11	0	0	1	0	0	0
www.vill.tokyo-mikurajimason.lg.jp			2026-09-11	2026-09-11	0	0	1	0	0	0
www.vill.tokyo-mikurajimason.tokyo.jp			2026-09-11	2026-09-11	0	0	1	0	0	0
www.vill.tokyo-niijima.jp			2026-09-11	2026-09-11	0	0	1	0	0	0
www.vill.tokyo-niijima.lg.jp			2026-09-11	2026-09-11	0	0	1	0	0	0
www.vill.tokyo-niijima.tokyo.jp			2026-09-11	2026-09-11	0	0	1	0	0	0
www.vill.tokyo-niijimamura.jp			2026-09-11	2026-09-11	0	0	1	0	0	0
www.vill.tokyo-niijimamura.lg.jp			2026-09-11	2026-09-11	0	0	1	0	0	0
www.vill.tokyo-niijimamura.tokyo.jp			2026-09-11	2026-09-11	0	0	1	0	0	0
www.vill.tokyo-niijimason.jp			2026-09-11	2026-09-11	0	0	1	0	0	0
www.vill.tokyo-niijimason.lg.jp			2026-09-11	2026-09-11	0	0	1	0	0	0
www.vill.tokyo-niijimason.tokyo.jp			2026-09-11	2026-09-11	0	0	1	0	0	0
www.vill.tokyo-nijima.jp			2026-09-11	2026-09-11	0	0	1	0	0	0
www.vill.tokyo-nijima.lg.jp			2026-09-11	2026-09-11	0	0	1	0	0	0
www.vill.tokyo-nijima.tokyo.jp			2026-09-11	2026-09-11	0	0	1	0	0	0
www.vill.tokyo-nijimamura.jp			2026-09-11	2026-09-11	0	0	1	0	0	0
www.vill.tokyo-nijimamura.lg.jp			2026-09-11	2026-09-11	0	0	1	0	0	0
www.vill.tokyo-nijimamura.tokyo.jp			2026-09-11	2026-09-11	0	0	1	0	0	0
www.vill.tokyo-nijimason.jp			2026-09-11	2026-09-11	0	0	1	0	0	0
www.vill.tokyo-nijimason.lg.jp			2026-09-11	2026-09-11	0	0	1	0	0	0
www.vill.tokyo-nijimason.tokyo.jp			2026-09-11	2026-09-11	0	0	1	0	0	0
www.vill.tokyo-toshima.jp			2026-09-11	2026-09-11	0	0	1	0	0	0
www.vill.tokyo-toshima.lg.jp			2026-09-11	2026-09-11	0	0	1	0	0	0
www.vill.tokyo-toshima.tokyo.jp			2026-09-11	2026-09-11	0	0	1	0	0	0
www.vill.tokyo-toshimamura.jp			2026-09-11	2026-09-11	0	0	1	0	0	0
www.vill.tokyo-toshimamura.lg.jp			2026-09-11	2026-09-11	0	0	1	0	0	0
www.vill.tokyo-toshimamura.tokyo.jp			2026-09-11	2026-09-11	0	0	1	0	0	0
www.vill.tokyo-toshimason.jp			2026-09-11	2026-09-11	0	0	1	0	0	0
www.vill.tokyo-toshimason.lg.jp			2026-09-11	2026-09-11	0	0	1	0	0	0
www.vill.tokyo-toshimason.tokyo.jp			2026-09-11	2026-09-11	0	0	1	0	0	0
www.vill.toshima.jp			2026-09-11	2026-09-20	0	0	5	0	0	0
www.vill.toshima.kagoshima.jp			2026-09-20	2026-09-20	0	0	4	0	0	0
www.vill.toshima.lg.jp			2026-09-11	2026-09-20	0	0	5	0	0	0
www.vill.toshima.tokyo.jp			2026-09-11	2026-09-11	0	0	1	0	0	0
www.vill.toshimamura.jp			2026-09-11	2026-09-20	0	0	5	0	0	0
www.vill.toshimamura.kagoshima.jp			2026-09-20	2026-09-20	0	0	4	0	0	0
www.vill.toshimamura.lg.jp			2026-09-11	2026-09-20	0	0	5	0	0	0
www.vill.toshimamura.tokyo.jp			2026-09-11	2026-09-11	0	0	1	0	0	0
www.vill.toshimason.jp			2026-09-11	2026-09-20	0	0	5	0	0	0
www.vill.toshimason.kagoshima.jp			2026-09-20	2026-09-20	0	0	4	0	0	0
www.vill.toshimason.lg.jp			2026-09-11	2026-09-20	0	0	5	0	0	0
www.vill.toshimason.tokyo.jp			2026-09-11	2026-09-11	0	0	1	0	0	0
www.vill.toyone.lg.jp			2026-09-08	2026-09-08	0	0	1	0	0	0
www.vill.toyooka.jp			2026-09-12	2026-09-12	0	0	1	0	0	0
www.vill.toyooka.lg.jp			2026-09-12	2026-09-12	0	0	1	0	0	0
www.vill.toyooka.nagano.jp			2026-09-12	2026-09-12	0	0	1	0	0	0
www.vill.tsumagoi.gumma.jp			2026-09-12	2026-09-12	0	0	1	0	0	0
www.vill.tsumagoi.jp			2026-09-12	2026-09-12	0	0	1	0	0	0
www.vill.tsumagoi.lg.jp			2026-09-12	2026-09-12	0	0	1	0	0	0
www.vill.tsumagoimura.gumma.jp			2026-09-12	2026-09-12	0	0	1	0	0	0
www.vill.tsumagoimura.jp			2026-09-12	2026-09-12	0	0	1	0	0	0
www.vill.tsumagoimura.lg.jp			2026-09-12	2026-09-12	0	0	1	0	0	0
www.vill.tsumagoison.gumma.jp			2026-09-12	2026-09-12	0	0	1	0	0	0
www.vill.tsumagoison.jp			2026-09-12	2026-09-12	0	0	1	0	0	0
www.vill.tsumagoison.lg.jp			2026-09-12	2026-09-12	0	0	1	0	0	0
www.vill.ubuyama.jp			2026-09-20	2026-09-20	0	0	4	0	0	0
www.vill.ubuyama.kumamoto.jp			2026-09-20	2026-09-20	0	0	4	0	0	0
www.vill.ubuyama.lg.jp			2026-09-20	2026-09-20	0	0	4	0	0	0
www.vill.ubuyamamura.jp			2026-09-20	2026-09-20	0	0	4	0	0	0
www.vill.ubuyamamura.kumamoto.jp			2026-09-20	2026-09-20	0	0	4	0	0	0
www.vill.ubuyamamura.lg.jp			2026-09-20	2026-09-20	0	0	4	0	0	0
www.vill.ubuyamason.jp			2026-09-20	2026-09-20	0	0	4	0	0	0
www.vill.ubuyamason.kumamoto.jp			2026-09-20	2026-09-20	0	0	4	0	0	0
www.vill.ubuyamason.lg.jp			2026-09-20	2026-09-20	0	0	4	0	0	0
www.vill.ueno.gumma.jp			2026-09-12	2026-09-12	0	0	1	0	0	0
www.vill.ueno.gunma.jp			2026-09-12	2026-09-12	0	0	1	0	0	0
www.vill.ueno.jp			2026-09-12	2026-09-12	0	0	1	0	0	0
www.vill.ueno.lg.jp			2026-09-12	2026-09-12	0	0	1	0	0	0
www.vill.uenomura.gumma.jp			2026-09-12	2026-09-12	0	0	1	0	0	0
www.vill.uenomura.gunma.jp			2026-09-12	2026-09-12	0	0	1	0	0	0
www.vill.uenomura.jp			2026-09-12	2026-09-12	0	0	1	0	0	0
www.vill.uenomura.lg.jp			2026-09-12	2026-09-12	0	0	1	0	0	0
www.vill.uenoson.gumma.jp			2026-09-12	2026-09-12	0	0	1	0	0	0
www.vill.uenoson.gunma.jp			2026-09-12	2026-09-12	0	0	1	0	0	0
www.vill.uenoson.jp			2026-09-12	2026-09-12	0	0	1	0	0	0
www.vill.uenoson.lg.jp			2026-09-12	2026-09-12	0	0	1	0	0	0
www.vill.uken.kagoshima.jp			2026-09-20	2026-09-20	0	0	8	0	0	0
www.vill.uken.lg.jp			2026-09-20	2026-09-20	0	0	8	0	0	0
www.vill.ukenmura.jp			2026-09-20	2026-09-20	0	0	8	0	0	0
www.vill.ukenmura.kagoshima.jp			2026-09-20	2026-09-20	0	0	8	0	0	0
www.vill.ukenmura.lg.jp			2026-09-20	2026-09-20	0	0	8	0	0	0
www.vill.ukenson.jp			2026-09-20	2026-09-20	0	0	8	0	0	0
www.vill.ukenson.kagoshima.jp			2026-09-20	2026-09-20	0	0	8	0	0	0
www.vill.ukenson.lg.jp			2026-09-20	2026-09-20	0	0	8	0	0	0
www.vill.urugi.jp			2026-09-12	2026-09-12	0	0	1	0	0	0
www.vill.urugi.lg.jp			2026-09-12	2026-09-12	0	0	1	0	0	0
www.vill.urugi.nagano.jp			2026-09-12	2026-09-12	0	0	1	0	0	0
www.vill.urugimura.jp			2026-09-12	2026-09-12	0	0	1	0	0	0
www.vill.urugimura.lg.jp			2026-09-12	2026-09-12	0	0	1	0	0	0
www.vill.urugimura.nagano.jp			2026-09-12	2026-09-12	0	0	1	0	0	0
www.vill.urugison.jp			2026-09-12	2026-09-12	0	0	1	0	0	0
www.vill.urugison.lg.jp			2026-09-12	2026-09-12	0	0	1	0	0	0
www.vill.urugison.nagano.jp			2026-09-12	2026-09-12	0	0	1	0	0	0
www.vill.yahiko.lg.jp			2026-09-12	2026-09-12	0	0	1	0	0	0
www.vill.yamagata.lg.jp			2026-09-12	2026-09-12	0	0	1	0	0	0
www.vill.yamanashi-doshi.jp			2026-09-12	2026-09-12	0	0	1	0	0	0
www.vill.yamanashi-doshi.lg.jp			2026-09-12	2026-09-12	0	0	1	0	0	0
www.vill.yamanashi-doshi.yamanashi.jp			2026-09-12	2026-09-12	0	0	1	0	0	0
www.vill.yamanashi-doshimura.jp			2026-09-12	2026-09-12	0	0	1	0	0	0
www.vill.yamanashi-doshimura.lg.jp			2026-09-12	2026-09-12	0	0	1	0	0	0
www.vill.yamanashi-doshimura.yamanashi.jp			2026-09-12	2026-09-12	0	0	1	0	0	0
www.vill.yamanashi-doshison.jp			2026-09-12	2026-09-12	0	0	1	0	0	0
www.vill.yamanashi-doshison.lg.jp			2026-09-12	2026-09-12	0	0	1	0	0	0
www.vill.yamanashi-doshison.yamanashi.jp			2026-09-12	2026-09-12	0	0	1	0	0	0
www.vill.yamanashi-kosuge.jp			2026-09-12	2026-09-12	0	0	1	0	0	0
www.vill.yamanashi-kosuge.lg.jp			2026-09-12	2026-09-12	0	0	1	0	0	0
www.vill.yamanashi-kosuge.yamanashi.jp			2026-09-12	2026-09-12	0	0	1	0	0	0
www.vill.yamanashi-kosugemura.jp			2026-09-12	2026-09-12	0	0	1	0	0	0
www.vill.yamanashi-kosugemura.lg.jp			2026-09-12	2026-09-12	0	0	1	0	0	0
www.vill.yamanashi-kosugemura.yamanashi.jp			2026-09-12	2026-09-12	0	0	1	0	0	0
www.vill.yamanashi-kosugeson.jp			2026-09-12	2026-09-12	0	0	1	0	0	0
www.vill.yamanashi-kosugeson.lg.jp			2026-09-12	2026-09-12	0	0	1	0	0	0
www.vill.yamanashi-kosugeson.yamanashi.jp			2026-09-12	2026-09-12	0	0	1	0	0	0
www.vill.yamazoe.lg.jp			2026-09-12	2026-09-12	0	0	1	0	0	0
www.vill.yasuoka.lg.jp			2026-09-12	2026-09-12	0	0	1	0	0	0
www.vill.yugawa.lg.jp			2026-09-12	2026-09-12	0	0	1	0	0	0
